
Fatbin elf code:
================
arch = sm_120
code version = [1,8]
host = windows
compile_size = 64bit
identifier = S:/kernel-lane/kernels/src/register_tiled_gemm_TMA_B.cu 

	code for sm_120
	.target	sm_120


Fatbin elf code:
================
arch = sm_120
code version = [1,8]
host = windows
compile_size = 64bit
identifier = S:/kernel-lane/kernels/src/register_tiled_gemm_TMA_B.cu

	code for sm_120
	.target	sm_120

		Function : _Z19register_tiled_gemmILb0ELb0EEvPKfS1_PfiiiPK14CUtensorMap_st
	.headerflags	@"EF_CUDA_SM120 EF_CUDA_VIRTUAL_SM(EF_CUDA_SM120)"
        /*0000*/                   LDC R1, c[0x0][0x37c] ;                              /* 0x0000df00ff017b82 */
                                                                                        /* 0x000fe20000000800 */
        /*0010*/                   S2R R3, SR_TID.X ;                                   /* 0x0000000000037919 */
                                                                                        /* 0x000e2e0000002100 */
        /*0020*/                   LDC R18, c[0x0][0x3a0] ;                             /* 0x0000e800ff127b82 */
                                                                                        /* 0x000e620000000800 */
        /*0030*/                   UMOV UR4, 0x100 ;                                    /* 0x0000010000047882 */
                                                                                        /* 0x000fe20000000000 */
        /*0040*/                   LDCU.64 UR14, c[0x0][0x358] ;                        /* 0x00006b00ff0e77ac */
                                                                                        /* 0x000ea20008000a00 */
        /*0050*/                   S2R R0, SR_TID.Y ;                                   /* 0x0000000000007919 */
                                                                                        /* 0x000e220000002200 */
        /*0060*/                   HFMA2 R36, -RZ, RZ, 0, 0 ;                           /* 0x00000000ff247431 */
                                                                                        /* 0x000fe200000001ff */
        /*0070*/                   CS2R R28, SRZ ;                                      /* 0x00000000001c7805 */
                                                                                        /* 0x000fe2000001ff00 */
        /*0080*/                   HFMA2 R32, -RZ, RZ, 0, 0 ;                           /* 0x00000000ff207431 */
                                                                                        /* 0x000fe200000001ff */
        /*0090*/                   CS2R R26, SRZ ;                                      /* 0x00000000001a7805 */
                                                                                        /* 0x000fe2000001ff00 */
        /*00a0*/                   HFMA2 R19, -RZ, RZ, 0, 0 ;                           /* 0x00000000ff137431 */
                                                                                        /* 0x000fe200000001ff */
        /*00b0*/                   MOV R34, RZ ;                                        /* 0x000000ff00227202 */
                                                                                        /* 0x000fe20000000f00 */
        /*00c0*/                   CS2R R24, SRZ ;                                      /* 0x0000000000187805 */
                                                                                        /* 0x000fe2000001ff00 */
        /*00d0*/                   MOV R30, RZ ;                                        /* 0x000000ff001e7202 */
                                                                                        /* 0x000fe20000000f00 */
        /*00e0*/                   CS2R R22, SRZ ;                                      /* 0x0000000000167805 */
                                                                                        /* 0x000fe2000001ff00 */
        /*00f0*/                   CS2R R20, SRZ ;                                      /* 0x0000000000147805 */
                                                                                        /* 0x000fe2000001ff00 */
        /*0100*/                   MOV R17, RZ ;                                        /* 0x000000ff00117202 */
                                                                                        /* 0x000fe20000000f00 */
        /*0110*/                   IMAD R5, R0, 0x10, R3 ;                              /* 0x0000001000057824 */
                                                                                        /* 0x001fca00078e0203 */
        /*0120*/                   ISETP.NE.U32.AND P0, PT, R5, RZ, PT ;                /* 0x000000ff0500720c */
                                                                                        /* 0x000fda0003f05070 */
        /*0130*/              @!P0 S2R R7, SR_CgaCtaId ;                                /* 0x0000000000078919 */
                                                                                        /* 0x000e220000008800 */
        /*0140*/              @!P0 MOV R2, 0x400 ;                                      /* 0x0000040000028802 */
                                                                                        /* 0x000fe20000000f00 */
        /*0150*/                   VOTEU.ALL UP0, P0 ;                                  /* 0x0000000000ff7886 */
                                                                                        /* 0x000fc80000000000 */
        /*0160*/              @!P0 IADD R2, R2, 0x2000 ;                                /* 0x0000200002028835 */
                                                                                        /* 0x000fe200078e0000 */
        /*0170*/                   @!UP0 UIADD3 UR4, UPT, UPT, -UR4, 0x100000, URZ ;    /* 0x0010000004048890 */
                                                                                        /* 0x000fc8000fffe1ff */
        /*0180*/                   @!UP0 USHF.L.U32 UR5, UR4, 0xb, URZ ;                /* 0x0000000b04058899 */
                                                                                        /* 0x000fe200080006ff */
        /*0190*/                   @!UP0 USHF.L.U32 UR4, UR4, 0x1, URZ ;                /* 0x0000000104048899 */
                                                                                        /* 0x000fe200080006ff */
        /*01a0*/                   VOTEU.ALL UP0, P0 ;                                  /* 0x0000000000ff7886 */
                                                                                        /* 0x000fe20000000000 */
        /*01b0*/              @!P0 LEA R2, R7, R2, 0x18 ;                               /* 0x0000000207028211 */
                                                                                        /* 0x001fc800078ec0ff */
        /*01c0*/              @!P0 R2UR UR6, R2 ;                                       /* 0x00000000020682ca */
                                                                                        /* 0x000fe200000e0000 */
        /*01d0*/                   ISETP.GE.AND P0, PT, R18, 0x1, PT ;                  /* 0x000000011200780c */
                                                                                        /* 0x002fd80003f06270 */
        /*01e0*/                   @!UP0 SYNCS.EXCH.64 URZ, [UR6], UR4 ;                /* 0x0000000406ff85b2 */
                                                                                        /* 0x0000640008000100 */
        /*01f0*/                   BAR.SYNC.DEFER_BLOCKING 0x0 ;                        /* 0x0000000000007b1d */
                                                                                        /* 0x002fec0000010000 */
        /*0200*/              @!P0 BRA 0x1410 ;                                         /* 0x0000001000808947 */
                                                                                        /* 0x000fea0003800000 */
        /*0210*/                   S2R R9, SR_CTAID.X ;                                 /* 0x0000000000097919 */
                                                                                        /* 0x000e620000002500 */
        /*0220*/                   S2UR UR6, SR_CgaCtaId ;                              /* 0x00000000000679c3 */
                                                                                        /* 0x001e220000008800 */
        /*0230*/                   IMAD.SHL.U32 R16, R3, 0x4, RZ ;                      /* 0x0000000403107824 */
                                                                                        /* 0x000fe200078e00ff */
        /*0240*/                   UMOV UR5, 0x400 ;                                    /* 0x0000040000057882 */
                                                                                        /* 0x000fe20000000000 */
        /*0250*/                   IMAD.SHL.U32 R6, R5.reuse, 0x10, RZ ;                /* 0x0000001005067824 */
                                                                                        /* 0x040fe200078e00ff */
        /*0260*/                   LOP3.LUT R4, R5, 0x7ffc, RZ, 0xc0, !PT ;             /* 0x00007ffc05047812 */
                                                                                        /* 0x000fe200078ec0ff */
        /*0270*/                   IMAD.SHL.U32 R7, R3.reuse, 0x10, RZ ;                /* 0x0000001003077824 */
                                                                                        /* 0x040fe200078e00ff */
        /*0280*/                   LOP3.LUT R2, R16, 0x3c, RZ, 0xc0, !PT ;              /* 0x0000003c10027812 */
                                                                                        /* 0x000fe200078ec0ff */
        /*0290*/                   IMAD.SHL.U32 R8, R3, 0x400, RZ ;                     /* 0x0000040003087824 */
                                                                                        /* 0x000fe200078e00ff */
        /*02a0*/                   S2UR UR4, SR_CTAID.Y ;                               /* 0x00000000000479c3 */
                                                                                        /* 0x000ee20000002600 */
        /*02b0*/                   LOP3.LUT P1, RZ, R18, 0xf, RZ, 0xc0, !PT ;           /* 0x0000000f12ff7812 */
                                                                                        /* 0x000fc4000782c0ff */
        /*02c0*/                   LOP3.LUT R6, R6, 0x7ff00, RZ, 0xc0, !PT ;            /* 0x0007ff0006067812 */
                                                                                        /* 0x000fe400078ec0ff */
        /*02d0*/                   LOP3.LUT R7, R7, 0xf0, RZ, 0xc0, !PT ;               /* 0x000000f007077812 */
                                                                                        /* 0x000fe200078ec0ff */
        /*02e0*/                   MOV R29, RZ ;                                        /* 0x000000ff001d7202 */
                                                                                        /* 0x000fe40000000f00 */
        /*02f0*/                   LDC R11, c[0x0][0x39c] ;                             /* 0x0000e700ff0b7b82 */
                                                                                        /* 0x000f220000000800 */
        /*0300*/                   LOP3.LUT R16, R16, 0xc, RZ, 0xc0, !PT ;              /* 0x0000000c10107812 */
                                                                                        /* 0x000fe200078ec0ff */
        /*0310*/                   ULEA UR7, UR6, UR5, 0x18 ;                           /* 0x0000000506077291 */
                                                                                        /* 0x001fe2000f8ec0ff */
        /*0320*/                   UIADD3 UR5, UPT, UPT, UR5, 0x1000, URZ ;             /* 0x0000100005057890 */
                                                                                        /* 0x000fc8000fffe0ff */
        /*0330*/                   ULEA UR5, UR6, UR5, 0x18 ;                           /* 0x0000000506057291 */
                                                                                        /* 0x000fe2000f8ec0ff */
        /*0340*/                   IMAD R2, R9.reuse, 0x40, R2 ;                        /* 0x0000004009027824 */
                                                                                        /* 0x042fe200078e0202 */
        /*0350*/                   USHF.L.U32 UR4, UR4, 0x6, URZ ;                      /* 0x0000000604047899 */
                                                                                        /* 0x008fe200080006ff */
        /*0360*/                   LEA R10, R9, 0x40, 0x6 ;                             /* 0x00000040090a7811 */
                                                                                        /* 0x000fe400078e30ff */
        /*0370*/                   LOP3.LUT R9, R8, 0xc00, RZ, 0xc0, !PT ;              /* 0x00000c0008097812 */
                                                                                        /* 0x000fe400078ec0ff */
        /*0380*/                   IADD3 R6, PT, PT, R7, UR5, R6 ;                      /* 0x0000000507067c10 */
                                                                                        /* 0x000fe4000fffe006 */
        /*0390*/                   LEA.HI R5, R5, UR4, RZ, 0x1e ;                       /* 0x0000000405057c11 */
                                                                                        /* 0x000fe2000f8ff0ff */
        /*03a0*/                   UMOV UR4, URZ ;                                      /* 0x000000ff00047c82 */
                                                                                        /* 0x000fe20008000000 */
        /*03b0*/                   IADD3 R4, PT, PT, R9, UR7, R4 ;                      /* 0x0000000709047c10 */
                                                                                        /* 0x000fe2000fffe004 */
        /*03c0*/                   ISETP.LE.AND P1, PT, R10, R11, !P1 ;                 /* 0x0000000b0a00720c */
                                                                                        /* 0x010fe20004f23270 */
        /*03d0*/                   MOV R7, RZ ;                                         /* 0x000000ff00077202 */
                                                                                        /* 0x000fe20000000f00 */
        /*03e0*/                   IMAD R18, R5, R18, RZ ;                              /* 0x0000001205127224 */
                                                                                        /* 0x004fd600078e02ff */
        /*03f0*/                   LDCU UR7, c[0x0][0x3a0] ;                            /* 0x00007400ff0777ac */
                                                                                        /* 0x001e220008000800 */
        /*0400*/                   IADD R15, R16, UR4 ;                                 /* 0x00000004100f7c35 */
                                                                                        /* 0x006fe2000f8e0000 */
        /*0410*/                   BSSY.RECONVERGENT B0, 0x820 ;                        /* 0x0000040000007945 */
                                                                                        /* 0x000fe20003800200 */
        /*0420*/                   LDCU UR5, c[0x0][0x398] ;                            /* 0x00007300ff0577ac */
                                                                                        /* 0x000e660008000800 */
        /*0430*/                   IADD R8, R15, 0x3 ;                                  /* 0x000000030f087835 */
                                                                                        /* 0x000fe200078e0000 */
        /*0440*/                   UMOV UR11, UR4 ;                                     /* 0x00000004000b7c82 */
                                                                                        /* 0x000fc80008000000 */
        /*0450*/                   ISETP.GE.AND P0, PT, R8, UR7, PT ;                   /* 0x0000000708007c0c */
                                                                                        /* 0x001fe2000bf06270 */
        /*0460*/                   ISETP.GE.AND P3, PT, R5, UR5, PT ;                   /* 0x0000000505007c0c */
                                                                                        /* 0x002fc8000bf66270 */
        /*0470*/                   ISETP.GE.OR P2, PT, R5, UR5, P0 ;                    /* 0x0000000505007c0c */
                                                                                        /* 0x000fe20008746670 */
        /*0480*/                   UIADD3 UR5, UPT, UPT, UR4, 0x10, URZ ;               /* 0x0000001004057890 */
                                                                                        /* 0x000fce000fffe0ff */
        /*0490*/                   UMOV UR4, UR5 ;                                      /* 0x0000000500047c82 */
                                                                                        /* 0x000fca0008000000 */
        /*04a0*/               @P2 BRA 0x570 ;                                          /* 0x0000000000302947 */
                                                                                        /* 0x018fea0003800000 */
        /*04b0*/                   LDC.64 R8, c[0x0][0x380] ;                           /* 0x0000e000ff087b82 */
                                                                                        /* 0x000e220000000a00 */
        /*04c0*/                   IADD R15, R18, R15 ;                                 /* 0x0000000f120f7235 */
                                                                                        /* 0x000fca00078e0000 */
        /*04d0*/                   IMAD.WIDE.U32 R8, R15, 0x4, R8 ;                     /* 0x000000040f087825 */
                                                                                        /* 0x001fca00078e0008 */
        /*04e0*/                   LDG.E.CONSTANT R11, desc[UR14][R8.64] ;              /* 0x0000000e080b7981 */
                                                                                        /* 0x000ea8000c1e9900 */
        /*04f0*/                   LDG.E.CONSTANT R13, desc[UR14][R8.64+0x4] ;          /* 0x0000040e080d7981 */
                                                                                        /* 0x000ee8000c1e9900 */
        /*0500*/                   LDG.E.CONSTANT R15, desc[UR14][R8.64+0x8] ;          /* 0x0000080e080f7981 */
                                                                                        /* 0x000f28000c1e9900 */
        /*0510*/                   LDG.E.CONSTANT R31, desc[UR14][R8.64+0xc] ;          /* 0x00000c0e081f7981 */
                                                                                        /* 0x000f68000c1e9900 */
        /*0520*/                   STS [R4], R11 ;                                      /* 0x0000000b04007388 */
                                                                                        /* 0x0041e80000000800 */
        /*0530*/                   STS [R4+0x100], R13 ;                                /* 0x0001000d04007388 */
                                                                                        /* 0x0081e80000000800 */
        /*0540*/                   STS [R4+0x200], R15 ;                                /* 0x0002000f04007388 */
                                                                                        /* 0x0101e80000000800 */
        /*0550*/                   STS [R4+0x300], R31 ;                                /* 0x0003001f04007388 */
                                                                                        /* 0x0201e20000000800 */
        /*0560*/                   BRA 0x800 ;                                          /* 0x0000000000a47947 */
                                                                                        /* 0x000fea0003800000 */
        /*0570*/               @P3 BRA 0x750 ;                                          /* 0x0000000000743947 */
                                                                                        /* 0x000fea0003800000 */
        /*0580*/                   ISETP.GE.AND P2, PT, R15, UR7, PT ;                  /* 0x000000070f007c0c */
                                                                                        /* 0x000fe2000bf46270 */
        /*0590*/                   LDCU.64 UR8, c[0x0][0x380] ;                         /* 0x00007000ff0877ac */
                                                                                        /* 0x000e220008000a00 */
        /*05a0*/                   MOV R10, R18 ;                                       /* 0x00000012000a7202 */
                                                                                        /* 0x000fe20000000f00 */
        /*05b0*/                   HFMA2 R11, -RZ, RZ, 0, 0 ;                           /* 0x00000000ff0b7431 */
                                                                                        /* 0x000fe200000001ff */
        /*05c0*/                   MOV R12, R15 ;                                       /* 0x0000000f000c7202 */
                                                                                        /* 0x000fe20000000f00 */
        /*05d0*/                   HFMA2 R13, -RZ, RZ, 0, 0 ;                           /* 0x00000000ff0d7431 */
                                                                                        /* 0x000fca00000001ff */
        /*05e0*/                   IADD.64 R12, R10, R12 ;                              /* 0x0000000c0a0c7235 */
                                                                                        /* 0x000fe400078e0200 */
        /*05f0*/                   IADD R10, R15.reuse, 0x1 ;                           /* 0x000000010f0a7835 */
                                                                                        /* 0x040fe200078e0000 */
        /*0600*/              @!P2 LDC.64 R8, c[0x0][0x380] ;                           /* 0x0000e000ff08ab82 */
                                                                                        /* 0x000e620000000a00 */
        /*0610*/                   IADD R11, R15, 0x2 ;                                 /* 0x000000020f0b7835 */
                                                                                        /* 0x000fe200078e0000 */
        /*0620*/              @!P2 IADD R15, R18, R15 ;                                 /* 0x0000000f120fa235 */
                                                                                        /* 0x000fe400078e0000 */
        /*0630*/                   ISETP.GE.AND P3, PT, R10, UR7, PT ;                  /* 0x000000070a007c0c */
                                                                                        /* 0x000fe4000bf66270 */
        /*0640*/                   ISETP.GE.AND P4, PT, R11, UR7, PT ;                  /* 0x000000070b007c0c */
                                                                                        /* 0x000fe2000bf86270 */
        /*0650*/                   LEA R10, P5, R12, UR8, 0x2 ;                         /* 0x000000080c0a7c11 */
                                                                                        /* 0x001fe2000f8a10ff */
        /*0660*/                   HFMA2 R33, -RZ, RZ, 0, 0 ;                           /* 0x00000000ff217431 */
                                                                                        /* 0x000fe200000001ff */
        /*0670*/                   MOV R31, RZ ;                                        /* 0x000000ff001f7202 */
                                                                                        /* 0x000fc40000000f00 */
        /*0680*/                   LEA.HI.X R11, R12, UR9, R13, 0x2, P5 ;               /* 0x000000090c0b7c11 */
                                                                                        /* 0x000fe2000a8f140d */
        /*0690*/                   HFMA2 R13, -RZ, RZ, 0, 0 ;                           /* 0x00000000ff0d7431 */
                                                                                        /* 0x000fc800000001ff */
        /*06a0*/              @!P0 LDG.E.CONSTANT R33, desc[UR14][R10.64+0xc] ;         /* 0x00000c0e0a218981 */
                                                                                        /* 0x000ea8000c1e9900 */
        /*06b0*/              @!P3 LDG.E.CONSTANT R13, desc[UR14][R10.64+0x4] ;         /* 0x0000040e0a0db981 */
                                                                                        /* 0x000ee2000c1e9900 */
        /*06c0*/              @!P2 IMAD.WIDE.U32 R8, R15, 0x4, R8 ;                     /* 0x000000040f08a825 */
                                                                                        /* 0x002fe200078e0008 */
        /*06d0*/                   MOV R15, RZ ;                                        /* 0x000000ff000f7202 */
                                                                                        /* 0x000fe40000000f00 */
        /*06e0*/              @!P4 LDG.E.CONSTANT R31, desc[UR14][R10.64+0x8] ;         /* 0x0000080e0a1fc981 */
                                                                                        /* 0x000f28000c1e9900 */
        /*06f0*/              @!P2 LDG.E.CONSTANT R15, desc[UR14][R8.64] ;              /* 0x0000000e080fa981 */
                                                                                        /* 0x000f68000c1e9900 */
        /*0700*/                   STS [R4+0x300], R33 ;                                /* 0x0003002104007388 */
                                                                                        /* 0x0045e80000000800 */
        /*0710*/                   STS [R4+0x100], R13 ;                                /* 0x0001000d04007388 */
                                                                                        /* 0x0085e80000000800 */
        /*0720*/                   STS [R4+0x200], R31 ;                                /* 0x0002001f04007388 */
                                                                                        /* 0x0105e80000000800 */
        /*0730*/                   STS [R4], R15 ;                                      /* 0x0000000f04007388 */
                                                                                        /* 0x0205e20000000800 */
        /*0740*/                   BRA 0x800 ;                                          /* 0x00000000002c7947 */
                                                                                        /* 0x000fea0003800000 */
        /*0750*/                   S2UR UR6, SR_CgaCtaId ;                              /* 0x00000000000679c3 */
                                                                                        /* 0x000e220000008800 */
        /*0760*/                   UMOV UR5, 0x400 ;                                    /* 0x0000040000057882 */
                                                                                        /* 0x000fe20000000000 */
        /*0770*/                   IMAD R8, R0, 0x10, R3 ;                              /* 0x0000001000087824 */
                                                                                        /* 0x000fca00078e0203 */
        /*0780*/                   LOP3.LUT R9, R8, 0x7ffc, RZ, 0xc0, !PT ;             /* 0x00007ffc08097812 */
                                                                                        /* 0x000fe200078ec0ff */
        /*0790*/                   ULEA UR5, UR6, UR5, 0x18 ;                           /* 0x0000000506057291 */
                                                                                        /* 0x001fcc000f8ec0ff */
        /*07a0*/                   LEA R8, R16, UR5, 0x8 ;                              /* 0x0000000510087c11 */
                                                                                        /* 0x000fca000f8e40ff */
        /*07b0*/                   IADD R8, R9, R8 ;                                    /* 0x0000000809087235 */
                                                                                        /* 0x000fca00078e0000 */
        /*07c0*/                   STS [R8], RZ ;                                       /* 0x000000ff08007388 */
                                                                                        /* 0x0003e80000000800 */
        /*07d0*/                   STS [R8+0x100], RZ ;                                 /* 0x000100ff08007388 */
                                                                                        /* 0x0003e80000000800 */
        /*07e0*/                   STS [R8+0x200], RZ ;                                 /* 0x000200ff08007388 */
                                                                                        /* 0x0003e80000000800 */
        /*07f0*/                   STS [R8+0x300], RZ ;                                 /* 0x000300ff08007388 */
                                                                                        /* 0x0003e40000000800 */
        /*0800*/                   NOP ;                                                /* 0x0000000000007918 */
                                                                                        /* 0x000fe20000000000 */
        /*0810*/                   BSYNC.RECONVERGENT B0 ;                              /* 0x0000000000007941 */
                                                                                        /* 0x000fea0003800200 */
        /*0820*/                   IMAD R9, R0, 0x10, R3 ;                              /* 0x0000001000097824 */
                                                                                        /* 0x000fe200078e0203 */
        /*0830*/              @!P1 BRA 0xab0 ;                                          /* 0x00000000009c9947 */
                                                                                        /* 0x000fec0003800000 */
        /*0840*/                   ISETP.NE.U32.AND P0, PT, R9, RZ, PT ;                /* 0x000000ff0900720c */
                                                                                        /* 0x000fe20003f05070 */
        /*0850*/                   BSSY.RECONVERGENT B0, 0xa40 ;                        /* 0x000001e000007945 */
                                                                                        /* 0x000fd80003800200 */
        /*0860*/               @P0 BRA 0x9c0 ;                                          /* 0x0000000000540947 */
                                                                                        /* 0x000fea0003800000 */
        /*0870*/                   S2UR UR8, SR_CgaCtaId ;                              /* 0x00000000000879c3 */
                                                                                        /* 0x000ee20000008800 */
        /*0880*/                   UMOV UR5, 0x400 ;                                    /* 0x0000040000057882 */
                                                                                        /* 0x000fe20000000000 */
        /*0890*/                   MOV R8, 0x1000 ;                                     /* 0x0000100000087802 */
                                                                                        /* 0x002fe20000000f00 */
        /*08a0*/                   UIADD3 UR6, UPT, UPT, UR5, 0x2000, URZ ;             /* 0x0000200005067890 */
                                                                                        /* 0x000fe2000fffe0ff */
        /*08b0*/                   UIADD3 UR5, UPT, UPT, UR5, 0x1000, URZ ;             /* 0x0000100005057890 */
                                                                                        /* 0x000fe2000fffe0ff */
        /*08c0*/                   PLOP3.LUT P0, PT, PT, PT, PT, 0x80, 0x8 ;            /* 0x000000000008781c */
                                                                                        /* 0x000fe20003f0f070 */
        /*08d0*/                   LDCU.64 UR16, c[0x0][0x3a8] ;                        /* 0x00007500ff1077ac */
                                                                                        /* 0x000e640008000a00 */
        /*08e0*/                   S2UR UR10, SR_CTAID.X ;                              /* 0x00000000000a79c3 */
                                                                                        /* 0x000f220000002500 */
        /*08f0*/                   UMOV UR12, URZ ;                                     /* 0x000000ff000c7c82 */
                                                                                        /* 0x000fe20008000000 */
        /*0900*/                   ULEA UR6, UR8, UR6, 0x18 ;                           /* 0x0000000608067291 */
                                                                                        /* 0x008fe2000f8ec0ff */
        /*0910*/                   ULEA UR8, UR8, UR5, 0x18 ;                           /* 0x0000000508087291 */
                                                                                        /* 0x000fca000f8ec0ff */
        /*0920*/                   MOV R9, UR6 ;                                        /* 0x0000000600097c02 */
                                                                                        /* 0x000fe20008000f00 */
        /*0930*/                   USHF.L.U32 UR10, UR10, 0x6, URZ ;                    /* 0x000000060a0a7899 */
                                                                                        /* 0x010fc600080006ff */
        /*0940*/                   SYNCS.ARRIVE.TRANS64 RZ, [R9+URZ], R8 ;              /* 0x0000000809ff79a7 */
                                                                                        /* 0x0007e200080000ff */
        /*0950*/                   R2UR UR9, R9 ;                                       /* 0x00000000090972ca */
                                                                                        /* 0x007fde00000e0000 */
        /*0960*/               @P0 ELECT P2, URZ, PT ;                                  /* 0x0000000000ff082f */
                                                                                        /* 0x000fe20003840000 */
        /*0970*/                   UTMALDG.3D [UR8], [UR16] ;                           /* 0x00000008100075b4 */
                                                                                        /* 0x0011d80008010000 */
        /*0980*/               @P2 PLOP3.LUT P0, PT, P2, PT, PT, 0x8, 0x80 ;            /* 0x000000000080281c */
                                                                                        /* 0x000fe4000170e170 */
        /*0990*/                   PLOP3.LUT P2, PT, PT, PT, PT, 0x8, 0x80 ;            /* 0x000000000080781c */
                                                                                        /* 0x000fd60003f4e170 */
        /*09a0*/               @P0 BRA.U.ANY 0x960 ;                                    /* 0xfffffffd00ec0947 */
                                                                                        /* 0x008fea000393ffff */
        /*09b0*/                   BRA 0xa20 ;                                          /* 0x0000000000187947 */
                                                                                        /* 0x000fea0003800000 */
        /*09c0*/                   S2UR UR6, SR_CgaCtaId ;                              /* 0x00000000000679c3 */
                                                                                        /* 0x000ee20000008800 */
        /*09d0*/                   UMOV UR5, 0x400 ;                                    /* 0x0000040000057882 */
                                                                                        /* 0x000fe40000000000 */
        /*09e0*/                   UIADD3 UR5, UPT, UPT, UR5, 0x2000, URZ ;             /* 0x0000200005057890 */
                                                                                        /* 0x000fc8000fffe0ff */
        /*09f0*/                   ULEA UR5, UR6, UR5, 0x18 ;                           /* 0x0000000506057291 */
                                                                                        /* 0x008fcc000f8ec0ff */
        /*0a00*/                   MOV R9, UR5 ;                                        /* 0x0000000500097c02 */
                                                                                        /* 0x000fc80008000f00 */
        /*0a10*/                   SYNCS.ARRIVE.TRANS64.A1T0 RZ, [R9+URZ], RZ ;         /* 0x000000ff09ff79a7 */
                                                                                        /* 0x0009e600081000ff */
        /*0a20*/                   NOP ;                                                /* 0x0000000000007918 */
                                                                                        /* 0x000fe20000000000 */
        /*0a30*/                   BSYNC.RECONVERGENT B0 ;                              /* 0x0000000000007941 */
                                                                                        /* 0x001fea0003800200 */
        /*0a40*/                   BSSY.RECONVERGENT B0, 0xaa0 ;                        /* 0x0000005000007945 */
                                                                                        /* 0x000fe20003800200 */
        /*0a50*/                   SHF.L.U32 R8, R7, 0x1f, RZ ;                         /* 0x0000001f07087819 */
                                                                                        /* 0x00afce00000006ff */
        /*0a60*/                   SYNCS.PHASECHK.TRANS64.TRYWAIT P0, [R9+URZ], R8 ;    /* 0x00000008090075a7 */
                                                                                        /* 0x000e2400080011ff */
        /*0a70*/              @!P0 BRA 0xa60 ;                                          /* 0xfffffffc00f88947 */
                                                                                        /* 0x015fea000383ffff */
        /*0a80*/                   NOP ;                                                /* 0x0000000000007918 */
                                                                                        /* 0x000fe20000000000 */
        /*0a90*/                   BSYNC.RECONVERGENT B0 ;                              /* 0x0000000000007941 */
                                                                                        /* 0x000fea0003800200 */
        /*0aa0*/                   BRA 0xdd0 ;                                          /* 0x0000000000c87947 */
                                                                                        /* 0x000fea0003800000 */
        /*0ab0*/                   LDCU UR5, c[0x0][0x39c] ;                            /* 0x00007380ff0577ac */
                                                                                        /* 0x000ee20008000800 */
        /*0ac0*/                   IADD R8, R2, 0x3 ;                                   /* 0x0000000302087835 */
                                                                                        /* 0x002fe200078e0000 */
        /*0ad0*/                   LEA.HI R9, R9, UR11, RZ, 0x1c ;                      /* 0x0000000b09097c11 */
                                                                                        /* 0x000fe2000f8fe0ff */
        /*0ae0*/                   BSSY.RECONVERGENT B0, 0xdd0 ;                        /* 0x000002e000007945 */
                                                                                        /* 0x000fe80003800200 */
        /*0af0*/                   ISETP.GE.AND P3, PT, R9, UR7, PT ;                   /* 0x0000000709007c0c */
                                                                                        /* 0x000fe2000bf66270 */
        /*0b00*/                   ISETP.GE.AND P0, PT, R8, UR5, PT ;                   /* 0x0000000508007c0c */
                                                                                        /* 0x008fca000bf06270 */
        /*0b10*/                   ISETP.GE.OR P2, PT, R9, UR7, P0 ;                    /* 0x0000000709007c0c */
                                                                                        /* 0x000fda0008746670 */
        /*0b20*/               @P2 BRA 0xbc0 ;                                          /* 0x0000000000242947 */
                                                                                        /* 0x000fea0003800000 */
        /*0b30*/                   LDC.64 R12, c[0x0][0x388] ;                          /* 0x0000e200ff0c7b82 */
                                                                                        /* 0x005e220000000a00 */
        /*0b40*/                   IMAD R9, R9, UR5, R2 ;                               /* 0x0000000509097c24 */
                                                                                        /* 0x000fc8000f8e0202 */
        /*0b50*/                   IMAD.WIDE R12, R9, 0x4, R12 ;                        /* 0x00000004090c7825 */
                                                                                        /* 0x001fca00078e020c */
        /*0b60*/                   LDG.E.CONSTANT R8, desc[UR14][R12.64] ;              /* 0x0000000e0c087981 */
                                                                                        /* 0x000ea8000c1e9900 */
        /*0b70*/                   LDG.E.CONSTANT R9, desc[UR14][R12.64+0x4] ;          /* 0x0000040e0c097981 */
                                                                                        /* 0x000ea8000c1e9900 */
        /*0b80*/                   LDG.E.CONSTANT R10, desc[UR14][R12.64+0x8] ;         /* 0x0000080e0c0a7981 */
                                                                                        /* 0x000ea8000c1e9900 */
        /*0b90*/                   LDG.E.CONSTANT R11, desc[UR14][R12.64+0xc] ;         /* 0x00000c0e0c0b7981 */
                                                                                        /* 0x000ea8000c1e9900 */
        /*0ba0*/                   STS.128 [R6], R8 ;                                   /* 0x0000000806007388 */
                                                                                        /* 0x0041e20000000c00 */
        /*0bb0*/                   BRA 0xdb0 ;                                          /* 0x00000000007c7947 */
                                                                                        /* 0x000fea0003800000 */
        /*0bc0*/               @P3 BRA 0xda0 ;                                          /* 0x0000000000743947 */
                                                                                        /* 0x000fea0003800000 */
        /*0bd0*/                   ISETP.GE.AND P2, PT, R2.reuse, UR5, PT ;             /* 0x0000000502007c0c */
                                                                                        /* 0x040fe2000bf46270 */
        /*0be0*/                   LDCU.64 UR8, c[0x0][0x388] ;                         /* 0x00007100ff0877ac */
                                                                                        /* 0x000e620008000a00 */
        /*0bf0*/                   IMAD R12, R9, UR5, RZ ;                              /* 0x00000005090c7c24 */
                                                                                        /* 0x000fe2000f8e02ff */
        /*0c00*/                   MOV R8, R2 ;                                         /* 0x0000000200087202 */
                                                                                        /* 0x000fe20000000f00 */
        /*0c10*/                   HFMA2 R9, -RZ, RZ, 0, 0 ;                            /* 0x00000000ff097431 */
                                                                                        /* 0x000fe200000001ff */
        /*0c20*/                   IADD R14, R2.reuse, 0x1 ;                            /* 0x00000001020e7835 */
                                                                                        /* 0x040fe200078e0000 */
        /*0c30*/                   IADD R15, R2, 0x2 ;                                  /* 0x00000002020f7835 */
                                                                                        /* 0x005fe200078e0000 */
        /*0c40*/                   SHF.R.S32.HI R13, RZ, 0x1f, R12 ;                    /* 0x0000001fff0d7819 */
                                                                                        /* 0x000fc6000001140c */
        /*0c50*/                   ISETP.GE.AND P3, PT, R14, UR5, PT ;                  /* 0x000000050e007c0c */
                                                                                        /* 0x000fe2000bf66270 */
        /*0c60*/                   ISETP.GE.AND P4, PT, R15, UR5, PT ;                  /* 0x000000050f007c0c */
                                                                                        /* 0x000fe2000bf86270 */
        /*0c70*/                   IADD.64 R8, R8, R12 ;                                /* 0x0000000c08087235 */
                                                                                        /* 0x000fe400078e0200 */
        /*0c80*/              @!P2 LDC.64 R10, c[0x0][0x388] ;                          /* 0x0000e200ff0aab82 */
                                                                                        /* 0x000e220000000a00 */
        /*0c90*/              @!P2 IADD R13, R2, R12 ;                                  /* 0x0000000c020da235 */
                                                                                        /* 0x000fe200078e0000 */
        /*0ca0*/                   MOV R15, RZ ;                                        /* 0x000000ff000f7202 */
                                                                                        /* 0x000fe20000000f00 */
        /*0cb0*/                   MOV R31, RZ ;                                        /* 0x000000ff001f7202 */
                                                                                        /* 0x000fe20000000f00 */
        /*0cc0*/                   HFMA2 R33, -RZ, RZ, 0, 0 ;                           /* 0x00000000ff217431 */
                                                                                        /* 0x000fe400000001ff */
        /*0cd0*/              @!P2 IMAD.WIDE R12, R13, 0x4, R10 ;                       /* 0x000000040d0ca825 */
                                                                                        /* 0x001fe200078e020a */
        /*0ce0*/                   LEA R10, P5, R8, UR8, 0x2 ;                          /* 0x00000008080a7c11 */
                                                                                        /* 0x002fc8000f8a10ff */
        /*0cf0*/                   LEA.HI.X R11, R8, UR9, R9, 0x2, P5 ;                 /* 0x00000009080b7c11 */
                                                                                        /* 0x000fe2000a8f1409 */
        /*0d00*/                   HFMA2 R9, -RZ, RZ, 0, 0 ;                            /* 0x00000000ff097431 */
                                                                                        /* 0x000fe200000001ff */
        /*0d10*/              @!P2 LDG.E.CONSTANT R15, desc[UR14][R12.64] ;             /* 0x0000000e0c0fa981 */
                                                                                        /* 0x000ea8000c1e9900 */
        /*0d20*/              @!P4 LDG.E.CONSTANT R31, desc[UR14][R10.64+0x8] ;         /* 0x0000080e0a1fc981 */
                                                                                        /* 0x000ee8000c1e9900 */
        /*0d30*/              @!P3 LDG.E.CONSTANT R9, desc[UR14][R10.64+0x4] ;          /* 0x0000040e0a09b981 */
                                                                                        /* 0x000f28000c1e9900 */
        /*0d40*/              @!P0 LDG.E.CONSTANT R33, desc[UR14][R10.64+0xc] ;         /* 0x00000c0e0a218981 */
                                                                                        /* 0x000f68000c1e9900 */
        /*0d50*/                   STS [R6], R15 ;                                      /* 0x0000000f06007388 */
                                                                                        /* 0x0043e80000000800 */
        /*0d60*/                   STS [R6+0x8], R31 ;                                  /* 0x0000081f06007388 */
                                                                                        /* 0x0083e80000000800 */
        /*0d70*/                   STS [R6+0x4], R9 ;                                   /* 0x0000040906007388 */
                                                                                        /* 0x0103e80000000800 */
        /*0d80*/                   STS [R6+0xc], R33 ;                                  /* 0x00000c2106007388 */
                                                                                        /* 0x0203e20000000800 */
        /*0d90*/                   BRA 0xdb0 ;                                          /* 0x0000000000047947 */
                                                                                        /* 0x000fea0003800000 */
        /*0da0*/                   STS.128 [R6], RZ ;                                   /* 0x000000ff06007388 */
                                                                                        /* 0x0007e40000000c00 */
        /*0db0*/                   NOP ;                                                /* 0x0000000000007918 */
                                                                                        /* 0x000fe20000000000 */
        /*0dc0*/                   BSYNC.RECONVERGENT B0 ;                              /* 0x0000000000007941 */
                                                                                        /* 0x000fea0003800200 */
        /*0dd0*/                   BAR.SYNC.DEFER_BLOCKING 0x0 ;                        /* 0x0000000000007b1d */
                                                                                        /* 0x000fe20000010000 */
        /*0de0*/                   UISETP.GE.AND UP0, UPT, UR11, UR7, UPT ;             /* 0x000000070b00728c */
                                                                                        /* 0x000fd2000bf06270 */
        /*0df0*/                   BRA.U UP0, 0x13b0 ;                                  /* 0x00000005006c7547 */
                                                                                        /* 0x000fea000b800000 */
        /*0e00*/                   IMAD.SHL.U32 R31, R7, 0x10, RZ ;                     /* 0x00000010071f7824 */
                                                                                        /* 0x007fe200078e00ff */
        /*0e10*/                   UVIMNMX.S32 UR9, UR4, UR7, UPT ;                     /* 0x000000070409724a */
                                                                                        /* 0x000fe2000bfe0100 */
        /*0e20*/                   UMOV UR5, URZ ;                                      /* 0x000000ff00057c82 */
                                                                                        /* 0x000fc60008000000 */
        /*0e30*/                   IADD R8, R31, 0x1 ;                                  /* 0x000000011f087835 */
                                                                                        /* 0x000fca00078e0000 */
        /*0e40*/                   ISETP.NE.U32.AND P0, PT, R8, UR9, PT ;               /* 0x0000000908007c0c */
                                                                                        /* 0x000fda000bf05070 */
        /*0e50*/              @!P0 BRA 0x1200 ;                                         /* 0x0000000000e88947 */
                                                                                        /* 0x000fea0003800000 */
        /*0e60*/                   S2UR UR8, SR_CgaCtaId ;                              /* 0x00000000000879c3 */
                                                                                        /* 0x000e220000008800 */
        /*0e70*/                   UMOV UR5, 0x400 ;                                    /* 0x0000040000057882 */
                                                                                        /* 0x000fe20000000000 */
        /*0e80*/                   ULOP3.LUT UR10, UR9, 0x1, URZ, 0xc0, !UPT ;          /* 0x00000001090a7892 */
                                                                                        /* 0x000fe2000f8ec0ff */
        /*0e90*/                   UIADD3 UR6, UPT, UPT, UR5, 0x1000, URZ ;             /* 0x0000100005067890 */
                                                                                        /* 0x000fca000fffe0ff */
        /*0ea0*/                   LOP3.LUT R31, R31, UR10, RZ, 0xfc, !PT ;             /* 0x0000000a1f1f7c12 */
                                                                                        /* 0x000fca000f8efcff */
        /*0eb0*/                   IADD R31, R31, -UR9 ;                                /* 0x800000091f1f7c35 */
                                                                                        /* 0x000fe2000f8e0000 */
        /*0ec0*/                   ULEA UR5, UR8, UR5, 0x18 ;                           /* 0x0000000508057291 */
                                                                                        /* 0x001fe2000f8ec0ff */
        /*0ed0*/                   ULEA UR6, UR8, UR6, 0x18 ;                           /* 0x0000000608067291 */
                                                                                        /* 0x000fca000f8ec0ff */
        /*0ee0*/                   LEA R33, R0, UR5, 0x4 ;                              /* 0x0000000500217c11 */
                                                                                        /* 0x000fe2000f8e20ff */
        /*0ef0*/                   UMOV UR5, URZ ;                                      /* 0x000000ff00057c82 */
                                                                                        /* 0x000fe20008000000 */
        /*0f00*/                   LEA R35, R3, UR6, 0x4 ;                              /* 0x0000000603237c11 */
                                                                                        /* 0x000fc6000f8e20ff */
        /*0f10*/                   IADD R33, R33, 0x100 ;                               /* 0x0000010021217835 */
                                                                                        /* 0x000fe400078e0000 */
        /*0f20*/                   IADD R35, R35, 0x100 ;                               /* 0x0000010023237835 */
                                                                                        /* 0x018fce00078e0000 */
        /*0f30*/                   LDS.128 R8, [R33+-0x100] ;                           /* 0xffff000021087984 */
                                                                                        /* 0x000fe20000000c00 */
        /*0f40*/                   IADD R31, R31, 0x2 ;                                 /* 0x000000021f1f7835 */
                                                                                        /* 0x000fe200078e0000 */
        /*0f50*/                   UIADD3 UR5, UPT, UPT, UR5, 0x2, URZ ;                /* 0x0000000205057890 */
                                                                                        /* 0x000fe4000fffe0ff */
        /*0f60*/                   LDS.128 R12, [R35+-0x100] ;                          /* 0xffff0000230c7984 */
                                                                                        /* 0x000e240000000c00 */
        /*0f70*/                   ISETP.NE.U32.AND P0, PT, R31, RZ, PT ;               /* 0x000000ff1f00720c */
                                                                                        /* 0x000fe20003f05070 */
        /*0f80*/                   FFMA.FTZ R17, R8.reuse, R12, R17 ;                   /* 0x0000000c08117223 */
                                                                                        /* 0x041fe20000010011 */
        /*0f90*/                   FFMA.FTZ R20, R8.reuse, R13, R20 ;                   /* 0x0000000d08147223 */
                                                                                        /* 0x040fe20000010014 */
        /*0fa0*/                   FFMA.FTZ R19, R8.reuse, R14, R19 ;                   /* 0x0000000e08137223 */
                                                                                        /* 0x040fe20000010013 */
        /*0fb0*/                   FFMA.FTZ R22, R8, R15, R22 ;                         /* 0x0000000f08167223 */
                                                                                        /* 0x000fe20000010016 */
        /*0fc0*/                   FFMA.FTZ R24, R9.reuse, R12, R24 ;                   /* 0x0000000c09187223 */
                                                                                        /* 0x040fe20000010018 */
        /*0fd0*/                   FFMA.FTZ R26, R9.reuse, R13, R26 ;                   /* 0x0000000d091a7223 */
                                                                                        /* 0x040fe2000001001a */
        /*0fe0*/                   FFMA.FTZ R21, R9.reuse, R14, R21 ;                   /* 0x0000000e09157223 */
                                                                                        /* 0x040fe20000010015 */
        /*0ff0*/                   FFMA.FTZ R28, R9, R15, R28 ;                         /* 0x0000000f091c7223 */
                                                                                        /* 0x000fe2000001001c */
        /*1000*/                   FFMA.FTZ R23, R10.reuse, R12, R23 ;                  /* 0x0000000c0a177223 */
                                                                                        /* 0x040fe20000010017 */
        /*1010*/                   FFMA.FTZ R30, R10.reuse, R13, R30 ;                  /* 0x0000000d0a1e7223 */
                                                                                        /* 0x040fe2000001001e */
        /*1020*/                   FFMA.FTZ R25, R10.reuse, R14, R25 ;                  /* 0x0000000e0a197223 */
                                                                                        /* 0x040fe20000010019 */
        /*1030*/                   FFMA.FTZ R32, R10, R15, R32 ;                        /* 0x0000000f0a207223 */
                                                                                        /* 0x000fe20000010020 */
        /*1040*/                   FFMA.FTZ R34, R11.reuse, R12, R34 ;                  /* 0x0000000c0b227223 */
                                                                                        /* 0x040fe20000010022 */
        /*1050*/                   FFMA.FTZ R36, R11.reuse, R13, R36 ;                  /* 0x0000000d0b247223 */
                                                                                        /* 0x040fe20000010024 */
        /*1060*/                   FFMA.FTZ R27, R11.reuse, R14, R27 ;                  /* 0x0000000e0b1b7223 */
                                                                                        /* 0x040fe2000001001b */
        /*1070*/                   FFMA.FTZ R29, R11, R15, R29 ;                        /* 0x0000000f0b1d7223 */
                                                                                        /* 0x000fc4000001001d */
        /*1080*/                   LDS.128 R8, [R33] ;                                  /* 0x0000000021087984 */
                                                                                        /* 0x0001e80000000c00 */
        /*1090*/                   LDS.128 R12, [R35] ;                                 /* 0x00000000230c7984 */
                                                                                        /* 0x0002a20000000c00 */
        /*10a0*/                   IADD R33, R33, 0x200 ;                               /* 0x0000020021217835 */
                                                                                        /* 0x001fe200078e0000 */
        /*10b0*/                   IADD R35, R35, 0x200 ;                               /* 0x0000020023237835 */
                                                                                        /* 0x002fe200078e0000 */
        /*10c0*/                   FFMA.FTZ R17, R8.reuse, R12, R17 ;                   /* 0x0000000c08117223 */
                                                                                        /* 0x044fe20000010011 */
        /*10d0*/                   FFMA.FTZ R20, R8.reuse, R13, R20 ;                   /* 0x0000000d08147223 */
                                                                                        /* 0x040fe20000010014 */
        /*10e0*/                   FFMA.FTZ R19, R8.reuse, R14, R19 ;                   /* 0x0000000e08137223 */
                                                                                        /* 0x040fe20000010013 */
        /*10f0*/                   FFMA.FTZ R22, R8, R15, R22 ;                         /* 0x0000000f08167223 */
                                                                                        /* 0x000fe20000010016 */
        /*1100*/                   FFMA.FTZ R24, R9.reuse, R12, R24 ;                   /* 0x0000000c09187223 */
                                                                                        /* 0x040fe20000010018 */
        /*1110*/                   FFMA.FTZ R26, R9.reuse, R13, R26 ;                   /* 0x0000000d091a7223 */
                                                                                        /* 0x040fe2000001001a */
        /*1120*/                   FFMA.FTZ R21, R9.reuse, R14, R21 ;                   /* 0x0000000e09157223 */
                                                                                        /* 0x040fe20000010015 */
        /*1130*/                   FFMA.FTZ R28, R9, R15, R28 ;                         /* 0x0000000f091c7223 */
                                                                                        /* 0x000fe2000001001c */
        /*1140*/                   FFMA.FTZ R23, R10.reuse, R12, R23 ;                  /* 0x0000000c0a177223 */
                                                                                        /* 0x040fe20000010017 */
        /*1150*/                   FFMA.FTZ R30, R10.reuse, R13, R30 ;                  /* 0x0000000d0a1e7223 */
                                                                                        /* 0x040fe2000001001e */
        /*1160*/                   FFMA.FTZ R25, R10.reuse, R14, R25 ;                  /* 0x0000000e0a197223 */
                                                                                        /* 0x040fe20000010019 */
        /*1170*/                   FFMA.FTZ R32, R10, R15, R32 ;                        /* 0x0000000f0a207223 */
                                                                                        /* 0x000fe20000010020 */
        /*1180*/                   FFMA.FTZ R34, R11.reuse, R12, R34 ;                  /* 0x0000000c0b227223 */
                                                                                        /* 0x040fe20000010022 */
        /*1190*/                   FFMA.FTZ R36, R11.reuse, R13, R36 ;                  /* 0x0000000d0b247223 */
                                                                                        /* 0x040fe20000010024 */
        /*11a0*/                   FFMA.FTZ R27, R11.reuse, R14, R27 ;                  /* 0x0000000e0b1b7223 */
                                                                                        /* 0x040fe2000001001b */
        /*11b0*/                   FFMA.FTZ R29, R11, R15, R29 ;                        /* 0x0000000f0b1d7223 */
                                                                                        /* 0x000fe2000001001d */
        /*11c0*/               @P0 BRA 0xf30 ;                                          /* 0xfffffffc00580947 */
                                                                                        /* 0x000fec000383ffff */
        /*11d0*/                   UVIMNMX.S32 UR6, UR4, UR7, UPT ;                     /* 0x000000070406724a */
                                                                                        /* 0x000fc8000bfe0100 */
        /*11e0*/                   ULOP3.LUT UP0, URZ, UR6, 0x1, URZ, 0xc0, !UPT ;      /* 0x0000000106ff7892 */
                                                                                        /* 0x000fd2000f80c0ff */
        /*11f0*/                   BRA.U !UP0, 0x13b0 ;                                 /* 0x00000001086c7547 */
                                                                                        /* 0x000fea000b800000 */
        /*1200*/                   S2UR UR8, SR_CgaCtaId ;                              /* 0x00000000000879c3 */
                                                                                        /* 0x000e220000008800 */
        /*1210*/                   UMOV UR6, 0x400 ;                                    /* 0x0000040000067882 */
                                                                                        /* 0x000fe40000000000 */
        /*1220*/                   UIADD3 UR9, UPT, UPT, UR6, 0x1000, URZ ;             /* 0x0000100006097890 */
                                                                                        /* 0x000fe2000fffe0ff */
        /*1230*/                   ULEA UR6, UR8, UR6, 0x18 ;                           /* 0x0000000608067291 */
                                                                                        /* 0x001fc6000f8ec0ff */
        /*1240*/                   ULEA UR9, UR8, UR9, 0x18 ;                           /* 0x0000000908097291 */
                                                                                        /* 0x000fe2000f8ec0ff */
        /*1250*/                   ULEA UR6, UR5, UR6, 0x8 ;                            /* 0x0000000605067291 */
                                                                                        /* 0x000fc6000f8e40ff */
        /*1260*/                   ULEA UR5, UR5, UR9, 0x8 ;                            /* 0x0000000905057291 */
                                                                                        /* 0x000fc6000f8e40ff */
        /*1270*/                   LEA R8, R0, UR6, 0x4 ;                               /* 0x0000000600087c11 */
                                                                                        /* 0x000fc6000f8e20ff */
        /*1280*/                   LEA R12, R3, UR5, 0x4 ;                              /* 0x00000005030c7c11 */
                                                                                        /* 0x000fc6000f8e20ff */
        /*1290*/                   LDS.128 R8, [R8] ;                                   /* 0x0000000008087984 */
                                                                                        /* 0x010fe80000000c00 */
        /*12a0*/                   LDS.128 R12, [R12] ;                                 /* 0x000000000c0c7984 */
                                                                                        /* 0x000e240000000c00 */
        /*12b0*/                   FFMA.FTZ R17, R8.reuse, R12, R17 ;                   /* 0x0000000c08117223 */
                                                                                        /* 0x041fe20000010011 */
        /*12c0*/                   FFMA.FTZ R20, R8.reuse, R13, R20 ;                   /* 0x0000000d08147223 */
                                                                                        /* 0x040fe20000010014 */
        /*12d0*/                   FFMA.FTZ R19, R8.reuse, R14, R19 ;                   /* 0x0000000e08137223 */
                                                                                        /* 0x040fe20000010013 */
        /*12e0*/                   FFMA.FTZ R22, R8, R15, R22 ;                         /* 0x0000000f08167223 */
                                                                                        /* 0x000fe20000010016 */
        /*12f0*/                   FFMA.FTZ R24, R9.reuse, R12, R24 ;                   /* 0x0000000c09187223 */
                                                                                        /* 0x040fe20000010018 */
        /*1300*/                   FFMA.FTZ R26, R9.reuse, R13, R26 ;                   /* 0x0000000d091a7223 */
                                                                                        /* 0x040fe2000001001a */
        /*1310*/                   FFMA.FTZ R21, R9.reuse, R14, R21 ;                   /* 0x0000000e09157223 */
                                                                                        /* 0x040fe20000010015 */
        /*1320*/                   FFMA.FTZ R28, R9, R15, R28 ;                         /* 0x0000000f091c7223 */
                                                                                        /* 0x000fe2000001001c */
        /*1330*/                   FFMA.FTZ R23, R10.reuse, R12, R23 ;                  /* 0x0000000c0a177223 */
                                                                                        /* 0x040fe20000010017 */
        /*1340*/                   FFMA.FTZ R30, R10.reuse, R13, R30 ;                  /* 0x0000000d0a1e7223 */
                                                                                        /* 0x040fe2000001001e */
        /*1350*/                   FFMA.FTZ R25, R10.reuse, R14, R25 ;                  /* 0x0000000e0a197223 */
                                                                                        /* 0x040fe20000010019 */
        /*1360*/                   FFMA.FTZ R32, R10, R15, R32 ;                        /* 0x0000000f0a207223 */
                                                                                        /* 0x000fe20000010020 */
        /*1370*/                   FFMA.FTZ R34, R11.reuse, R12, R34 ;                  /* 0x0000000c0b227223 */
                                                                                        /* 0x040fe20000010022 */
        /*1380*/                   FFMA.FTZ R36, R11.reuse, R13, R36 ;                  /* 0x0000000d0b247223 */
                                                                                        /* 0x040fe20000010024 */
        /*1390*/                   FFMA.FTZ R27, R11.reuse, R14, R27 ;                  /* 0x0000000e0b1b7223 */
                                                                                        /* 0x040fe2000001001b */
        /*13a0*/                   FFMA.FTZ R29, R11, R15, R29 ;                        /* 0x0000000f0b1d7223 */
                                                                                        /* 0x000fce000001001d */
        /*13b0*/                   UIADD3 UR5, UPT, UPT, UR7, -0x1, URZ ;               /* 0xffffffff07057890 */
                                                                                        /* 0x000fe2000fffe0ff */
        /*13c0*/                   BAR.SYNC.DEFER_BLOCKING 0x0 ;                        /* 0x0000000000007b1d */
                                                                                        /* 0x000fe60000010000 */
        /*13d0*/                   USHF.R.U32.HI UR5, URZ, 0x4, UR5 ;                   /* 0x00000004ff057899 */
                                                                                        /* 0x000fcc0008011605 */
        /*13e0*/                   ISETP.NE.U32.AND P0, PT, R7.reuse, UR5, PT ;         /* 0x0000000507007c0c */
                                                                                        /* 0x040fe2000bf05070 */
        /*13f0*/                   IADD R7, R7, 0x1 ;                                   /* 0x0000000107077835 */
                                                                                        /* 0x000fd800078e0000 */
        /*1400*/               @P0 BRA 0x3f0 ;                                          /* 0xffffffec00f80947 */
                                                                                        /* 0x000fea000383ffff */
        /*1410*/                   S2R R2, SR_CTAID.X ;                                 /* 0x0000000000027919 */
                                                                                        /* 0x000f620000002500 */
        /*1420*/                   LDCU.64 UR8, c[0x0][0x398] ;                         /* 0x00007300ff0877ac */
                                                                                        /* 0x000e620008000a00 */
        /*1430*/                   S2R R5, SR_CTAID.Y ;                                 /* 0x0000000000057919 */
                                                                                        /* 0x000ea20000002600 */
        /*1440*/                   LDCU.64 UR6, c[0x0][0x390] ;                         /* 0x00007200ff0677ac */
                                                                                        /* 0x001e220008000a00 */
        /*1450*/                   IMAD R3, R2, 0x10, R3 ;                              /* 0x0000001002037824 */
                                                                                        /* 0x020fc800078e0203 */
        /*1460*/                   IMAD.SHL.U32 R8, R3, 0x4, RZ ;                       /* 0x0000000403087824 */
                                                                                        /* 0x000fe400078e00ff */
        /*1470*/                   IMAD R0, R5, 0x10, R0 ;                              /* 0x0000001005007824 */
                                                                                        /* 0x004fc600078e0200 */
        /*1480*/                   ISETP.GE.AND P1, PT, R8, UR9, PT ;                   /* 0x0000000908007c0c */
                                                                                        /* 0x002fe2000bf26270 */
        /*1490*/                   IMAD.SHL.U32 R0, R0, 0x4, RZ ;                       /* 0x0000000400007824 */
                                                                                        /* 0x000fe200078e00ff */
        /*14a0*/                   ISETP.GE.AND P0, PT, R8.reuse, UR9, PT ;             /* 0x0000000908007c0c */
                                                                                        /* 0x040fe2000bf06270 */
        /*14b0*/                   IADD R2, R8, 0x1 ;                                   /* 0x0000000108027835 */
                                                                                        /* 0x000fe200078e0000 */
        /*14c0*/                   SHF.R.S32.HI R9, RZ, 0x1f, R8 ;                      /* 0x0000001fff097819 */
                                                                                        /* 0x010fe20000011408 */
        /*14d0*/                   IMAD R10, R0.reuse, UR9, RZ ;                        /* 0x00000009000a7c24 */
                                                                                        /* 0x040fe2000f8e02ff */
        /*14e0*/                   ISETP.LT.AND P1, PT, R0.reuse, UR8, !P1 ;            /* 0x0000000800007c0c */
                                                                                        /* 0x040fe2000cf21270 */
        /*14f0*/                   IADD R14, R0, 0x1 ;                                  /* 0x00000001000e7835 */
                                                                                        /* 0x000fe200078e0000 */
        /*1500*/                   ISETP.GE.AND P3, PT, R2, UR9, PT ;                   /* 0x0000000902007c0c */
                                                                                        /* 0x000fe2000bf66270 */
        /*1510*/                   IADD R2, R8, 0x2 ;                                   /* 0x0000000208027835 */
                                                                                        /* 0x000fe200078e0000 */
        /*1520*/                   SHF.R.S32.HI R11, RZ, 0x1f, R10 ;                    /* 0x0000001fff0b7819 */
                                                                                        /* 0x000fc4000001140a */
        /*1530*/                   ISETP.GE.OR P6, PT, R14, UR8, P0 ;                   /* 0x000000080e007c0c */
                                                                                        /* 0x000fe200087c6670 */
        /*1540*/                   ISETP.GE.OR P5, PT, R0, UR8, P3 ;                    /* 0x0000000800007c0c */
                                                                                        /* 0x000fe20009fa6670 */
        /*1550*/                   ISETP.GE.AND P2, PT, R2, UR9, PT ;                   /* 0x0000000902007c0c */
                                                                                        /* 0x000fe2000bf46270 */
        /*1560*/                   IADD.64 R6, R10, R8 ;                                /* 0x000000080a067235 */
                                                                                        /* 0x008fe400078e0200 */
        /*1570*/                   IADD R11, R8, 0x3 ;                                  /* 0x00000003080b7835 */
                                                                                        /* 0x000fe200078e0000 */
        /*1580*/                   IADD R15, R0, 0x2 ;                                  /* 0x00000002000f7835 */
                                                                                        /* 0x000fe200078e0000 */
        /*1590*/               @P1 LDC.64 R12, c[0x0][0x390] ;                          /* 0x0000e400ff0c1b82 */
                                                                                        /* 0x000e620000000a00 */
        /*15a0*/               @P1 IADD R3, R8, R10 ;                                   /* 0x0000000a08031235 */
                                                                                        /* 0x000fe200078e0000 */
        /*15b0*/                   LEA R2, P4, R6, UR6, 0x2 ;                           /* 0x0000000606027c11 */
                                                                                        /* 0x001fe2000f8810ff */
        /*15c0*/                   IADD R10, R10, UR9 ;                                 /* 0x000000090a0a7c35 */
                                                                                        /* 0x000fca000f8e0000 */
        /*15d0*/              @!P6 LDC.64 R4, c[0x0][0x390] ;                           /* 0x0000e400ff04eb82 */
                                                                                        /* 0x000e220000000a00 */
        /*15e0*/               @P1 IMAD.WIDE R12, R3, 0x4, R12 ;                        /* 0x00000004030c1825 */
                                                                                        /* 0x002fe200078e020c */
        /*15f0*/                   LEA.HI.X R3, R6, UR7, R7, 0x2, P4 ;                  /* 0x0000000706037c11 */
                                                                                        /* 0x000fe2000a0f1407 */
        /*1600*/                   ISETP.GE.OR P4, PT, R0, UR8, P2 ;                    /* 0x0000000800007c0c */
                                                                                        /* 0x000fe20009786670 */
        /*1610*/              @!P6 IADD R7, R8, R10.reuse ;                             /* 0x0000000a0807e235 */
                                                                                        /* 0x080fe400078e0000 */
        /*1620*/               @P1 STG.E desc[UR14][R12.64], R17 ;                      /* 0x000000110c001986 */
                                                                                        /* 0x0003e2000c10190e */
        /*1630*/                   ISETP.GE.AND P1, PT, R11, UR9, PT ;                  /* 0x000000090b007c0c */
                                                                                        /* 0x000fe2000bf26270 */
        /*1640*/                   SHF.R.S32.HI R11, RZ, 0x1f, R10 ;                    /* 0x0000001fff0b7819 */
                                                                                        /* 0x000fe4000001140a */
        /*1650*/              @!P5 STG.E desc[UR14][R2.64+0x4], R20 ;                   /* 0x000004140200d986 */
                                                                                        /* 0x000fe2000c10190e */
        /*1660*/              @!P6 IMAD.WIDE R6, R7, 0x4, R4 ;                          /* 0x000000040706e825 */
                                                                                        /* 0x001fe200078e0204 */
        /*1670*/                   ISETP.GE.OR P5, PT, R0, UR8, P1 ;                    /* 0x0000000800007c0c */
                                                                                        /* 0x000fe20008fa6670 */
        /*1680*/                   IADD.64 R4, R8, R10 ;                                /* 0x0000000a08047235 */
                                                                                        /* 0x000fc400078e0200 */
        /*1690*/                   IADD R0, R0, 0x3 ;                                   /* 0x0000000300007835 */
                                                                                        /* 0x000fe200078e0000 */
        /*16a0*/                   IADD R10, R10, UR9 ;                                 /* 0x000000090a0a7c35 */
                                                                                        /* 0x000fe2000f8e0000 */
        /*16b0*/              @!P4 STG.E desc[UR14][R2.64+0x8], R19 ;                   /* 0x000008130200c986 */
                                                                                        /* 0x000fe2000c10190e */
        /*16c0*/                   ISETP.GE.OR P4, PT, R15, UR8, P0 ;                   /* 0x000000080f007c0c */
                                                                                        /* 0x000fe40008786670 */
        /*16d0*/                   ISETP.GE.OR P0, PT, R0, UR8, P0 ;                    /* 0x0000000800007c0c */
                                                                                        /* 0x000fe20008706670 */
        /*16e0*/                   SHF.R.S32.HI R11, RZ, 0x1f, R10 ;                    /* 0x0000001fff0b7819 */
                                                                                        /* 0x000fc8000001140a */
        /*16f0*/              @!P5 STG.E desc[UR14][R2.64+0xc], R22 ;                   /* 0x00000c160200d986 */
                                                                                        /* 0x0001e2000c10190e */
        /*1700*/                   ISETP.GE.OR P5, PT, R14, UR8, P3 ;                   /* 0x000000080e007c0c */
                                                                                        /* 0x000fc60009fa6670 */
        /*1710*/              @!P6 STG.E desc[UR14][R6.64], R24 ;                       /* 0x000000180600e986 */
                                                                                        /* 0x0005e2000c10190e */
        /*1720*/                   LEA R16, P6, R4.reuse, UR6, 0x2 ;                    /* 0x0000000604107c11 */
                                                                                        /* 0x040fe2000f8c10ff */
        /*1730*/              @!P4 LDC.64 R12, c[0x0][0x390] ;                          /* 0x0000e400ff0ccb82 */
                                                                                        /* 0x002e660000000a00 */
        /*1740*/                   LEA.HI.X R17, R4, UR7, R5, 0x2, P6 ;                 /* 0x0000000704117c11 */
                                                                                        /* 0x000fe2000b0f1405 */
        /*1750*/                   IADD.64 R4, R8, R10 ;                                /* 0x0000000a08047235 */
                                                                                        /* 0x000fe400078e0200 */
        /*1760*/                   ISETP.GE.OR P6, PT, R14.reuse, UR8, P2 ;             /* 0x000000080e007c0c */
                                                                                        /* 0x040fe400097c6670 */
        /*1770*/              @!P5 STG.E desc[UR14][R16.64+0x4], R26 ;                  /* 0x0000041a1000d986 */
                                                                                        /* 0x0007e2000c10190e */
        /*1780*/                   ISETP.GE.OR P5, PT, R14, UR8, P1 ;                   /* 0x000000080e007c0c */
                                                                                        /* 0x000fe20008fa6670 */
        /*1790*/              @!P0 LDC.64 R2, c[0x0][0x390] ;                           /* 0x0000e400ff028b82 */
                                                                                        /* 0x001e220000000a00 */
        /*17a0*/              @!P4 IADD R7, R8, R10 ;                                   /* 0x0000000a0807c235 */
                                                                                        /* 0x004fe200078e0000 */
        /*17b0*/                   IADD R10, R10, UR9 ;                                 /* 0x000000090a0a7c35 */
                                                                                        /* 0x000fca000f8e0000 */
        /*17c0*/                   SHF.R.S32.HI R11, RZ, 0x1f, R10 ;                    /* 0x0000001fff0b7819 */
                                                                                        /* 0x000fe4000001140a */
        /*17d0*/              @!P6 STG.E desc[UR14][R16.64+0x8], R21 ;                  /* 0x000008151000e986 */
                                                                                        /* 0x0007e2000c10190e */
        /*17e0*/                   LEA R6, P6, R4, UR6, 0x2 ;                           /* 0x0000000604067c11 */
                                                                                        /* 0x000fc6000f8c10ff */
        /*17f0*/              @!P5 STG.E desc[UR14][R16.64+0xc], R28 ;                  /* 0x00000c1c1000d986 */
                                                                                        /* 0x0007e2000c10190e */
        /*1800*/                   ISETP.GE.OR P5, PT, R15, UR8, P3 ;                   /* 0x000000080f007c0c */
                                                                                        /* 0x000fe20009fa6670 */
        /*1810*/              @!P4 IMAD.WIDE R12, R7, 0x4, R12 ;                        /* 0x00000004070cc825 */
                                                                                        /* 0x002fe200078e020c */
        /*1820*/                   LEA.HI.X R7, R4, UR7, R5, 0x2, P6 ;                  /* 0x0000000704077c11 */
                                                                                        /* 0x000fe2000b0f1405 */
        /*1830*/                   ISETP.GE.OR P6, PT, R15.reuse, UR8, P1 ;             /* 0x000000080f007c0c */
                                                                                        /* 0x040fe20008fc6670 */
        /*1840*/              @!P0 IADD R5, R8.reuse, R10.reuse ;                       /* 0x0000000a08058235 */
                                                                                        /* 0x0c0fe400078e0000 */
        /*1850*/              @!P4 STG.E desc[UR14][R12.64], R23 ;                      /* 0x000000170c00c986 */
                                                                                        /* 0x0007e2000c10190e */
        /*1860*/                   ISETP.GE.OR P4, PT, R15, UR8, P2 ;                   /* 0x000000080f007c0c */
                                                                                        /* 0x000fe20009786670 */
        /*1870*/                   IADD.64 R8, R8, R10 ;                                /* 0x0000000a08087235 */
                                                                                        /* 0x000fe400078e0200 */
        /*1880*/                   ISETP.GE.OR P3, PT, R0.reuse, UR8, P3 ;              /* 0x0000000800007c0c */
                                                                                        /* 0x040fe20009f66670 */
        /*1890*/                   ISETP.GE.OR P2, PT, R0.reuse, UR8, P2 ;              /* 0x0000000800007c0c */
                                                                                        /* 0x040fe20009746670 */
        /*18a0*/                   ISETP.GE.OR P1, PT, R0, UR8, P1 ;                    /* 0x0000000800007c0c */
                                                                                        /* 0x000fe20008f26670 */
        /*18b0*/              @!P5 STG.E desc[UR14][R6.64+0x4], R30 ;                   /* 0x0000041e0600d986 */
                                                                                        /* 0x0007e2000c10190e */
        /*18c0*/                   LEA R4, P5, R8, UR6, 0x2 ;                           /* 0x0000000608047c11 */
                                                                                        /* 0x000fe2000f8a10ff */
        /*18d0*/              @!P0 IMAD.WIDE R2, R5, 0x4, R2 ;                          /* 0x0000000405028825 */
                                                                                        /* 0x001fc400078e0202 */
        /*18e0*/              @!P6 STG.E desc[UR14][R6.64+0xc], R32 ;                   /* 0x00000c200600e986 */
                                                                                        /* 0x0007e2000c10190e */
        /*18f0*/                   LEA.HI.X R5, R8, UR7, R9, 0x2, P5 ;                  /* 0x0000000708057c11 */
                                                                                        /* 0x000fc6000a8f1409 */
        /*1900*/              @!P4 STG.E desc[UR14][R6.64+0x8], R25 ;                   /* 0x000008190600c986 */
                                                                                        /* 0x0007e8000c10190e */
        /*1910*/              @!P0 STG.E desc[UR14][R2.64], R34 ;                       /* 0x0000002202008986 */
                                                                                        /* 0x0007e8000c10190e */
        /*1920*/              @!P3 STG.E desc[UR14][R4.64+0x4], R36 ;                   /* 0x000004240400b986 */
                                                                                        /* 0x0007e8000c10190e */
        /*1930*/              @!P2 STG.E desc[UR14][R4.64+0x8], R27 ;                   /* 0x0000081b0400a986 */
                                                                                        /* 0x0007e2000c10190e */
        /*1940*/               @P1 EXIT ;                                               /* 0x000000000000194d */
                                                                                        /* 0x000fea0003800000 */
        /*1950*/                   STG.E desc[UR14][R4.64+0xc], R29 ;                   /* 0x00000c1d04007986 */
                                                                                        /* 0x000fe2000c10190e */
        /*1960*/                   EXIT ;                                               /* 0x000000000000794d */
                                                                                        /* 0x000fea0003800000 */
        /*1970*/                   BRA 0x1970;                                          /* 0xfffffffc00fc7947 */
                                                                                        /* 0x000fc0000383ffff */
        /*1980*/                   NOP;                                                 /* 0x0000000000007918 */
                                                                                        /* 0x000fc00000000000 */
        /*1990*/                   NOP;                                                 /* 0x0000000000007918 */
                                                                                        /* 0x000fc00000000000 */
        /*19a0*/                   NOP;                                                 /* 0x0000000000007918 */
                                                                                        /* 0x000fc00000000000 */
        /*19b0*/                   NOP;                                                 /* 0x0000000000007918 */
                                                                                        /* 0x000fc00000000000 */
        /*19c0*/                   NOP;                                                 /* 0x0000000000007918 */
                                                                                        /* 0x000fc00000000000 */
        /*19d0*/                   NOP;                                                 /* 0x0000000000007918 */
                                                                                        /* 0x000fc00000000000 */
        /*19e0*/                   NOP;                                                 /* 0x0000000000007918 */
                                                                                        /* 0x000fc00000000000 */
        /*19f0*/                   NOP;                                                 /* 0x0000000000007918 */
                                                                                        /* 0x000fc00000000000 */
		..........


		Function : _Z19register_tiled_gemmILb0ELb1EEvPKfS1_PfiiiPK14CUtensorMap_st
	.headerflags	@"EF_CUDA_SM120 EF_CUDA_VIRTUAL_SM(EF_CUDA_SM120)"
        /*0000*/                   LDC R1, c[0x0][0x37c] ;                              /* 0x0000df00ff017b82 */
                                                                                        /* 0x000fe20000000800 */
        /*0010*/                   S2R R3, SR_TID.X ;                                   /* 0x0000000000037919 */
                                                                                        /* 0x000e2e0000002100 */
        /*0020*/                   LDC R18, c[0x0][0x3a0] ;                             /* 0x0000e800ff127b82 */
                                                                                        /* 0x000e620000000800 */
        /*0030*/                   UMOV UR4, 0x100 ;                                    /* 0x0000010000047882 */
                                                                                        /* 0x000fe20000000000 */
        /*0040*/                   LDCU.64 UR14, c[0x0][0x358] ;                        /* 0x00006b00ff0e77ac */
                                                                                        /* 0x000ea20008000a00 */
        /*0050*/                   S2R R0, SR_TID.Y ;                                   /* 0x0000000000007919 */
                                                                                        /* 0x000e220000002200 */
        /*0060*/                   HFMA2 R36, -RZ, RZ, 0, 0 ;                           /* 0x00000000ff247431 */
                                                                                        /* 0x000fe200000001ff */
        /*0070*/                   CS2R R28, SRZ ;                                      /* 0x00000000001c7805 */
                                                                                        /* 0x000fe2000001ff00 */
        /*0080*/                   HFMA2 R32, -RZ, RZ, 0, 0 ;                           /* 0x00000000ff207431 */
                                                                                        /* 0x000fe200000001ff */
        /*0090*/                   CS2R R26, SRZ ;                                      /* 0x00000000001a7805 */
                                                                                        /* 0x000fe2000001ff00 */
        /*00a0*/                   HFMA2 R19, -RZ, RZ, 0, 0 ;                           /* 0x00000000ff137431 */
                                                                                        /* 0x000fe200000001ff */
        /*00b0*/                   MOV R34, RZ ;                                        /* 0x000000ff00227202 */
                                                                                        /* 0x000fe20000000f00 */
        /*00c0*/                   CS2R R24, SRZ ;                                      /* 0x0000000000187805 */
                                                                                        /* 0x000fe2000001ff00 */
        /*00d0*/                   MOV R30, RZ ;                                        /* 0x000000ff001e7202 */
                                                                                        /* 0x000fe20000000f00 */
        /*00e0*/                   CS2R R22, SRZ ;                                      /* 0x0000000000167805 */
                                                                                        /* 0x000fe2000001ff00 */
        /*00f0*/                   CS2R R20, SRZ ;                                      /* 0x0000000000147805 */
                                                                                        /* 0x000fe2000001ff00 */
        /*0100*/                   MOV R17, RZ ;                                        /* 0x000000ff00117202 */
                                                                                        /* 0x000fe20000000f00 */
        /*0110*/                   IMAD R5, R0, 0x10, R3 ;                              /* 0x0000001000057824 */
                                                                                        /* 0x001fca00078e0203 */
        /*0120*/                   ISETP.NE.U32.AND P0, PT, R5, RZ, PT ;                /* 0x000000ff0500720c */
                                                                                        /* 0x000fda0003f05070 */
        /*0130*/              @!P0 S2R R7, SR_CgaCtaId ;                                /* 0x0000000000078919 */
                                                                                        /* 0x000e220000008800 */
        /*0140*/              @!P0 MOV R2, 0x400 ;                                      /* 0x0000040000028802 */
                                                                                        /* 0x000fe20000000f00 */
        /*0150*/                   VOTEU.ALL UP0, P0 ;                                  /* 0x0000000000ff7886 */
                                                                                        /* 0x000fc80000000000 */
        /*0160*/              @!P0 IADD R2, R2, 0x2000 ;                                /* 0x0000200002028835 */
                                                                                        /* 0x000fe200078e0000 */
        /*0170*/                   @!UP0 UIADD3 UR4, UPT, UPT, -UR4, 0x100000, URZ ;    /* 0x0010000004048890 */
                                                                                        /* 0x000fc8000fffe1ff */
        /*0180*/                   @!UP0 USHF.L.U32 UR5, UR4, 0xb, URZ ;                /* 0x0000000b04058899 */
                                                                                        /* 0x000fe200080006ff */
        /*0190*/                   @!UP0 USHF.L.U32 UR4, UR4, 0x1, URZ ;                /* 0x0000000104048899 */
                                                                                        /* 0x000fe200080006ff */
        /*01a0*/                   VOTEU.ALL UP0, P0 ;                                  /* 0x0000000000ff7886 */
                                                                                        /* 0x000fe20000000000 */
        /*01b0*/              @!P0 LEA R2, R7, R2, 0x18 ;                               /* 0x0000000207028211 */
                                                                                        /* 0x001fc800078ec0ff */
        /*01c0*/              @!P0 R2UR UR6, R2 ;                                       /* 0x00000000020682ca */
                                                                                        /* 0x000fe200000e0000 */
        /*01d0*/                   ISETP.GE.AND P0, PT, R18, 0x1, PT ;                  /* 0x000000011200780c */
                                                                                        /* 0x002fd80003f06270 */
        /*01e0*/                   @!UP0 SYNCS.EXCH.64 URZ, [UR6], UR4 ;                /* 0x0000000406ff85b2 */
                                                                                        /* 0x0000640008000100 */
        /*01f0*/                   BAR.SYNC.DEFER_BLOCKING 0x0 ;                        /* 0x0000000000007b1d */
                                                                                        /* 0x002fec0000010000 */
        /*0200*/              @!P0 BRA 0x13e0 ;                                         /* 0x0000001000748947 */
                                                                                        /* 0x000fea0003800000 */
        /*0210*/                   S2R R9, SR_CTAID.X ;                                 /* 0x0000000000097919 */
                                                                                        /* 0x000e620000002500 */
        /*0220*/                   S2UR UR6, SR_CgaCtaId ;                              /* 0x00000000000679c3 */
                                                                                        /* 0x001e220000008800 */
        /*0230*/                   IMAD.SHL.U32 R16, R3, 0x4, RZ ;                      /* 0x0000000403107824 */
                                                                                        /* 0x000fe200078e00ff */
        /*0240*/                   UMOV UR5, 0x400 ;                                    /* 0x0000040000057882 */
                                                                                        /* 0x000fe20000000000 */
        /*0250*/                   IMAD.SHL.U32 R6, R5.reuse, 0x10, RZ ;                /* 0x0000001005067824 */
                                                                                        /* 0x040fe200078e00ff */
        /*0260*/                   LOP3.LUT R4, R5, 0x7ffc, RZ, 0xc0, !PT ;             /* 0x00007ffc05047812 */
                                                                                        /* 0x000fe200078ec0ff */
        /*0270*/                   IMAD.SHL.U32 R7, R3.reuse, 0x10, RZ ;                /* 0x0000001003077824 */
                                                                                        /* 0x040fe200078e00ff */
        /*0280*/                   LOP3.LUT R2, R16, 0x3c, RZ, 0xc0, !PT ;              /* 0x0000003c10027812 */
                                                                                        /* 0x000fe200078ec0ff */
        /*0290*/                   IMAD.SHL.U32 R8, R3, 0x400, RZ ;                     /* 0x0000040003087824 */
                                                                                        /* 0x000fe200078e00ff */
        /*02a0*/                   S2UR UR4, SR_CTAID.Y ;                               /* 0x00000000000479c3 */
                                                                                        /* 0x000ee20000002600 */
        /*02b0*/                   LOP3.LUT P1, RZ, R18, 0xf, RZ, 0xc0, !PT ;           /* 0x0000000f12ff7812 */
                                                                                        /* 0x000fc4000782c0ff */
        /*02c0*/                   LOP3.LUT R6, R6, 0x7ff00, RZ, 0xc0, !PT ;            /* 0x0007ff0006067812 */
                                                                                        /* 0x000fe400078ec0ff */
        /*02d0*/                   LOP3.LUT R7, R7, 0xf0, RZ, 0xc0, !PT ;               /* 0x000000f007077812 */
                                                                                        /* 0x000fe200078ec0ff */
        /*02e0*/                   MOV R29, RZ ;                                        /* 0x000000ff001d7202 */
                                                                                        /* 0x000fe40000000f00 */
        /*02f0*/                   LDC R11, c[0x0][0x39c] ;                             /* 0x0000e700ff0b7b82 */
                                                                                        /* 0x000f220000000800 */
        /*0300*/                   LOP3.LUT R16, R16, 0xc, RZ, 0xc0, !PT ;              /* 0x0000000c10107812 */
                                                                                        /* 0x000fe200078ec0ff */
        /*0310*/                   ULEA UR7, UR6, UR5, 0x18 ;                           /* 0x0000000506077291 */
                                                                                        /* 0x001fe2000f8ec0ff */
        /*0320*/                   UIADD3 UR5, UPT, UPT, UR5, 0x1000, URZ ;             /* 0x0000100005057890 */
                                                                                        /* 0x000fc8000fffe0ff */
        /*0330*/                   ULEA UR5, UR6, UR5, 0x18 ;                           /* 0x0000000506057291 */
                                                                                        /* 0x000fe2000f8ec0ff */
        /*0340*/                   IMAD R2, R9.reuse, 0x40, R2 ;                        /* 0x0000004009027824 */
                                                                                        /* 0x042fe200078e0202 */
        /*0350*/                   USHF.L.U32 UR4, UR4, 0x6, URZ ;                      /* 0x0000000604047899 */
                                                                                        /* 0x008fe200080006ff */
        /*0360*/                   LEA R10, R9, 0x40, 0x6 ;                             /* 0x00000040090a7811 */
                                                                                        /* 0x000fe400078e30ff */
        /*0370*/                   LOP3.LUT R9, R8, 0xc00, RZ, 0xc0, !PT ;              /* 0x00000c0008097812 */
                                                                                        /* 0x000fe400078ec0ff */
        /*0380*/                   IADD3 R6, PT, PT, R7, UR5, R6 ;                      /* 0x0000000507067c10 */
                                                                                        /* 0x000fe4000fffe006 */
        /*0390*/                   LEA.HI R5, R5, UR4, RZ, 0x1e ;                       /* 0x0000000405057c11 */
                                                                                        /* 0x000fe2000f8ff0ff */
        /*03a0*/                   UMOV UR4, URZ ;                                      /* 0x000000ff00047c82 */
                                                                                        /* 0x000fe20008000000 */
        /*03b0*/                   IADD3 R4, PT, PT, R9, UR7, R4 ;                      /* 0x0000000709047c10 */
                                                                                        /* 0x000fe2000fffe004 */
        /*03c0*/                   ISETP.LE.AND P1, PT, R10, R11, !P1 ;                 /* 0x0000000b0a00720c */
                                                                                        /* 0x010fe20004f23270 */
        /*03d0*/                   MOV R7, RZ ;                                         /* 0x000000ff00077202 */
                                                                                        /* 0x000fe20000000f00 */
        /*03e0*/                   IMAD R18, R5, R18, RZ ;                              /* 0x0000001205127224 */
                                                                                        /* 0x004fd600078e02ff */
        /*03f0*/                   LDCU UR7, c[0x0][0x3a0] ;                            /* 0x00007400ff0777ac */
                                                                                        /* 0x001e220008000800 */
        /*0400*/                   IADD R15, R16, UR4 ;                                 /* 0x00000004100f7c35 */
                                                                                        /* 0x002fe2000f8e0000 */
        /*0410*/                   BSSY.RECONVERGENT B0, 0x820 ;                        /* 0x0000040000007945 */
                                                                                        /* 0x000fe20003800200 */
        /*0420*/                   LDCU UR5, c[0x0][0x398] ;                            /* 0x00007300ff0577ac */
                                                                                        /* 0x000e660008000800 */
        /*0430*/                   IADD R8, R15, 0x3 ;                                  /* 0x000000030f087835 */
                                                                                        /* 0x000fe200078e0000 */
        /*0440*/                   UMOV UR11, UR4 ;                                     /* 0x00000004000b7c82 */
                                                                                        /* 0x000fc80008000000 */
        /*0450*/                   ISETP.GE.AND P0, PT, R8, UR7, PT ;                   /* 0x0000000708007c0c */
                                                                                        /* 0x001fe2000bf06270 */
        /*0460*/                   ISETP.GE.AND P3, PT, R5, UR5, PT ;                   /* 0x0000000505007c0c */
                                                                                        /* 0x002fc8000bf66270 */
        /*0470*/                   ISETP.GE.OR P2, PT, R5, UR5, P0 ;                    /* 0x0000000505007c0c */
                                                                                        /* 0x000fe20008746670 */
        /*0480*/                   UIADD3 UR5, UPT, UPT, UR4, 0x10, URZ ;               /* 0x0000001004057890 */
                                                                                        /* 0x000fce000fffe0ff */
        /*0490*/                   UMOV UR4, UR5 ;                                      /* 0x0000000500047c82 */
                                                                                        /* 0x000fca0008000000 */
        /*04a0*/               @P2 BRA 0x570 ;                                          /* 0x0000000000302947 */
                                                                                        /* 0x004fea0003800000 */
        /*04b0*/                   LDC.64 R8, c[0x0][0x380] ;                           /* 0x0000e000ff087b82 */
                                                                                        /* 0x000e220000000a00 */
        /*04c0*/                   IADD R15, R18, R15 ;                                 /* 0x0000000f120f7235 */
                                                                                        /* 0x000fca00078e0000 */
        /*04d0*/                   IMAD.WIDE.U32 R8, R15, 0x4, R8 ;                     /* 0x000000040f087825 */
                                                                                        /* 0x001fca00078e0008 */
        /*04e0*/                   LDG.E.CONSTANT R11, desc[UR14][R8.64] ;              /* 0x0000000e080b7981 */
                                                                                        /* 0x000ea8000c1e9900 */
        /*04f0*/                   LDG.E.CONSTANT R13, desc[UR14][R8.64+0x4] ;          /* 0x0000040e080d7981 */
                                                                                        /* 0x000ee8000c1e9900 */
        /*0500*/                   LDG.E.CONSTANT R15, desc[UR14][R8.64+0x8] ;          /* 0x0000080e080f7981 */
                                                                                        /* 0x000f28000c1e9900 */
        /*0510*/                   LDG.E.CONSTANT R31, desc[UR14][R8.64+0xc] ;          /* 0x00000c0e081f7981 */
                                                                                        /* 0x000f68000c1e9900 */
        /*0520*/                   STS [R4], R11 ;                                      /* 0x0000000b04007388 */
                                                                                        /* 0x0041e80000000800 */
        /*0530*/                   STS [R4+0x100], R13 ;                                /* 0x0001000d04007388 */
                                                                                        /* 0x0081e80000000800 */
        /*0540*/                   STS [R4+0x200], R15 ;                                /* 0x0002000f04007388 */
                                                                                        /* 0x0101e80000000800 */
        /*0550*/                   STS [R4+0x300], R31 ;                                /* 0x0003001f04007388 */
                                                                                        /* 0x0201e20000000800 */
        /*0560*/                   BRA 0x800 ;                                          /* 0x0000000000a47947 */
                                                                                        /* 0x000fea0003800000 */
        /*0570*/               @P3 BRA 0x750 ;                                          /* 0x0000000000743947 */
                                                                                        /* 0x000fea0003800000 */
        /*0580*/                   ISETP.GE.AND P2, PT, R15, UR7, PT ;                  /* 0x000000070f007c0c */
                                                                                        /* 0x000fe2000bf46270 */
        /*0590*/                   LDCU.64 UR8, c[0x0][0x380] ;                         /* 0x00007000ff0877ac */
                                                                                        /* 0x000e220008000a00 */
        /*05a0*/                   MOV R10, R18 ;                                       /* 0x00000012000a7202 */
                                                                                        /* 0x000fe20000000f00 */
        /*05b0*/                   HFMA2 R11, -RZ, RZ, 0, 0 ;                           /* 0x00000000ff0b7431 */
                                                                                        /* 0x000fe200000001ff */
        /*05c0*/                   MOV R12, R15 ;                                       /* 0x0000000f000c7202 */
                                                                                        /* 0x000fe20000000f00 */
        /*05d0*/                   HFMA2 R13, -RZ, RZ, 0, 0 ;                           /* 0x00000000ff0d7431 */
                                                                                        /* 0x000fca00000001ff */
        /*05e0*/                   IADD.64 R12, R10, R12 ;                              /* 0x0000000c0a0c7235 */
                                                                                        /* 0x000fe400078e0200 */
        /*05f0*/                   IADD R10, R15.reuse, 0x1 ;                           /* 0x000000010f0a7835 */
                                                                                        /* 0x040fe200078e0000 */
        /*0600*/              @!P2 LDC.64 R8, c[0x0][0x380] ;                           /* 0x0000e000ff08ab82 */
                                                                                        /* 0x000e620000000a00 */
        /*0610*/                   IADD R11, R15, 0x2 ;                                 /* 0x000000020f0b7835 */
                                                                                        /* 0x000fe200078e0000 */
        /*0620*/              @!P2 IADD R15, R18, R15 ;                                 /* 0x0000000f120fa235 */
                                                                                        /* 0x000fe400078e0000 */
        /*0630*/                   ISETP.GE.AND P3, PT, R10, UR7, PT ;                  /* 0x000000070a007c0c */
                                                                                        /* 0x000fe4000bf66270 */
        /*0640*/                   ISETP.GE.AND P4, PT, R11, UR7, PT ;                  /* 0x000000070b007c0c */
                                                                                        /* 0x000fe2000bf86270 */
        /*0650*/                   LEA R10, P5, R12, UR8, 0x2 ;                         /* 0x000000080c0a7c11 */
                                                                                        /* 0x001fe2000f8a10ff */
        /*0660*/                   HFMA2 R33, -RZ, RZ, 0, 0 ;                           /* 0x00000000ff217431 */
                                                                                        /* 0x000fe200000001ff */
        /*0670*/                   MOV R31, RZ ;                                        /* 0x000000ff001f7202 */
                                                                                        /* 0x000fc40000000f00 */
        /*0680*/                   LEA.HI.X R11, R12, UR9, R13, 0x2, P5 ;               /* 0x000000090c0b7c11 */
                                                                                        /* 0x000fe2000a8f140d */
        /*0690*/                   HFMA2 R13, -RZ, RZ, 0, 0 ;                           /* 0x00000000ff0d7431 */
                                                                                        /* 0x000fc800000001ff */
        /*06a0*/              @!P0 LDG.E.CONSTANT R33, desc[UR14][R10.64+0xc] ;         /* 0x00000c0e0a218981 */
                                                                                        /* 0x000ea8000c1e9900 */
        /*06b0*/              @!P3 LDG.E.CONSTANT R13, desc[UR14][R10.64+0x4] ;         /* 0x0000040e0a0db981 */
                                                                                        /* 0x000ee2000c1e9900 */
        /*06c0*/              @!P2 IMAD.WIDE.U32 R8, R15, 0x4, R8 ;                     /* 0x000000040f08a825 */
                                                                                        /* 0x002fe200078e0008 */
        /*06d0*/                   MOV R15, RZ ;                                        /* 0x000000ff000f7202 */
                                                                                        /* 0x000fe40000000f00 */
        /*06e0*/              @!P4 LDG.E.CONSTANT R31, desc[UR14][R10.64+0x8] ;         /* 0x0000080e0a1fc981 */
                                                                                        /* 0x000f28000c1e9900 */
        /*06f0*/              @!P2 LDG.E.CONSTANT R15, desc[UR14][R8.64] ;              /* 0x0000000e080fa981 */
                                                                                        /* 0x000f68000c1e9900 */
        /*0700*/                   STS [R4+0x300], R33 ;                                /* 0x0003002104007388 */
                                                                                        /* 0x0045e80000000800 */
        /*0710*/                   STS [R4+0x100], R13 ;                                /* 0x0001000d04007388 */
                                                                                        /* 0x0085e80000000800 */
        /*0720*/                   STS [R4+0x200], R31 ;                                /* 0x0002001f04007388 */
                                                                                        /* 0x0105e80000000800 */
        /*0730*/                   STS [R4], R15 ;                                      /* 0x0000000f04007388 */
                                                                                        /* 0x0205e20000000800 */
        /*0740*/                   BRA 0x800 ;                                          /* 0x00000000002c7947 */
                                                                                        /* 0x000fea0003800000 */
        /*0750*/                   S2UR UR6, SR_CgaCtaId ;                              /* 0x00000000000679c3 */
                                                                                        /* 0x000e220000008800 */
        /*0760*/                   UMOV UR5, 0x400 ;                                    /* 0x0000040000057882 */
                                                                                        /* 0x000fe20000000000 */
        /*0770*/                   IMAD R8, R0, 0x10, R3 ;                              /* 0x0000001000087824 */
                                                                                        /* 0x000fca00078e0203 */
        /*0780*/                   LOP3.LUT R9, R8, 0x7ffc, RZ, 0xc0, !PT ;             /* 0x00007ffc08097812 */
                                                                                        /* 0x000fe200078ec0ff */
        /*0790*/                   ULEA UR5, UR6, UR5, 0x18 ;                           /* 0x0000000506057291 */
                                                                                        /* 0x001fcc000f8ec0ff */
        /*07a0*/                   LEA R8, R16, UR5, 0x8 ;                              /* 0x0000000510087c11 */
                                                                                        /* 0x000fca000f8e40ff */
        /*07b0*/                   IADD R8, R9, R8 ;                                    /* 0x0000000809087235 */
                                                                                        /* 0x000fca00078e0000 */
        /*07c0*/                   STS [R8], RZ ;                                       /* 0x000000ff08007388 */
                                                                                        /* 0x0003e80000000800 */
        /*07d0*/                   STS [R8+0x100], RZ ;                                 /* 0x000100ff08007388 */
                                                                                        /* 0x0003e80000000800 */
        /*07e0*/                   STS [R8+0x200], RZ ;                                 /* 0x000200ff08007388 */
                                                                                        /* 0x0003e80000000800 */
        /*07f0*/                   STS [R8+0x300], RZ ;                                 /* 0x000300ff08007388 */
                                                                                        /* 0x0003e40000000800 */
        /*0800*/                   NOP ;                                                /* 0x0000000000007918 */
                                                                                        /* 0x000fe20000000000 */
        /*0810*/                   BSYNC.RECONVERGENT B0 ;                              /* 0x0000000000007941 */
                                                                                        /* 0x000fea0003800200 */
        /*0820*/                   IMAD R13, R0, 0x10, R3 ;                             /* 0x00000010000d7824 */
                                                                                        /* 0x005fe200078e0203 */
        /*0830*/              @!P1 BRA 0xab0 ;                                          /* 0x00000000009c9947 */
                                                                                        /* 0x000fec0003800000 */
        /*0840*/                   ISETP.NE.U32.AND P0, PT, R13, RZ, PT ;               /* 0x000000ff0d00720c */
                                                                                        /* 0x000fe20003f05070 */
        /*0850*/                   BSSY.RECONVERGENT B0, 0xa40 ;                        /* 0x000001e000007945 */
                                                                                        /* 0x000fd80003800200 */
        /*0860*/               @P0 BRA 0x9c0 ;                                          /* 0x0000000000540947 */
                                                                                        /* 0x000fea0003800000 */
        /*0870*/                   S2UR UR8, SR_CgaCtaId ;                              /* 0x00000000000879c3 */
                                                                                        /* 0x000e220000008800 */
        /*0880*/                   UMOV UR5, 0x400 ;                                    /* 0x0000040000057882 */
                                                                                        /* 0x000fe20000000000 */
        /*0890*/                   MOV R8, 0x1000 ;                                     /* 0x0000100000087802 */
                                                                                        /* 0x002fe20000000f00 */
        /*08a0*/                   UIADD3 UR6, UPT, UPT, UR5, 0x2000, URZ ;             /* 0x0000200005067890 */
                                                                                        /* 0x000fe2000fffe0ff */
        /*08b0*/                   UIADD3 UR5, UPT, UPT, UR5, 0x1000, URZ ;             /* 0x0000100005057890 */
                                                                                        /* 0x000fe2000fffe0ff */
        /*08c0*/                   PLOP3.LUT P0, PT, PT, PT, PT, 0x80, 0x8 ;            /* 0x000000000008781c */
                                                                                        /* 0x000fe20003f0f070 */
        /*08d0*/                   LDCU.64 UR16, c[0x0][0x3a8] ;                        /* 0x00007500ff1077ac */
                                                                                        /* 0x000e640008000a00 */
        /*08e0*/                   S2UR UR10, SR_CTAID.X ;                              /* 0x00000000000a79c3 */
                                                                                        /* 0x000ea20000002500 */
        /*08f0*/                   UMOV UR12, URZ ;                                     /* 0x000000ff000c7c82 */
                                                                                        /* 0x000fe20008000000 */
        /*0900*/                   ULEA UR6, UR8, UR6, 0x18 ;                           /* 0x0000000608067291 */
                                                                                        /* 0x001fe2000f8ec0ff */
        /*0910*/                   ULEA UR8, UR8, UR5, 0x18 ;                           /* 0x0000000508087291 */
                                                                                        /* 0x000fca000f8ec0ff */
        /*0920*/                   MOV R9, UR6 ;                                        /* 0x0000000600097c02 */
                                                                                        /* 0x000fe20008000f00 */
        /*0930*/                   USHF.L.U32 UR10, UR10, 0x6, URZ ;                    /* 0x000000060a0a7899 */
                                                                                        /* 0x004fc600080006ff */
        /*0940*/                   SYNCS.ARRIVE.TRANS64 RZ, [R9+URZ], R8 ;              /* 0x0000000809ff79a7 */
                                                                                        /* 0x0001e200080000ff */
        /*0950*/                   R2UR UR9, R9 ;                                       /* 0x00000000090972ca */
                                                                                        /* 0x002fde00000e0000 */
        /*0960*/               @P0 ELECT P2, URZ, PT ;                                  /* 0x0000000000ff082f */
                                                                                        /* 0x000fe20003840000 */
        /*0970*/                   UTMALDG.3D [UR8], [UR16] ;                           /* 0x00000008100075b4 */
                                                                                        /* 0x0023d80008010000 */
        /*0980*/               @P2 PLOP3.LUT P0, PT, P2, PT, PT, 0x8, 0x80 ;            /* 0x000000000080281c */
                                                                                        /* 0x000fe4000170e170 */
        /*0990*/                   PLOP3.LUT P2, PT, PT, PT, PT, 0x8, 0x80 ;            /* 0x000000000080781c */
                                                                                        /* 0x000fd60003f4e170 */
        /*09a0*/               @P0 BRA.U.ANY 0x960 ;                                    /* 0xfffffffd00ec0947 */
                                                                                        /* 0x001fea000393ffff */
        /*09b0*/                   BRA 0xa20 ;                                          /* 0x0000000000187947 */
                                                                                        /* 0x000fea0003800000 */
        /*09c0*/                   S2UR UR6, SR_CgaCtaId ;                              /* 0x00000000000679c3 */
                                                                                        /* 0x000e220000008800 */
        /*09d0*/                   UMOV UR5, 0x400 ;                                    /* 0x0000040000057882 */
                                                                                        /* 0x000fe40000000000 */
        /*09e0*/                   UIADD3 UR5, UPT, UPT, UR5, 0x2000, URZ ;             /* 0x0000200005057890 */
                                                                                        /* 0x000fc8000fffe0ff */
        /*09f0*/                   ULEA UR5, UR6, UR5, 0x18 ;                           /* 0x0000000506057291 */
                                                                                        /* 0x001fcc000f8ec0ff */
        /*0a00*/                   MOV R9, UR5 ;                                        /* 0x0000000500097c02 */
                                                                                        /* 0x000fc80008000f00 */
        /*0a10*/                   SYNCS.ARRIVE.TRANS64.A1T0 RZ, [R9+URZ], RZ ;         /* 0x000000ff09ff79a7 */
                                                                                        /* 0x0005e600081000ff */
        /*0a20*/                   NOP ;                                                /* 0x0000000000007918 */
                                                                                        /* 0x000fe20000000000 */
        /*0a30*/                   BSYNC.RECONVERGENT B0 ;                              /* 0x0000000000007941 */
                                                                                        /* 0x002fea0003800200 */
        /*0a40*/                   BSSY.RECONVERGENT B0, 0xaa0 ;                        /* 0x0000005000007945 */
                                                                                        /* 0x000fe20003800200 */
        /*0a50*/                   SHF.L.U32 R8, R7, 0x1f, RZ ;                         /* 0x0000001f07087819 */
                                                                                        /* 0x001fce00000006ff */
        /*0a60*/                   SYNCS.PHASECHK.TRANS64.TRYWAIT P0, [R9+URZ], R8 ;    /* 0x00000008090075a7 */
                                                                                        /* 0x000e2400080011ff */
        /*0a70*/              @!P0 BRA 0xa60 ;                                          /* 0xfffffffc00f88947 */
                                                                                        /* 0x005fea000383ffff */
        /*0a80*/                   NOP ;                                                /* 0x0000000000007918 */
                                                                                        /* 0x000fe20000000000 */
        /*0a90*/                   BSYNC.RECONVERGENT B0 ;                              /* 0x0000000000007941 */
                                                                                        /* 0x000fea0003800200 */
        /*0aa0*/                   BRA 0xda0 ;                                          /* 0x0000000000bc7947 */
                                                                                        /* 0x000fea0003800000 */
        /*0ab0*/                   LDCU UR5, c[0x0][0x39c] ;                            /* 0x00007380ff0577ac */
                                                                                        /* 0x000e220008000800 */
        /*0ac0*/                   IADD R8, R2, 0x3 ;                                   /* 0x0000000302087835 */
                                                                                        /* 0x002fe200078e0000 */
        /*0ad0*/                   LEA.HI R13, R13, UR11, RZ, 0x1c ;                    /* 0x0000000b0d0d7c11 */
                                                                                        /* 0x000fe2000f8fe0ff */
        /*0ae0*/                   BSSY.RECONVERGENT B0, 0xda0 ;                        /* 0x000002b000007945 */
                                                                                        /* 0x000fe80003800200 */
        /*0af0*/                   ISETP.GE.AND P3, PT, R13, UR7, PT ;                  /* 0x000000070d007c0c */
                                                                                        /* 0x000fe2000bf66270 */
        /*0b00*/                   ISETP.GE.AND P0, PT, R8, UR5, PT ;                   /* 0x0000000508007c0c */
                                                                                        /* 0x001fca000bf06270 */
        /*0b10*/                   ISETP.GE.OR P2, PT, R13, UR7, P0 ;                   /* 0x000000070d007c0c */
                                                                                        /* 0x000fda0008746670 */
        /*0b20*/               @P2 BRA 0xb90 ;                                          /* 0x0000000000182947 */
                                                                                        /* 0x000fea0003800000 */
        /*0b30*/                   LDC.64 R8, c[0x0][0x388] ;                           /* 0x0000e200ff087b82 */
                                                                                        /* 0x000e220000000a00 */
        /*0b40*/                   IMAD R11, R13, UR5, R2 ;                             /* 0x000000050d0b7c24 */
                                                                                        /* 0x000fc8000f8e0202 */
        /*0b50*/                   IMAD.WIDE R8, R11, 0x4, R8 ;                         /* 0x000000040b087825 */
                                                                                        /* 0x001fcc00078e0208 */
        /*0b60*/                   LDG.E.128.CONSTANT R8, desc[UR14][R8.64] ;           /* 0x0000000e08087981 */
                                                                                        /* 0x000ea8000c1e9d00 */
        /*0b70*/                   STS.128 [R6], R8 ;                                   /* 0x0000000806007388 */
                                                                                        /* 0x0041e20000000c00 */
        /*0b80*/                   BRA 0xd80 ;                                          /* 0x00000000007c7947 */
                                                                                        /* 0x000fea0003800000 */
        /*0b90*/               @P3 BRA 0xd70 ;                                          /* 0x0000000000743947 */
                                                                                        /* 0x000fea0003800000 */
        /*0ba0*/                   ISETP.GE.AND P2, PT, R2.reuse, UR5, PT ;             /* 0x0000000502007c0c */
                                                                                        /* 0x040fe2000bf46270 */
        /*0bb0*/                   LDCU.64 UR8, c[0x0][0x388] ;                         /* 0x00007100ff0877ac */
                                                                                        /* 0x000e220008000a00 */
        /*0bc0*/                   IMAD R12, R13, UR5, RZ ;                             /* 0x000000050d0c7c24 */
                                                                                        /* 0x000fe2000f8e02ff */
        /*0bd0*/                   MOV R8, R2 ;                                         /* 0x0000000200087202 */
                                                                                        /* 0x000fe20000000f00 */
        /*0be0*/                   HFMA2 R9, -RZ, RZ, 0, 0 ;                            /* 0x00000000ff097431 */
                                                                                        /* 0x000fe200000001ff */
        /*0bf0*/                   IADD R14, R2.reuse, 0x1 ;                            /* 0x00000001020e7835 */
                                                                                        /* 0x040fe200078e0000 */
        /*0c00*/                   IADD R15, R2, 0x2 ;                                  /* 0x00000002020f7835 */
                                                                                        /* 0x000fe200078e0000 */
        /*0c10*/                   SHF.R.S32.HI R13, RZ, 0x1f, R12 ;                    /* 0x0000001fff0d7819 */
                                                                                        /* 0x000fc6000001140c */
        /*0c20*/                   ISETP.GE.AND P3, PT, R14, UR5, PT ;                  /* 0x000000050e007c0c */
                                                                                        /* 0x000fe2000bf66270 */
        /*0c30*/                   ISETP.GE.AND P4, PT, R15, UR5, PT ;                  /* 0x000000050f007c0c */
                                                                                        /* 0x000fe2000bf86270 */
        /*0c40*/                   IADD.64 R8, R8, R12 ;                                /* 0x0000000c08087235 */
                                                                                        /* 0x000fe400078e0200 */
        /*0c50*/              @!P2 LDC.64 R10, c[0x0][0x388] ;                          /* 0x0000e200ff0aab82 */
                                                                                        /* 0x000e620000000a00 */
        /*0c60*/              @!P2 IADD R13, R2, R12 ;                                  /* 0x0000000c020da235 */
                                                                                        /* 0x000fe200078e0000 */
        /*0c70*/                   MOV R15, RZ ;                                        /* 0x000000ff000f7202 */
                                                                                        /* 0x000fe20000000f00 */
        /*0c80*/                   MOV R31, RZ ;                                        /* 0x000000ff001f7202 */
                                                                                        /* 0x000fe20000000f00 */
        /*0c90*/                   HFMA2 R33, -RZ, RZ, 0, 0 ;                           /* 0x00000000ff217431 */
                                                                                        /* 0x000fe400000001ff */
        /*0ca0*/              @!P2 IMAD.WIDE R12, R13, 0x4, R10 ;                       /* 0x000000040d0ca825 */
                                                                                        /* 0x002fe200078e020a */
        /*0cb0*/                   LEA R10, P5, R8, UR8, 0x2 ;                          /* 0x00000008080a7c11 */
                                                                                        /* 0x001fc8000f8a10ff */
        /*0cc0*/                   LEA.HI.X R11, R8, UR9, R9, 0x2, P5 ;                 /* 0x00000009080b7c11 */
                                                                                        /* 0x000fe2000a8f1409 */
        /*0cd0*/                   HFMA2 R9, -RZ, RZ, 0, 0 ;                            /* 0x00000000ff097431 */
                                                                                        /* 0x000fe200000001ff */
        /*0ce0*/              @!P2 LDG.E.CONSTANT R15, desc[UR14][R12.64] ;             /* 0x0000000e0c0fa981 */
                                                                                        /* 0x000ea8000c1e9900 */
        /*0cf0*/              @!P4 LDG.E.CONSTANT R31, desc[UR14][R10.64+0x8] ;         /* 0x0000080e0a1fc981 */
                                                                                        /* 0x000ee8000c1e9900 */
        /*0d00*/              @!P3 LDG.E.CONSTANT R9, desc[UR14][R10.64+0x4] ;          /* 0x0000040e0a09b981 */
                                                                                        /* 0x000f28000c1e9900 */
        /*0d10*/              @!P0 LDG.E.CONSTANT R33, desc[UR14][R10.64+0xc] ;         /* 0x00000c0e0a218981 */
                                                                                        /* 0x000f68000c1e9900 */
        /*0d20*/                   STS [R6], R15 ;                                      /* 0x0000000f06007388 */
                                                                                        /* 0x0043e80000000800 */
        /*0d30*/                   STS [R6+0x8], R31 ;                                  /* 0x0000081f06007388 */
                                                                                        /* 0x0083e80000000800 */
        /*0d40*/                   STS [R6+0x4], R9 ;                                   /* 0x0000040906007388 */
                                                                                        /* 0x0103e80000000800 */
        /*0d50*/                   STS [R6+0xc], R33 ;                                  /* 0x00000c2106007388 */
                                                                                        /* 0x0203e20000000800 */
        /*0d60*/                   BRA 0xd80 ;                                          /* 0x0000000000047947 */
                                                                                        /* 0x000fea0003800000 */
        /*0d70*/                   STS.128 [R6], RZ ;                                   /* 0x000000ff06007388 */
                                                                                        /* 0x0005e40000000c00 */
        /*0d80*/                   NOP ;                                                /* 0x0000000000007918 */
                                                                                        /* 0x000fe20000000000 */
        /*0d90*/                   BSYNC.RECONVERGENT B0 ;                              /* 0x0000000000007941 */
                                                                                        /* 0x000fea0003800200 */
        /*0da0*/                   BAR.SYNC.DEFER_BLOCKING 0x0 ;                        /* 0x0000000000007b1d */
                                                                                        /* 0x000fe20000010000 */
        /*0db0*/                   UISETP.GE.AND UP0, UPT, UR11, UR7, UPT ;             /* 0x000000070b00728c */
                                                                                        /* 0x000fd2000bf06270 */
        /*0dc0*/                   BRA.U UP0, 0x1380 ;                                  /* 0x00000005006c7547 */
                                                                                        /* 0x000fea000b800000 */
        /*0dd0*/                   IMAD.SHL.U32 R31, R7, 0x10, RZ ;                     /* 0x00000010071f7824 */
                                                                                        /* 0x002fe200078e00ff */
        /*0de0*/                   UVIMNMX.S32 UR9, UR4, UR7, UPT ;                     /* 0x000000070409724a */
                                                                                        /* 0x000fe2000bfe0100 */
        /*0df0*/                   UMOV UR5, URZ ;                                      /* 0x000000ff00057c82 */
                                                                                        /* 0x000fc60008000000 */
        /*0e00*/                   IADD R8, R31, 0x1 ;                                  /* 0x000000011f087835 */
                                                                                        /* 0x001fca00078e0000 */
        /*0e10*/                   ISETP.NE.U32.AND P0, PT, R8, UR9, PT ;               /* 0x0000000908007c0c */
                                                                                        /* 0x000fda000bf05070 */
        /*0e20*/              @!P0 BRA 0x11d0 ;                                         /* 0x0000000000e88947 */
                                                                                        /* 0x000fea0003800000 */
        /*0e30*/                   S2UR UR8, SR_CgaCtaId ;                              /* 0x00000000000879c3 */
                                                                                        /* 0x000e220000008800 */
        /*0e40*/                   UMOV UR5, 0x400 ;                                    /* 0x0000040000057882 */
                                                                                        /* 0x000fe20000000000 */
        /*0e50*/                   ULOP3.LUT UR10, UR9, 0x1, URZ, 0xc0, !UPT ;          /* 0x00000001090a7892 */
                                                                                        /* 0x000fe2000f8ec0ff */
        /*0e60*/                   UIADD3 UR6, UPT, UPT, UR5, 0x1000, URZ ;             /* 0x0000100005067890 */
                                                                                        /* 0x000fca000fffe0ff */
        /*0e70*/                   LOP3.LUT R31, R31, UR10, RZ, 0xfc, !PT ;             /* 0x0000000a1f1f7c12 */
                                                                                        /* 0x000fca000f8efcff */
        /*0e80*/                   IADD R31, R31, -UR9 ;                                /* 0x800000091f1f7c35 */
                                                                                        /* 0x000fe2000f8e0000 */
        /*0e90*/                   ULEA UR5, UR8, UR5, 0x18 ;                           /* 0x0000000508057291 */
                                                                                        /* 0x001fe2000f8ec0ff */
        /*0ea0*/                   ULEA UR6, UR8, UR6, 0x18 ;                           /* 0x0000000608067291 */
                                                                                        /* 0x000fca000f8ec0ff */
        /*0eb0*/                   LEA R33, R0, UR5, 0x4 ;                              /* 0x0000000500217c11 */
                                                                                        /* 0x000fe2000f8e20ff */
        /*0ec0*/                   UMOV UR5, URZ ;                                      /* 0x000000ff00057c82 */
                                                                                        /* 0x000fe20008000000 */
        /*0ed0*/                   LEA R35, R3, UR6, 0x4 ;                              /* 0x0000000603237c11 */
                                                                                        /* 0x000fc6000f8e20ff */
        /*0ee0*/                   IADD R33, R33, 0x100 ;                               /* 0x0000010021217835 */
                                                                                        /* 0x000fe400078e0000 */
        /*0ef0*/                   IADD R35, R35, 0x100 ;                               /* 0x0000010023237835 */
                                                                                        /* 0x004fce00078e0000 */
        /*0f00*/                   LDS.128 R8, [R33+-0x100] ;                           /* 0xffff000021087984 */
                                                                                        /* 0x000fe20000000c00 */
        /*0f10*/                   IADD R31, R31, 0x2 ;                                 /* 0x000000021f1f7835 */
                                                                                        /* 0x000fe200078e0000 */
        /*0f20*/                   UIADD3 UR5, UPT, UPT, UR5, 0x2, URZ ;                /* 0x0000000205057890 */
                                                                                        /* 0x000fe4000fffe0ff */
        /*0f30*/                   LDS.128 R12, [R35+-0x100] ;                          /* 0xffff0000230c7984 */
                                                                                        /* 0x000e240000000c00 */
        /*0f40*/                   ISETP.NE.U32.AND P0, PT, R31, RZ, PT ;               /* 0x000000ff1f00720c */
                                                                                        /* 0x000fe20003f05070 */
        /*0f50*/                   FFMA.FTZ R17, R8.reuse, R12, R17 ;                   /* 0x0000000c08117223 */
                                                                                        /* 0x041fe20000010011 */
        /*0f60*/                   FFMA.FTZ R20, R8.reuse, R13, R20 ;                   /* 0x0000000d08147223 */
                                                                                        /* 0x040fe20000010014 */
        /*0f70*/                   FFMA.FTZ R19, R8.reuse, R14, R19 ;                   /* 0x0000000e08137223 */
                                                                                        /* 0x040fe20000010013 */
        /*0f80*/                   FFMA.FTZ R22, R8, R15, R22 ;                         /* 0x0000000f08167223 */
                                                                                        /* 0x000fe20000010016 */
        /*0f90*/                   FFMA.FTZ R24, R9.reuse, R12, R24 ;                   /* 0x0000000c09187223 */
                                                                                        /* 0x040fe20000010018 */
        /*0fa0*/                   FFMA.FTZ R26, R9.reuse, R13, R26 ;                   /* 0x0000000d091a7223 */
                                                                                        /* 0x040fe2000001001a */
        /*0fb0*/                   FFMA.FTZ R21, R9.reuse, R14, R21 ;                   /* 0x0000000e09157223 */
                                                                                        /* 0x040fe20000010015 */
        /*0fc0*/                   FFMA.FTZ R28, R9, R15, R28 ;                         /* 0x0000000f091c7223 */
                                                                                        /* 0x000fe2000001001c */
        /*0fd0*/                   FFMA.FTZ R23, R10.reuse, R12, R23 ;                  /* 0x0000000c0a177223 */
                                                                                        /* 0x040fe20000010017 */
        /*0fe0*/                   FFMA.FTZ R30, R10.reuse, R13, R30 ;                  /* 0x0000000d0a1e7223 */
                                                                                        /* 0x040fe2000001001e */
        /*0ff0*/                   FFMA.FTZ R25, R10.reuse, R14, R25 ;                  /* 0x0000000e0a197223 */
                                                                                        /* 0x040fe20000010019 */
        /*1000*/                   FFMA.FTZ R32, R10, R15, R32 ;                        /* 0x0000000f0a207223 */
                                                                                        /* 0x000fe20000010020 */
        /*1010*/                   FFMA.FTZ R34, R11.reuse, R12, R34 ;                  /* 0x0000000c0b227223 */
                                                                                        /* 0x040fe20000010022 */
        /*1020*/                   FFMA.FTZ R36, R11.reuse, R13, R36 ;                  /* 0x0000000d0b247223 */
                                                                                        /* 0x040fe20000010024 */
        /*1030*/                   FFMA.FTZ R27, R11.reuse, R14, R27 ;                  /* 0x0000000e0b1b7223 */
                                                                                        /* 0x040fe2000001001b */
        /*1040*/                   FFMA.FTZ R29, R11, R15, R29 ;                        /* 0x0000000f0b1d7223 */
                                                                                        /* 0x000fc4000001001d */
        /*1050*/                   LDS.128 R8, [R33] ;                                  /* 0x0000000021087984 */
                                                                                        /* 0x0001e80000000c00 */
        /*1060*/                   LDS.128 R12, [R35] ;                                 /* 0x00000000230c7984 */
                                                                                        /* 0x0002a20000000c00 */
        /*1070*/                   IADD R33, R33, 0x200 ;                               /* 0x0000020021217835 */
                                                                                        /* 0x001fe200078e0000 */
        /*1080*/                   IADD R35, R35, 0x200 ;                               /* 0x0000020023237835 */
                                                                                        /* 0x002fe200078e0000 */
        /*1090*/                   FFMA.FTZ R17, R8.reuse, R12, R17 ;                   /* 0x0000000c08117223 */
                                                                                        /* 0x044fe20000010011 */
        /*10a0*/                   FFMA.FTZ R20, R8.reuse, R13, R20 ;                   /* 0x0000000d08147223 */
                                                                                        /* 0x040fe20000010014 */
        /*10b0*/                   FFMA.FTZ R19, R8.reuse, R14, R19 ;                   /* 0x0000000e08137223 */
                                                                                        /* 0x040fe20000010013 */
        /*10c0*/                   FFMA.FTZ R22, R8, R15, R22 ;                         /* 0x0000000f08167223 */
                                                                                        /* 0x000fe20000010016 */
        /*10d0*/                   FFMA.FTZ R24, R9.reuse, R12, R24 ;                   /* 0x0000000c09187223 */
                                                                                        /* 0x040fe20000010018 */
        /*10e0*/                   FFMA.FTZ R26, R9.reuse, R13, R26 ;                   /* 0x0000000d091a7223 */
                                                                                        /* 0x040fe2000001001a */
        /*10f0*/                   FFMA.FTZ R21, R9.reuse, R14, R21 ;                   /* 0x0000000e09157223 */
                                                                                        /* 0x040fe20000010015 */
        /*1100*/                   FFMA.FTZ R28, R9, R15, R28 ;                         /* 0x0000000f091c7223 */
                                                                                        /* 0x000fe2000001001c */
        /*1110*/                   FFMA.FTZ R23, R10.reuse, R12, R23 ;                  /* 0x0000000c0a177223 */
                                                                                        /* 0x040fe20000010017 */
        /*1120*/                   FFMA.FTZ R30, R10.reuse, R13, R30 ;                  /* 0x0000000d0a1e7223 */
                                                                                        /* 0x040fe2000001001e */
        /*1130*/                   FFMA.FTZ R25, R10.reuse, R14, R25 ;                  /* 0x0000000e0a197223 */
                                                                                        /* 0x040fe20000010019 */
        /*1140*/                   FFMA.FTZ R32, R10, R15, R32 ;                        /* 0x0000000f0a207223 */
                                                                                        /* 0x000fe20000010020 */
        /*1150*/                   FFMA.FTZ R34, R11.reuse, R12, R34 ;                  /* 0x0000000c0b227223 */
                                                                                        /* 0x040fe20000010022 */
        /*1160*/                   FFMA.FTZ R36, R11.reuse, R13, R36 ;                  /* 0x0000000d0b247223 */
                                                                                        /* 0x040fe20000010024 */
        /*1170*/                   FFMA.FTZ R27, R11.reuse, R14, R27 ;                  /* 0x0000000e0b1b7223 */
                                                                                        /* 0x040fe2000001001b */
        /*1180*/                   FFMA.FTZ R29, R11, R15, R29 ;                        /* 0x0000000f0b1d7223 */
                                                                                        /* 0x000fe2000001001d */
        /*1190*/               @P0 BRA 0xf00 ;                                          /* 0xfffffffc00580947 */
                                                                                        /* 0x000fec000383ffff */
        /*11a0*/                   UVIMNMX.S32 UR6, UR4, UR7, UPT ;                     /* 0x000000070406724a */
                                                                                        /* 0x000fc8000bfe0100 */
        /*11b0*/                   ULOP3.LUT UP0, URZ, UR6, 0x1, URZ, 0xc0, !UPT ;      /* 0x0000000106ff7892 */
                                                                                        /* 0x000fd2000f80c0ff */
        /*11c0*/                   BRA.U !UP0, 0x1380 ;                                 /* 0x00000001086c7547 */
                                                                                        /* 0x000fea000b800000 */
        /*11d0*/                   S2UR UR8, SR_CgaCtaId ;                              /* 0x00000000000879c3 */
                                                                                        /* 0x000e220000008800 */
        /*11e0*/                   UMOV UR6, 0x400 ;                                    /* 0x0000040000067882 */
                                                                                        /* 0x000fe40000000000 */
        /*11f0*/                   UIADD3 UR9, UPT, UPT, UR6, 0x1000, URZ ;             /* 0x0000100006097890 */
                                                                                        /* 0x000fe2000fffe0ff */
        /*1200*/                   ULEA UR6, UR8, UR6, 0x18 ;                           /* 0x0000000608067291 */
                                                                                        /* 0x001fc6000f8ec0ff */
        /*1210*/                   ULEA UR9, UR8, UR9, 0x18 ;                           /* 0x0000000908097291 */
                                                                                        /* 0x000fe2000f8ec0ff */
        /*1220*/                   ULEA UR6, UR5, UR6, 0x8 ;                            /* 0x0000000605067291 */
                                                                                        /* 0x000fc6000f8e40ff */
        /*1230*/                   ULEA UR5, UR5, UR9, 0x8 ;                            /* 0x0000000905057291 */
                                                                                        /* 0x000fc6000f8e40ff */
        /*1240*/                   LEA R8, R0, UR6, 0x4 ;                               /* 0x0000000600087c11 */
                                                                                        /* 0x000fc6000f8e20ff */
        /*1250*/                   LEA R12, R3, UR5, 0x4 ;                              /* 0x00000005030c7c11 */
                                                                                        /* 0x000fc6000f8e20ff */
        /*1260*/                   LDS.128 R8, [R8] ;                                   /* 0x0000000008087984 */
                                                                                        /* 0x004fe80000000c00 */
        /*1270*/                   LDS.128 R12, [R12] ;                                 /* 0x000000000c0c7984 */
                                                                                        /* 0x000e240000000c00 */
        /*1280*/                   FFMA.FTZ R17, R8.reuse, R12, R17 ;                   /* 0x0000000c08117223 */
                                                                                        /* 0x041fe20000010011 */
        /*1290*/                   FFMA.FTZ R20, R8.reuse, R13, R20 ;                   /* 0x0000000d08147223 */
                                                                                        /* 0x040fe20000010014 */
        /*12a0*/                   FFMA.FTZ R19, R8.reuse, R14, R19 ;                   /* 0x0000000e08137223 */
                                                                                        /* 0x040fe20000010013 */
        /*12b0*/                   FFMA.FTZ R22, R8, R15, R22 ;                         /* 0x0000000f08167223 */
                                                                                        /* 0x000fe20000010016 */
        /*12c0*/                   FFMA.FTZ R24, R9.reuse, R12, R24 ;                   /* 0x0000000c09187223 */
                                                                                        /* 0x040fe20000010018 */
        /*12d0*/                   FFMA.FTZ R26, R9.reuse, R13, R26 ;                   /* 0x0000000d091a7223 */
                                                                                        /* 0x040fe2000001001a */
        /*12e0*/                   FFMA.FTZ R21, R9.reuse, R14, R21 ;                   /* 0x0000000e09157223 */
                                                                                        /* 0x040fe20000010015 */
        /*12f0*/                   FFMA.FTZ R28, R9, R15, R28 ;                         /* 0x0000000f091c7223 */
                                                                                        /* 0x000fe2000001001c */
        /*1300*/                   FFMA.FTZ R23, R10.reuse, R12, R23 ;                  /* 0x0000000c0a177223 */
                                                                                        /* 0x040fe20000010017 */
        /*1310*/                   FFMA.FTZ R30, R10.reuse, R13, R30 ;                  /* 0x0000000d0a1e7223 */
                                                                                        /* 0x040fe2000001001e */
        /*1320*/                   FFMA.FTZ R25, R10.reuse, R14, R25 ;                  /* 0x0000000e0a197223 */
                                                                                        /* 0x040fe20000010019 */
        /*1330*/                   FFMA.FTZ R32, R10, R15, R32 ;                        /* 0x0000000f0a207223 */
                                                                                        /* 0x000fe20000010020 */
        /*1340*/                   FFMA.FTZ R34, R11.reuse, R12, R34 ;                  /* 0x0000000c0b227223 */
                                                                                        /* 0x040fe20000010022 */
        /*1350*/                   FFMA.FTZ R36, R11.reuse, R13, R36 ;                  /* 0x0000000d0b247223 */
                                                                                        /* 0x040fe20000010024 */
        /*1360*/                   FFMA.FTZ R27, R11.reuse, R14, R27 ;                  /* 0x0000000e0b1b7223 */
                                                                                        /* 0x040fe2000001001b */
        /*1370*/                   FFMA.FTZ R29, R11, R15, R29 ;                        /* 0x0000000f0b1d7223 */
                                                                                        /* 0x000fce000001001d */
        /*1380*/                   UIADD3 UR5, UPT, UPT, UR7, -0x1, URZ ;               /* 0xffffffff07057890 */
                                                                                        /* 0x000fe2000fffe0ff */
        /*1390*/                   BAR.SYNC.DEFER_BLOCKING 0x0 ;                        /* 0x0000000000007b1d */
                                                                                        /* 0x000fe60000010000 */
        /*13a0*/                   USHF.R.U32.HI UR5, URZ, 0x4, UR5 ;                   /* 0x00000004ff057899 */
                                                                                        /* 0x000fcc0008011605 */
        /*13b0*/                   ISETP.NE.U32.AND P0, PT, R7.reuse, UR5, PT ;         /* 0x0000000507007c0c */
                                                                                        /* 0x040fe2000bf05070 */
        /*13c0*/                   IADD R7, R7, 0x1 ;                                   /* 0x0000000107077835 */
                                                                                        /* 0x000fd800078e0000 */
        /*13d0*/               @P0 BRA 0x3f0 ;                                          /* 0xfffffff000040947 */
                                                                                        /* 0x000fea000383ffff */
        /*13e0*/                   S2R R2, SR_CTAID.X ;                                 /* 0x0000000000027919 */
                                                                                        /* 0x000ee20000002500 */
        /*13f0*/                   LDCU.64 UR8, c[0x0][0x398] ;                         /* 0x00007300ff0877ac */
                                                                                        /* 0x000f220008000a00 */
        /*1400*/                   S2R R5, SR_CTAID.Y ;                                 /* 0x0000000000057919 */
                                                                                        /* 0x000f620000002600 */
        /*1410*/                   LDCU.64 UR6, c[0x0][0x390] ;                         /* 0x00007200ff0677ac */
                                                                                        /* 0x001e220008000a00 */
        /*1420*/                   IMAD R3, R2, 0x10, R3 ;                              /* 0x0000001002037824 */
                                                                                        /* 0x008fc800078e0203 */
        /*1430*/                   IMAD.SHL.U32 R8, R3, 0x4, RZ ;                       /* 0x0000000403087824 */
                                                                                        /* 0x000fe400078e00ff */
        /*1440*/                   IMAD R0, R5, 0x10, R0 ;                              /* 0x0000001005007824 */
                                                                                        /* 0x020fc600078e0200 */
        /*1450*/                   ISETP.GE.AND P1, PT, R8, UR9, PT ;                   /* 0x0000000908007c0c */
                                                                                        /* 0x010fe2000bf26270 */
        /*1460*/                   IMAD.SHL.U32 R0, R0, 0x4, RZ ;                       /* 0x0000000400007824 */
                                                                                        /* 0x000fe200078e00ff */
        /*1470*/                   ISETP.GE.AND P0, PT, R8.reuse, UR9, PT ;             /* 0x0000000908007c0c */
                                                                                        /* 0x040fe2000bf06270 */
        /*1480*/                   IADD R2, R8, 0x1 ;                                   /* 0x0000000108027835 */
                                                                                        /* 0x000fe200078e0000 */
        /*1490*/                   SHF.R.S32.HI R9, RZ, 0x1f, R8 ;                      /* 0x0000001fff097819 */
                                                                                        /* 0x006fe20000011408 */
        /*14a0*/                   IMAD R10, R0.reuse, UR9, RZ ;                        /* 0x00000009000a7c24 */
                                                                                        /* 0x040fe2000f8e02ff */
        /*14b0*/                   ISETP.LT.AND P1, PT, R0.reuse, UR8, !P1 ;            /* 0x0000000800007c0c */
                                                                                        /* 0x040fe2000cf21270 */
        /*14c0*/                   IADD R14, R0, 0x1 ;                                  /* 0x00000001000e7835 */
                                                                                        /* 0x000fe200078e0000 */
        /*14d0*/                   ISETP.GE.AND P3, PT, R2, UR9, PT ;                   /* 0x0000000902007c0c */
                                                                                        /* 0x000fe2000bf66270 */
        /*14e0*/                   IADD R2, R8, 0x2 ;                                   /* 0x0000000208027835 */
                                                                                        /* 0x000fe200078e0000 */
        /*14f0*/                   SHF.R.S32.HI R11, RZ, 0x1f, R10 ;                    /* 0x0000001fff0b7819 */
                                                                                        /* 0x000fc4000001140a */
        /*1500*/                   ISETP.GE.OR P6, PT, R14, UR8, P0 ;                   /* 0x000000080e007c0c */
                                                                                        /* 0x000fe200087c6670 */
        /*1510*/                   ISETP.GE.OR P5, PT, R0, UR8, P3 ;                    /* 0x0000000800007c0c */
                                                                                        /* 0x000fe20009fa6670 */
        /*1520*/                   ISETP.GE.AND P2, PT, R2, UR9, PT ;                   /* 0x0000000902007c0c */
                                                                                        /* 0x000fe2000bf46270 */
        /*1530*/                   IADD.64 R6, R10, R8 ;                                /* 0x000000080a067235 */
                                                                                        /* 0x000fe400078e0200 */
        /*1540*/                   IADD R11, R8, 0x3 ;                                  /* 0x00000003080b7835 */
                                                                                        /* 0x000fe200078e0000 */
        /*1550*/                   IADD R15, R0, 0x2 ;                                  /* 0x00000002000f7835 */
                                                                                        /* 0x000fe200078e0000 */
        /*1560*/               @P1 LDC.64 R12, c[0x0][0x390] ;                          /* 0x0000e400ff0c1b82 */
                                                                                        /* 0x000e620000000a00 */
        /*1570*/               @P1 IADD R3, R8, R10 ;                                   /* 0x0000000a08031235 */
                                                                                        /* 0x000fe200078e0000 */
        /*1580*/                   LEA R2, P4, R6, UR6, 0x2 ;                           /* 0x0000000606027c11 */
                                                                                        /* 0x001fe2000f8810ff */
        /*1590*/                   IADD R10, R10, UR9 ;                                 /* 0x000000090a0a7c35 */
                                                                                        /* 0x000fca000f8e0000 */
        /*15a0*/              @!P6 LDC.64 R4, c[0x0][0x390] ;                           /* 0x0000e400ff04eb82 */
                                                                                        /* 0x000e220000000a00 */
        /*15b0*/               @P1 IMAD.WIDE R12, R3, 0x4, R12 ;                        /* 0x00000004030c1825 */
                                                                                        /* 0x002fe200078e020c */
        /*15c0*/                   LEA.HI.X R3, R6, UR7, R7, 0x2, P4 ;                  /* 0x0000000706037c11 */
                                                                                        /* 0x000fe2000a0f1407 */
        /*15d0*/                   ISETP.GE.OR P4, PT, R0, UR8, P2 ;                    /* 0x0000000800007c0c */
                                                                                        /* 0x000fe20009786670 */
        /*15e0*/              @!P6 IADD R7, R8, R10.reuse ;                             /* 0x0000000a0807e235 */
                                                                                        /* 0x080fe400078e0000 */
        /*15f0*/               @P1 STG.E desc[UR14][R12.64], R17 ;                      /* 0x000000110c001986 */
                                                                                        /* 0x0003e2000c10190e */
        /*1600*/                   ISETP.GE.AND P1, PT, R11, UR9, PT ;                  /* 0x000000090b007c0c */
                                                                                        /* 0x000fe2000bf26270 */
        /*1610*/                   SHF.R.S32.HI R11, RZ, 0x1f, R10 ;                    /* 0x0000001fff0b7819 */
                                                                                        /* 0x000fe4000001140a */
        /*1620*/              @!P5 STG.E desc[UR14][R2.64+0x4], R20 ;                   /* 0x000004140200d986 */
                                                                                        /* 0x000fe2000c10190e */
        /*1630*/              @!P6 IMAD.WIDE R6, R7, 0x4, R4 ;                          /* 0x000000040706e825 */
                                                                                        /* 0x001fe200078e0204 */
        /*1640*/                   ISETP.GE.OR P5, PT, R0, UR8, P1 ;                    /* 0x0000000800007c0c */
                                                                                        /* 0x000fe20008fa6670 */
        /*1650*/                   IADD.64 R4, R8, R10 ;                                /* 0x0000000a08047235 */
                                                                                        /* 0x000fc400078e0200 */
        /*1660*/                   IADD R0, R0, 0x3 ;                                   /* 0x0000000300007835 */
                                                                                        /* 0x000fe200078e0000 */
        /*1670*/                   IADD R10, R10, UR9 ;                                 /* 0x000000090a0a7c35 */
                                                                                        /* 0x000fe2000f8e0000 */
        /*1680*/              @!P4 STG.E desc[UR14][R2.64+0x8], R19 ;                   /* 0x000008130200c986 */
                                                                                        /* 0x000fe2000c10190e */
        /*1690*/                   ISETP.GE.OR P4, PT, R15, UR8, P0 ;                   /* 0x000000080f007c0c */
                                                                                        /* 0x000fe40008786670 */
        /*16a0*/                   ISETP.GE.OR P0, PT, R0, UR8, P0 ;                    /* 0x0000000800007c0c */
                                                                                        /* 0x000fe20008706670 */
        /*16b0*/                   SHF.R.S32.HI R11, RZ, 0x1f, R10 ;                    /* 0x0000001fff0b7819 */
                                                                                        /* 0x000fc8000001140a */
        /*16c0*/              @!P5 STG.E desc[UR14][R2.64+0xc], R22 ;                   /* 0x00000c160200d986 */
                                                                                        /* 0x0001e2000c10190e */
        /*16d0*/                   ISETP.GE.OR P5, PT, R14, UR8, P3 ;                   /* 0x000000080e007c0c */
                                                                                        /* 0x000fc60009fa6670 */
        /*16e0*/              @!P6 STG.E desc[UR14][R6.64], R24 ;                       /* 0x000000180600e986 */
                                                                                        /* 0x0005e2000c10190e */
        /*16f0*/                   LEA R16, P6, R4.reuse, UR6, 0x2 ;                    /* 0x0000000604107c11 */
                                                                                        /* 0x040fe2000f8c10ff */
        /*1700*/              @!P4 LDC.64 R12, c[0x0][0x390] ;                          /* 0x0000e400ff0ccb82 */
                                                                                        /* 0x002e660000000a00 */
        /*1710*/                   LEA.HI.X R17, R4, UR7, R5, 0x2, P6 ;                 /* 0x0000000704117c11 */
                                                                                        /* 0x000fe2000b0f1405 */
        /*1720*/                   IADD.64 R4, R8, R10 ;                                /* 0x0000000a08047235 */
                                                                                        /* 0x000fe400078e0200 */
        /*1730*/                   ISETP.GE.OR P6, PT, R14.reuse, UR8, P2 ;             /* 0x000000080e007c0c */
                                                                                        /* 0x040fe400097c6670 */
        /*1740*/              @!P5 STG.E desc[UR14][R16.64+0x4], R26 ;                  /* 0x0000041a1000d986 */
                                                                                        /* 0x0007e2000c10190e */
        /*1750*/                   ISETP.GE.OR P5, PT, R14, UR8, P1 ;                   /* 0x000000080e007c0c */
                                                                                        /* 0x000fe20008fa6670 */
        /*1760*/              @!P0 LDC.64 R2, c[0x0][0x390] ;                           /* 0x0000e400ff028b82 */
                                                                                        /* 0x001e220000000a00 */
        /*1770*/              @!P4 IADD R7, R8, R10 ;                                   /* 0x0000000a0807c235 */
                                                                                        /* 0x004fe200078e0000 */
        /*1780*/                   IADD R10, R10, UR9 ;                                 /* 0x000000090a0a7c35 */
                                                                                        /* 0x000fca000f8e0000 */
        /*1790*/                   SHF.R.S32.HI R11, RZ, 0x1f, R10 ;                    /* 0x0000001fff0b7819 */
                                                                                        /* 0x000fe4000001140a */
        /*17a0*/              @!P6 STG.E desc[UR14][R16.64+0x8], R21 ;                  /* 0x000008151000e986 */
                                                                                        /* 0x0007e2000c10190e */
        /*17b0*/                   LEA R6, P6, R4, UR6, 0x2 ;                           /* 0x0000000604067c11 */
                                                                                        /* 0x000fc6000f8c10ff */
        /*17c0*/              @!P5 STG.E desc[UR14][R16.64+0xc], R28 ;                  /* 0x00000c1c1000d986 */
                                                                                        /* 0x0007e2000c10190e */
        /*17d0*/                   ISETP.GE.OR P5, PT, R15, UR8, P3 ;                   /* 0x000000080f007c0c */
                                                                                        /* 0x000fe20009fa6670 */
        /*17e0*/              @!P4 IMAD.WIDE R12, R7, 0x4, R12 ;                        /* 0x00000004070cc825 */
                                                                                        /* 0x002fe200078e020c */
        /*17f0*/                   LEA.HI.X R7, R4, UR7, R5, 0x2, P6 ;                  /* 0x0000000704077c11 */
                                                                                        /* 0x000fe2000b0f1405 */
        /*1800*/                   ISETP.GE.OR P6, PT, R15.reuse, UR8, P1 ;             /* 0x000000080f007c0c */
                                                                                        /* 0x040fe20008fc6670 */
        /*1810*/              @!P0 IADD R5, R8.reuse, R10.reuse ;                       /* 0x0000000a08058235 */
                                                                                        /* 0x0c0fe400078e0000 */
        /*1820*/              @!P4 STG.E desc[UR14][R12.64], R23 ;                      /* 0x000000170c00c986 */
                                                                                        /* 0x0007e2000c10190e */
        /*1830*/                   ISETP.GE.OR P4, PT, R15, UR8, P2 ;                   /* 0x000000080f007c0c */
                                                                                        /* 0x000fe20009786670 */
        /*1840*/                   IADD.64 R8, R8, R10 ;                                /* 0x0000000a08087235 */
                                                                                        /* 0x000fe400078e0200 */
        /*1850*/                   ISETP.GE.OR P3, PT, R0.reuse, UR8, P3 ;              /* 0x0000000800007c0c */
                                                                                        /* 0x040fe20009f66670 */
        /*1860*/                   ISETP.GE.OR P2, PT, R0.reuse, UR8, P2 ;              /* 0x0000000800007c0c */
                                                                                        /* 0x040fe20009746670 */
        /*1870*/                   ISETP.GE.OR P1, PT, R0, UR8, P1 ;                    /* 0x0000000800007c0c */
                                                                                        /* 0x000fe20008f26670 */
        /*1880*/              @!P5 STG.E desc[UR14][R6.64+0x4], R30 ;                   /* 0x0000041e0600d986 */
                                                                                        /* 0x0007e2000c10190e */
        /*1890*/                   LEA R4, P5, R8, UR6, 0x2 ;                           /* 0x0000000608047c11 */
                                                                                        /* 0x000fe2000f8a10ff */
        /*18a0*/              @!P0 IMAD.WIDE R2, R5, 0x4, R2 ;                          /* 0x0000000405028825 */
                                                                                        /* 0x001fc400078e0202 */
        /*18b0*/              @!P6 STG.E desc[UR14][R6.64+0xc], R32 ;                   /* 0x00000c200600e986 */
                                                                                        /* 0x0007e2000c10190e */
        /*18c0*/                   LEA.HI.X R5, R8, UR7, R9, 0x2, P5 ;                  /* 0x0000000708057c11 */
                                                                                        /* 0x000fc6000a8f1409 */
        /*18d0*/              @!P4 STG.E desc[UR14][R6.64+0x8], R25 ;                   /* 0x000008190600c986 */
                                                                                        /* 0x0007e8000c10190e */
        /*18e0*/              @!P0 STG.E desc[UR14][R2.64], R34 ;                       /* 0x0000002202008986 */
                                                                                        /* 0x0007e8000c10190e */
        /*18f0*/              @!P3 STG.E desc[UR14][R4.64+0x4], R36 ;                   /* 0x000004240400b986 */
                                                                                        /* 0x0007e8000c10190e */
        /*1900*/              @!P2 STG.E desc[UR14][R4.64+0x8], R27 ;                   /* 0x0000081b0400a986 */
                                                                                        /* 0x0007e2000c10190e */
        /*1910*/               @P1 EXIT ;                                               /* 0x000000000000194d */
                                                                                        /* 0x000fea0003800000 */
        /*1920*/                   STG.E desc[UR14][R4.64+0xc], R29 ;                   /* 0x00000c1d04007986 */
                                                                                        /* 0x000fe2000c10190e */
        /*1930*/                   EXIT ;                                               /* 0x000000000000794d */
                                                                                        /* 0x000fea0003800000 */
        /*1940*/                   BRA 0x1940;                                          /* 0xfffffffc00fc7947 */
                                                                                        /* 0x000fc0000383ffff */
        /*1950*/                   NOP;                                                 /* 0x0000000000007918 */
                                                                                        /* 0x000fc00000000000 */
        /*1960*/                   NOP;                                                 /* 0x0000000000007918 */
                                                                                        /* 0x000fc00000000000 */
        /*1970*/                   NOP;                                                 /* 0x0000000000007918 */
                                                                                        /* 0x000fc00000000000 */
        /*1980*/                   NOP;                                                 /* 0x0000000000007918 */
                                                                                        /* 0x000fc00000000000 */
        /*1990*/                   NOP;                                                 /* 0x0000000000007918 */
                                                                                        /* 0x000fc00000000000 */
        /*19a0*/                   NOP;                                                 /* 0x0000000000007918 */
                                                                                        /* 0x000fc00000000000 */
        /*19b0*/                   NOP;                                                 /* 0x0000000000007918 */
                                                                                        /* 0x000fc00000000000 */
        /*19c0*/                   NOP;                                                 /* 0x0000000000007918 */
                                                                                        /* 0x000fc00000000000 */
        /*19d0*/                   NOP;                                                 /* 0x0000000000007918 */
                                                                                        /* 0x000fc00000000000 */
        /*19e0*/                   NOP;                                                 /* 0x0000000000007918 */
                                                                                        /* 0x000fc00000000000 */
        /*19f0*/                   NOP;                                                 /* 0x0000000000007918 */
                                                                                        /* 0x000fc00000000000 */
		..........


		Function : _Z19register_tiled_gemmILb1ELb0EEvPKfS1_PfiiiPK14CUtensorMap_st
	.headerflags	@"EF_CUDA_SM120 EF_CUDA_VIRTUAL_SM(EF_CUDA_SM120)"
        /*0000*/                   LDC R1, c[0x0][0x37c] ;                              /* 0x0000df00ff017b82 */
                                                                                        /* 0x000fe20000000800 */
        /*0010*/                   S2R R0, SR_TID.X ;                                   /* 0x0000000000007919 */
                                                                                        /* 0x000e2e0000002100 */
        /*0020*/                   LDC R16, c[0x0][0x3a0] ;                             /* 0x0000e800ff107b82 */
                                                                                        /* 0x000e620000000800 */
        /*0030*/                   UMOV UR4, 0x100 ;                                    /* 0x0000010000047882 */
                                                                                        /* 0x000fe20000000000 */
        /*0040*/                   LDCU.64 UR14, c[0x0][0x358] ;                        /* 0x00006b00ff0e77ac */
                                                                                        /* 0x000ea20008000a00 */
        /*0050*/                   S2R R3, SR_TID.Y ;                                   /* 0x0000000000037919 */
                                                                                        /* 0x000e220000002200 */
        /*0060*/                   HFMA2 R36, -RZ, RZ, 0, 0 ;                           /* 0x00000000ff247431 */
                                                                                        /* 0x000fe200000001ff */
        /*0070*/                   CS2R R26, SRZ ;                                      /* 0x00000000001a7805 */
                                                                                        /* 0x000fe2000001ff00 */
        /*0080*/                   HFMA2 R32, -RZ, RZ, 0, 0 ;                           /* 0x00000000ff207431 */
                                                                                        /* 0x000fe200000001ff */
        /*0090*/                   MOV R34, RZ ;                                        /* 0x000000ff00227202 */
                                                                                        /* 0x000fe20000000f00 */
        /*00a0*/                   HFMA2 R28, -RZ, RZ, 0, 0 ;                           /* 0x00000000ff1c7431 */
                                                                                        /* 0x000fe200000001ff */
        /*00b0*/                   MOV R30, RZ ;                                        /* 0x000000ff001e7202 */
                                                                                        /* 0x000fe20000000f00 */
        /*00c0*/                   CS2R R24, SRZ ;                                      /* 0x0000000000187805 */
                                                                                        /* 0x000fe2000001ff00 */
        /*00d0*/                   CS2R R22, SRZ ;                                      /* 0x0000000000167805 */
                                                                                        /* 0x000fe2000001ff00 */
        /*00e0*/                   CS2R R20, SRZ ;                                      /* 0x0000000000147805 */
                                                                                        /* 0x000fe2000001ff00 */
        /*00f0*/                   CS2R R18, SRZ ;                                      /* 0x0000000000127805 */
                                                                                        /* 0x000fe2000001ff00 */
        /*0100*/                   MOV R17, RZ ;                                        /* 0x000000ff00117202 */
                                                                                        /* 0x000fe20000000f00 */
        /*0110*/                   IMAD R7, R3, 0x10, R0 ;                              /* 0x0000001003077824 */
                                                                                        /* 0x001fca00078e0200 */
        /*0120*/                   ISETP.NE.U32.AND P0, PT, R7, RZ, PT ;                /* 0x000000ff0700720c */
                                                                                        /* 0x000fda0003f05070 */
        /*0130*/              @!P0 S2R R5, SR_CgaCtaId ;                                /* 0x0000000000058919 */
                                                                                        /* 0x000e220000008800 */
        /*0140*/              @!P0 MOV R2, 0x400 ;                                      /* 0x0000040000028802 */
                                                                                        /* 0x000fe20000000f00 */
        /*0150*/                   VOTEU.ALL UP0, P0 ;                                  /* 0x0000000000ff7886 */
                                                                                        /* 0x000fc80000000000 */
        /*0160*/              @!P0 IADD R2, R2, 0x2000 ;                                /* 0x0000200002028835 */
                                                                                        /* 0x000fe200078e0000 */
        /*0170*/                   @!UP0 UIADD3 UR4, UPT, UPT, -UR4, 0x100000, URZ ;    /* 0x0010000004048890 */
                                                                                        /* 0x000fc8000fffe1ff */
        /*0180*/                   @!UP0 USHF.L.U32 UR5, UR4, 0xb, URZ ;                /* 0x0000000b04058899 */
                                                                                        /* 0x000fe200080006ff */
        /*0190*/                   @!UP0 USHF.L.U32 UR4, UR4, 0x1, URZ ;                /* 0x0000000104048899 */
                                                                                        /* 0x000fe200080006ff */
        /*01a0*/                   VOTEU.ALL UP0, P0 ;                                  /* 0x0000000000ff7886 */
                                                                                        /* 0x000fe20000000000 */
        /*01b0*/              @!P0 LEA R2, R5, R2, 0x18 ;                               /* 0x0000000205028211 */
                                                                                        /* 0x001fc800078ec0ff */
        /*01c0*/              @!P0 R2UR UR6, R2 ;                                       /* 0x00000000020682ca */
                                                                                        /* 0x000fe200000e0000 */
        /*01d0*/                   ISETP.GE.AND P0, PT, R16, 0x1, PT ;                  /* 0x000000011000780c */
                                                                                        /* 0x002fd80003f06270 */
        /*01e0*/                   @!UP0 SYNCS.EXCH.64 URZ, [UR6], UR4 ;                /* 0x0000000406ff85b2 */
                                                                                        /* 0x0000640008000100 */
        /*01f0*/                   BAR.SYNC.DEFER_BLOCKING 0x0 ;                        /* 0x0000000000007b1d */
                                                                                        /* 0x002fec0000010000 */
        /*0200*/              @!P0 BRA 0x1440 ;                                         /* 0x00000010008c8947 */
                                                                                        /* 0x000fea0003800000 */
        /*0210*/                   S2R R9, SR_CTAID.X ;                                 /* 0x0000000000097919 */
                                                                                        /* 0x000e620000002500 */
        /*0220*/                   S2UR UR6, SR_CgaCtaId ;                              /* 0x00000000000679c3 */
                                                                                        /* 0x001e220000008800 */
        /*0230*/                   IMAD.SHL.U32 R2, R0.reuse, 0x4, RZ ;                 /* 0x0000000400027824 */
                                                                                        /* 0x040fe200078e00ff */
        /*0240*/                   UMOV UR5, 0x400 ;                                    /* 0x0000040000057882 */
                                                                                        /* 0x000fe20000000000 */
        /*0250*/                   IMAD.SHL.U32 R5, R7.reuse, 0x10, RZ ;                /* 0x0000001007057824 */
                                                                                        /* 0x040fe200078e00ff */
        /*0260*/                   LOP3.LUT R4, R7, 0x7ffc, RZ, 0xc0, !PT ;             /* 0x00007ffc07047812 */
                                                                                        /* 0x000fe200078ec0ff */
        /*0270*/                   IMAD.SHL.U32 R6, R0, 0x10, RZ ;                      /* 0x0000001000067824 */
                                                                                        /* 0x000fe200078e00ff */
        /*0280*/                   LOP3.LUT R2, R2, 0x3c, RZ, 0xc0, !PT ;               /* 0x0000003c02027812 */
                                                                                        /* 0x000fe200078ec0ff */
        /*0290*/                   IMAD.SHL.U32 R8, R0, 0x400, RZ ;                     /* 0x0000040000087824 */
                                                                                        /* 0x000fe200078e00ff */
        /*02a0*/                   S2UR UR4, SR_CTAID.Y ;                               /* 0x00000000000479c3 */
                                                                                        /* 0x000ee20000002600 */
        /*02b0*/                   LOP3.LUT P1, RZ, R16, 0xf, RZ, 0xc0, !PT ;           /* 0x0000000f10ff7812 */
                                                                                        /* 0x000fc4000782c0ff */
        /*02c0*/                   LOP3.LUT R5, R5, 0x7ff00, RZ, 0xc0, !PT ;            /* 0x0007ff0005057812 */
                                                                                        /* 0x000fe400078ec0ff */
        /*02d0*/                   LOP3.LUT R6, R6, 0xf0, RZ, 0xc0, !PT ;               /* 0x000000f006067812 */
                                                                                        /* 0x000fe200078ec0ff */
        /*02e0*/                   MOV R36, RZ ;                                        /* 0x000000ff00247202 */
                                                                                        /* 0x000fe40000000f00 */
        /*02f0*/                   LDC R11, c[0x0][0x39c] ;                             /* 0x0000e700ff0b7b82 */
                                                                                        /* 0x000f220000000800 */
        /*0300*/                   ULEA UR7, UR6, UR5, 0x18 ;                           /* 0x0000000506077291 */
                                                                                        /* 0x001fe2000f8ec0ff */
        /*0310*/                   UIADD3 UR5, UPT, UPT, UR5, 0x1000, URZ ;             /* 0x0000100005057890 */
                                                                                        /* 0x000fc8000fffe0ff */
        /*0320*/                   ULEA UR5, UR6, UR5, 0x18 ;                           /* 0x0000000506057291 */
                                                                                        /* 0x000fe2000f8ec0ff */
        /*0330*/                   IMAD R2, R9.reuse, 0x40, R2 ;                        /* 0x0000004009027824 */
                                                                                        /* 0x042fe200078e0202 */
        /*0340*/                   USHF.L.U32 UR4, UR4, 0x6, URZ ;                      /* 0x0000000604047899 */
                                                                                        /* 0x008fe200080006ff */
        /*0350*/                   LEA R10, R9, 0x40, 0x6 ;                             /* 0x00000040090a7811 */
                                                                                        /* 0x000fe400078e30ff */
        /*0360*/                   LOP3.LUT R9, R8, 0xc00, RZ, 0xc0, !PT ;              /* 0x00000c0008097812 */
                                                                                        /* 0x000fe400078ec0ff */
        /*0370*/                   IADD3 R5, PT, PT, R6, UR5, R5 ;                      /* 0x0000000506057c10 */
                                                                                        /* 0x000fe4000fffe005 */
        /*0380*/                   LEA.HI R7, R7, UR4, RZ, 0x1e ;                       /* 0x0000000407077c11 */
                                                                                        /* 0x000fe2000f8ff0ff */
        /*0390*/                   UMOV UR4, URZ ;                                      /* 0x000000ff00047c82 */
                                                                                        /* 0x000fe20008000000 */
        /*03a0*/                   ISETP.LE.AND P1, PT, R10, R11, !P1 ;                 /* 0x0000000b0a00720c */
                                                                                        /* 0x010fe20004f23270 */
        /*03b0*/                   IADD3 R4, PT, PT, R9, UR7, R4 ;                      /* 0x0000000709047c10 */
                                                                                        /* 0x000fe2000fffe004 */
        /*03c0*/                   MOV R6, RZ ;                                         /* 0x000000ff00067202 */
                                                                                        /* 0x000fe20000000f00 */
        /*03d0*/                   IMAD R16, R7, R16, RZ ;                              /* 0x0000001007107224 */
                                                                                        /* 0x004fd400078e02ff */
        /*03e0*/                   IMAD.SHL.U32 R12, R0, 0x4, RZ ;                      /* 0x00000004000c7824 */
                                                                                        /* 0x000fe200078e00ff */
        /*03f0*/                   LDCU UR7, c[0x0][0x3a0] ;                            /* 0x00007400ff0777ac */
                                                                                        /* 0x001e280008000800 */
        /*0400*/                   LOP3.LUT R12, R12, 0xc, RZ, 0xc0, !PT ;              /* 0x0000000c0c0c7812 */
                                                                                        /* 0x000fe200078ec0ff */
        /*0410*/                   LDCU UR8, c[0x0][0x398] ;                            /* 0x00007300ff0877ac */
                                                                                        /* 0x002e680008000800 */
        /*0420*/                   IADD R12, R12, UR4 ;                                 /* 0x000000040c0c7c35 */
                                                                                        /* 0x000fca000f8e0000 */
        /*0430*/                   IADD R8, R12, 0x3 ;                                  /* 0x000000030c087835 */
                                                                                        /* 0x004fca00078e0000 */
        /*0440*/                   ISETP.GE.AND P0, PT, R8, UR7, PT ;                   /* 0x0000000708007c0c */
                                                                                        /* 0x001fca000bf06270 */
        /*0450*/                   ISETP.GE.OR P2, PT, R7, UR8, P0 ;                    /* 0x0000000807007c0c */
                                                                                        /* 0x002fda0008746670 */
        /*0460*/              @!P2 LDC.64 R8, c[0x0][0x380] ;                           /* 0x0000e000ff08ab82 */
                                                                                        /* 0x008e220000000a00 */
        /*0470*/              @!P2 IADD R11, R16, R12 ;                                 /* 0x0000000c100ba235 */
                                                                                        /* 0x000fca00078e0000 */
        /*0480*/              @!P2 IMAD.WIDE.U32 R8, R11, 0x4, R8 ;                     /* 0x000000040b08a825 */
                                                                                        /* 0x001fcc00078e0008 */
        /*0490*/              @!P2 LDG.E.128.CONSTANT R8, desc[UR14][R8.64] ;           /* 0x0000000e0808a981 */
                                                                                        /* 0x000ea2000c1e9d00 */
        /*04a0*/              @!P2 MOV R13, 0x400 ;                                     /* 0x00000400000da802 */
                                                                                        /* 0x000fe20000000f00 */
        /*04b0*/                   UIADD3 UR5, UPT, UPT, UR4, 0x10, URZ ;               /* 0x0000001004057890 */
                                                                                        /* 0x000fe4000fffe0ff */
        /*04c0*/                   UMOV UR11, UR4 ;                                     /* 0x00000004000b7c82 */
                                                                                        /* 0x000fe20008000000 */
        /*04d0*/              @!P2 S2R R14, SR_CgaCtaId ;                               /* 0x00000000000ea919 */
                                                                                        /* 0x000e220000008800 */
        /*04e0*/                   BSSY.RECONVERGENT B0, 0x870 ;                        /* 0x0000038000007945 */
                                                                                        /* 0x000fe60003800200 */
        /*04f0*/                   UMOV UR4, UR5 ;                                      /* 0x0000000500047c82 */
                                                                                        /* 0x000fe20008000000 */
        /*0500*/              @!P2 LEA R29, R14, R13, 0x18 ;                            /* 0x0000000d0e1da211 */
                                                                                        /* 0x001fe200078ec0ff */
        /*0510*/              @!P2 IMAD.SHL.U32 R13, R0, 0x400, RZ ;                    /* 0x00000400000da824 */
                                                                                        /* 0x000fc400078e00ff */
        /*0520*/                   IMAD R14, R3, 0x10, R0 ;                             /* 0x00000010030e7824 */
                                                                                        /* 0x000fc600078e0200 */
        /*0530*/              @!P2 LOP3.LUT R15, R13, 0xc00, RZ, 0xc0, !PT ;            /* 0x00000c000d0fa812 */
                                                                                        /* 0x000fe400078ec0ff */
        /*0540*/              @!P2 LOP3.LUT R13, R14, 0xfffffffc, RZ, 0xc0, !PT ;       /* 0xfffffffc0e0da812 */
                                                                                        /* 0x000fc800078ec0ff */
        /*0550*/              @!P2 IADD3 R13, PT, PT, R13, R29, R15 ;                   /* 0x0000001d0d0da210 */
                                                                                        /* 0x000fca0007ffe00f */
        /*0560*/              @!P2 STS [R13], R8 ;                                      /* 0x000000080d00a388 */
                                                                                        /* 0x0041e80000000800 */
        /*0570*/              @!P2 STS [R13+0x100], R9 ;                                /* 0x000100090d00a388 */
                                                                                        /* 0x0001e80000000800 */
        /*0580*/              @!P2 STS [R13+0x200], R10 ;                               /* 0x0002000a0d00a388 */
                                                                                        /* 0x0001e80000000800 */
        /*0590*/              @!P2 STS [R13+0x300], R11 ;                               /* 0x0003000b0d00a388 */
                                                                                        /* 0x0001e20000000800 */
        /*05a0*/              @!P2 BRA 0x850 ;                                          /* 0x0000000000a8a947 */
                                                                                        /* 0x000fea0003800000 */
        /*05b0*/                   ISETP.GE.AND P2, PT, R7, UR8, PT ;                   /* 0x0000000807007c0c */
                                                                                        /* 0x000fda000bf46270 */
        /*05c0*/               @P2 BRA 0x790 ;                                          /* 0x0000000000702947 */
                                                                                        /* 0x000fea0003800000 */
        /*05d0*/                   ISETP.GE.AND P2, PT, R12.reuse, UR7, PT ;            /* 0x000000070c007c0c */
                                                                                        /* 0x040fe2000bf46270 */
        /*05e0*/                   LDCU.64 UR12, c[0x0][0x380] ;                        /* 0x00007000ff0c77ac */
                                                                                        /* 0x000e620008000a00 */
        /*05f0*/                   MOV R8, R16 ;                                        /* 0x0000001000087202 */
                                                                                        /* 0x001fe20000000f00 */
        /*0600*/                   HFMA2 R9, -RZ, RZ, 0, 0 ;                            /* 0x00000000ff097431 */
                                                                                        /* 0x000fe200000001ff */
        /*0610*/                   MOV R13, RZ ;                                        /* 0x000000ff000d7202 */
                                                                                        /* 0x000fe20000000f00 */
        /*0620*/                   IADD R15, R12.reuse, 0x1 ;                           /* 0x000000010c0f7835 */
                                                                                        /* 0x040fe200078e0000 */
        /*0630*/                   IADD R29, R12, 0x2 ;                                 /* 0x000000020c1d7835 */
                                                                                        /* 0x000fc600078e0000 */
        /*0640*/                   IADD.64 R8, R8, R12 ;                                /* 0x0000000c08087235 */
                                                                                        /* 0x000fe400078e0200 */
        /*0650*/                   ISETP.GE.AND P3, PT, R15, UR7, PT ;                  /* 0x000000070f007c0c */
                                                                                        /* 0x000fe2000bf66270 */
        /*0660*/                   ISETP.GE.AND P4, PT, R29, UR7, PT ;                  /* 0x000000071d007c0c */
                                                                                        /* 0x000fe2000bf86270 */
        /*0670*/              @!P2 LDC.64 R10, c[0x0][0x380] ;                          /* 0x0000e000ff0aab82 */
                                                                                        /* 0x000e220000000a00 */
        /*0680*/              @!P2 IADD R13, R16, R12 ;                                 /* 0x0000000c100da235 */
                                                                                        /* 0x000fe200078e0000 */
        /*0690*/                   HFMA2 R15, -RZ, RZ, 0, 0 ;                           /* 0x00000000ff0f7431 */
                                                                                        /* 0x000fe200000001ff */
        /*06a0*/                   LEA R12, P5, R8.reuse, UR12, 0x2 ;                   /* 0x0000000c080c7c11 */
                                                                                        /* 0x042fe2000f8a10ff */
        /*06b0*/                   HFMA2 R29, -RZ, RZ, 0, 0 ;                           /* 0x00000000ff1d7431 */
                                                                                        /* 0x000fe200000001ff */
        /*06c0*/                   MOV R31, RZ ;                                        /* 0x000000ff001f7202 */
                                                                                        /* 0x000fe20000000f00 */
        /*06d0*/              @!P2 IMAD.WIDE.U32 R10, R13, 0x4, R10 ;                   /* 0x000000040d0aa825 */
                                                                                        /* 0x001fe200078e000a */
        /*06e0*/                   LEA.HI.X R13, R8, UR13, R9, 0x2, P5 ;                /* 0x0000000d080d7c11 */
                                                                                        /* 0x000fe2000a8f1409 */
        /*06f0*/                   MOV R9, RZ ;                                         /* 0x000000ff00097202 */
                                                                                        /* 0x000fc60000000f00 */
        /*0700*/              @!P2 LDG.E.CONSTANT R15, desc[UR14][R10.64] ;             /* 0x0000000e0a0fa981 */
                                                                                        /* 0x000ea8000c1e9900 */
        /*0710*/              @!P3 LDG.E.CONSTANT R9, desc[UR14][R12.64+0x4] ;          /* 0x0000040e0c09b981 */
                                                                                        /* 0x000ee8000c1e9900 */
        /*0720*/              @!P4 LDG.E.CONSTANT R29, desc[UR14][R12.64+0x8] ;         /* 0x0000080e0c1dc981 */
                                                                                        /* 0x000f28000c1e9900 */
        /*0730*/              @!P0 LDG.E.CONSTANT R31, desc[UR14][R12.64+0xc] ;         /* 0x00000c0e0c1f8981 */
                                                                                        /* 0x000f68000c1e9900 */
        /*0740*/                   STS [R4], R15 ;                                      /* 0x0000000f04007388 */
                                                                                        /* 0x0043e80000000800 */
        /*0750*/                   STS [R4+0x100], R9 ;                                 /* 0x0001000904007388 */
                                                                                        /* 0x0083e80000000800 */
        /*0760*/                   STS [R4+0x200], R29 ;                                /* 0x0002001d04007388 */
                                                                                        /* 0x0103e80000000800 */
        /*0770*/                   STS [R4+0x300], R31 ;                                /* 0x0003001f04007388 */
                                                                                        /* 0x0203e20000000800 */
        /*0780*/                   BRA 0x850 ;                                          /* 0x0000000000307947 */
                                                                                        /* 0x000fea0003800000 */
        /*0790*/                   S2UR UR6, SR_CgaCtaId ;                              /* 0x00000000000679c3 */
                                                                                        /* 0x000e620000008800 */
        /*07a0*/                   IMAD.SHL.U32 R8, R0, 0x4, RZ ;                       /* 0x0000000400087824 */
                                                                                        /* 0x001fe200078e00ff */
        /*07b0*/                   UMOV UR5, 0x400 ;                                    /* 0x0000040000057882 */
                                                                                        /* 0x000fe20000000000 */
        /*07c0*/                   LOP3.LUT R9, R14, 0xfffffffc, RZ, 0xc0, !PT ;        /* 0xfffffffc0e097812 */
                                                                                        /* 0x000fc600078ec0ff */
        /*07d0*/                   LOP3.LUT R8, R8, 0xc, RZ, 0xc0, !PT ;                /* 0x0000000c08087812 */
                                                                                        /* 0x000fe200078ec0ff */
        /*07e0*/                   ULEA UR5, UR6, UR5, 0x18 ;                           /* 0x0000000506057291 */
                                                                                        /* 0x002fcc000f8ec0ff */
        /*07f0*/                   LEA R8, R8, UR5, 0x8 ;                               /* 0x0000000508087c11 */
                                                                                        /* 0x000fca000f8e40ff */
        /*0800*/                   IADD R8, R9, R8 ;                                    /* 0x0000000809087235 */
                                                                                        /* 0x000fca00078e0000 */
        /*0810*/                   STS [R8], RZ ;                                       /* 0x000000ff08007388 */
                                                                                        /* 0x0005e80000000800 */
        /*0820*/                   STS [R8+0x100], RZ ;                                 /* 0x000100ff08007388 */
                                                                                        /* 0x0005e80000000800 */
        /*0830*/                   STS [R8+0x200], RZ ;                                 /* 0x000200ff08007388 */
                                                                                        /* 0x0005e80000000800 */
        /*0840*/                   STS [R8+0x300], RZ ;                                 /* 0x000300ff08007388 */
                                                                                        /* 0x0005e40000000800 */
        /*0850*/                   NOP ;                                                /* 0x0000000000007918 */
                                                                                        /* 0x000fe20000000000 */
        /*0860*/                   BSYNC.RECONVERGENT B0 ;                              /* 0x0000000000007941 */
                                                                                        /* 0x000fea0003800200 */
        /*0870*/              @!P1 BRA 0xaf0 ;                                          /* 0x00000000009c9947 */
                                                                                        /* 0x000fea0003800000 */
        /*0880*/                   ISETP.NE.U32.AND P0, PT, R14, RZ, PT ;               /* 0x000000ff0e00720c */
                                                                                        /* 0x000fe20003f05070 */
        /*0890*/                   BSSY.RECONVERGENT B0, 0xa80 ;                        /* 0x000001e000007945 */
                                                                                        /* 0x000fd80003800200 */
        /*08a0*/               @P0 BRA 0xa00 ;                                          /* 0x0000000000540947 */
                                                                                        /* 0x000fea0003800000 */
        /*08b0*/                   S2UR UR8, SR_CgaCtaId ;                              /* 0x00000000000879c3 */
                                                                                        /* 0x000ee20000008800 */
        /*08c0*/                   UMOV UR5, 0x400 ;                                    /* 0x0000040000057882 */
                                                                                        /* 0x000fe20000000000 */
        /*08d0*/                   HFMA2 R8, -RZ, RZ, 0, 0.00048828125 ;                /* 0x00001000ff087431 */
                                                                                        /* 0x005fe200000001ff */
        /*08e0*/                   UIADD3 UR6, UPT, UPT, UR5, 0x2000, URZ ;             /* 0x0000200005067890 */
                                                                                        /* 0x000fe2000fffe0ff */
        /*08f0*/                   UIADD3 UR5, UPT, UPT, UR5, 0x1000, URZ ;             /* 0x0000100005057890 */
                                                                                        /* 0x000fe2000fffe0ff */
        /*0900*/                   PLOP3.LUT P0, PT, PT, PT, PT, 0x80, 0x8 ;            /* 0x000000000008781c */
                                                                                        /* 0x000fe20003f0f070 */
        /*0910*/                   LDCU.64 UR16, c[0x0][0x3a8] ;                        /* 0x00007500ff1077ac */
                                                                                        /* 0x000e240008000a00 */
        /*0920*/                   S2UR UR10, SR_CTAID.X ;                              /* 0x00000000000a79c3 */
                                                                                        /* 0x000ea20000002500 */
        /*0930*/                   UMOV UR12, URZ ;                                     /* 0x000000ff000c7c82 */
                                                                                        /* 0x000fe20008000000 */
        /*0940*/                   ULEA UR6, UR8, UR6, 0x18 ;                           /* 0x0000000608067291 */
                                                                                        /* 0x008fe2000f8ec0ff */
        /*0950*/                   ULEA UR8, UR8, UR5, 0x18 ;                           /* 0x0000000508087291 */
                                                                                        /* 0x000fca000f8ec0ff */
        /*0960*/                   MOV R9, UR6 ;                                        /* 0x0000000600097c02 */
                                                                                        /* 0x002fe20008000f00 */
        /*0970*/                   USHF.L.U32 UR10, UR10, 0x6, URZ ;                    /* 0x000000060a0a7899 */
                                                                                        /* 0x004fc600080006ff */
        /*0980*/                   SYNCS.ARRIVE.TRANS64 RZ, [R9+URZ], R8 ;              /* 0x0000000809ff79a7 */
                                                                                        /* 0x0003e200080000ff */
        /*0990*/                   R2UR UR9, R9 ;                                       /* 0x00000000090972ca */
                                                                                        /* 0x001fde00000e0000 */
        /*09a0*/               @P0 ELECT P2, URZ, PT ;                                  /* 0x0000000000ff082f */
                                                                                        /* 0x000fe20003840000 */
        /*09b0*/                   UTMALDG.3D [UR8], [UR16] ;                           /* 0x00000008100075b4 */
                                                                                        /* 0x0011d80008010000 */
        /*09c0*/               @P2 PLOP3.LUT P0, PT, P2, PT, PT, 0x8, 0x80 ;            /* 0x000000000080281c */
                                                                                        /* 0x000fe4000170e170 */
        /*09d0*/                   PLOP3.LUT P2, PT, PT, PT, PT, 0x8, 0x80 ;            /* 0x000000000080781c */
                                                                                        /* 0x000fd60003f4e170 */
        /*09e0*/               @P0 BRA.U.ANY 0x9a0 ;                                    /* 0xfffffffd00ec0947 */
                                                                                        /* 0x002fea000393ffff */
        /*09f0*/                   BRA 0xa60 ;                                          /* 0x0000000000187947 */
                                                                                        /* 0x000fea0003800000 */
        /*0a00*/                   S2UR UR6, SR_CgaCtaId ;                              /* 0x00000000000679c3 */
                                                                                        /* 0x000ee20000008800 */
        /*0a10*/                   UMOV UR5, 0x400 ;                                    /* 0x0000040000057882 */
                                                                                        /* 0x000fe40000000000 */
        /*0a20*/                   UIADD3 UR5, UPT, UPT, UR5, 0x2000, URZ ;             /* 0x0000200005057890 */
                                                                                        /* 0x000fc8000fffe0ff */
        /*0a30*/                   ULEA UR5, UR6, UR5, 0x18 ;                           /* 0x0000000506057291 */
                                                                                        /* 0x008fcc000f8ec0ff */
        /*0a40*/                   MOV R9, UR5 ;                                        /* 0x0000000500097c02 */
                                                                                        /* 0x003fc80008000f00 */
        /*0a50*/                   SYNCS.ARRIVE.TRANS64.A1T0 RZ, [R9+URZ], RZ ;         /* 0x000000ff09ff79a7 */
                                                                                        /* 0x0007e600081000ff */
        /*0a60*/                   NOP ;                                                /* 0x0000000000007918 */
                                                                                        /* 0x000fe20000000000 */
        /*0a70*/                   BSYNC.RECONVERGENT B0 ;                              /* 0x0000000000007941 */
                                                                                        /* 0x001fea0003800200 */
        /*0a80*/                   BSSY.RECONVERGENT B0, 0xae0 ;                        /* 0x0000005000007945 */
                                                                                        /* 0x000fe20003800200 */
        /*0a90*/                   SHF.L.U32 R8, R6, 0x1f, RZ ;                         /* 0x0000001f06087819 */
                                                                                        /* 0x006fce00000006ff */
        /*0aa0*/                   SYNCS.PHASECHK.TRANS64.TRYWAIT P0, [R9+URZ], R8 ;    /* 0x00000008090075a7 */
                                                                                        /* 0x000e2400080011ff */
        /*0ab0*/              @!P0 BRA 0xaa0 ;                                          /* 0xfffffffc00f88947 */
                                                                                        /* 0x009fea000383ffff */
        /*0ac0*/                   NOP ;                                                /* 0x0000000000007918 */
                                                                                        /* 0x000fe20000000000 */
        /*0ad0*/                   BSYNC.RECONVERGENT B0 ;                              /* 0x0000000000007941 */
                                                                                        /* 0x000fea0003800200 */
        /*0ae0*/                   BRA 0xe00 ;                                          /* 0x0000000000c47947 */
                                                                                        /* 0x000fea0003800000 */
        /*0af0*/                   LDCU UR5, c[0x0][0x39c] ;                            /* 0x00007380ff0577ac */
                                                                                        /* 0x000ee20008000800 */
        /*0b00*/                   IADD R8, R2, 0x3 ;                                   /* 0x0000000302087835 */
                                                                                        /* 0x005fe200078e0000 */
        /*0b10*/                   LEA.HI R9, R14, UR11, RZ, 0x1c ;                     /* 0x0000000b0e097c11 */
                                                                                        /* 0x002fe2000f8fe0ff */
        /*0b20*/                   BSSY.RECONVERGENT B0, 0xe00 ;                        /* 0x000002d000007945 */
                                                                                        /* 0x000fe80003800200 */
        /*0b30*/                   ISETP.GE.AND P3, PT, R9, UR7, PT ;                   /* 0x0000000709007c0c */
                                                                                        /* 0x000fe2000bf66270 */
        /*0b40*/                   ISETP.GE.AND P0, PT, R8, UR5, PT ;                   /* 0x0000000508007c0c */
                                                                                        /* 0x008fca000bf06270 */
        /*0b50*/                   ISETP.GE.OR P2, PT, R9, UR7, P0 ;                    /* 0x0000000709007c0c */
                                                                                        /* 0x000fda0008746670 */
        /*0b60*/               @P2 BRA 0xc00 ;                                          /* 0x0000000000242947 */
                                                                                        /* 0x000fea0003800000 */
        /*0b70*/                   LDC.64 R12, c[0x0][0x388] ;                          /* 0x0000e200ff0c7b82 */
                                                                                        /* 0x000e220000000a00 */
        /*0b80*/                   IMAD R9, R9, UR5, R2 ;                               /* 0x0000000509097c24 */
                                                                                        /* 0x000fc8000f8e0202 */
        /*0b90*/                   IMAD.WIDE R12, R9, 0x4, R12 ;                        /* 0x00000004090c7825 */
                                                                                        /* 0x001fca00078e020c */
        /*0ba0*/                   LDG.E.CONSTANT R8, desc[UR14][R12.64] ;              /* 0x0000000e0c087981 */
                                                                                        /* 0x000ea8000c1e9900 */
        /*0bb0*/                   LDG.E.CONSTANT R9, desc[UR14][R12.64+0x4] ;          /* 0x0000040e0c097981 */
                                                                                        /* 0x000ea8000c1e9900 */
        /*0bc0*/                   LDG.E.CONSTANT R10, desc[UR14][R12.64+0x8] ;         /* 0x0000080e0c0a7981 */
                                                                                        /* 0x000ea8000c1e9900 */
        /*0bd0*/                   LDG.E.CONSTANT R11, desc[UR14][R12.64+0xc] ;         /* 0x00000c0e0c0b7981 */
                                                                                        /* 0x000ea8000c1e9900 */
        /*0be0*/                   STS.128 [R5], R8 ;                                   /* 0x0000000805007388 */
                                                                                        /* 0x0041e20000000c00 */
        /*0bf0*/                   BRA 0xde0 ;                                          /* 0x0000000000787947 */
                                                                                        /* 0x000fea0003800000 */
        /*0c00*/               @P3 BRA 0xdd0 ;                                          /* 0x0000000000703947 */
                                                                                        /* 0x000fea0003800000 */
        /*0c10*/                   ISETP.GE.AND P2, PT, R2.reuse, UR5, PT ;             /* 0x0000000502007c0c */
                                                                                        /* 0x040fe2000bf46270 */
        /*0c20*/                   LDCU.64 UR8, c[0x0][0x388] ;                         /* 0x00007100ff0877ac */
                                                                                        /* 0x000e220008000a00 */
        /*0c30*/                   IMAD R12, R9, UR5, RZ ;                              /* 0x00000005090c7c24 */
                                                                                        /* 0x000fe2000f8e02ff */
        /*0c40*/                   MOV R8, R2 ;                                         /* 0x0000000200087202 */
                                                                                        /* 0x000fe20000000f00 */
        /*0c50*/                   HFMA2 R9, -RZ, RZ, 0, 0 ;                            /* 0x00000000ff097431 */
                                                                                        /* 0x000fe200000001ff */
        /*0c60*/                   IADD R14, R2.reuse, 0x1 ;                            /* 0x00000001020e7835 */
                                                                                        /* 0x040fe200078e0000 */
        /*0c70*/                   IADD R15, R2, 0x2 ;                                  /* 0x00000002020f7835 */
                                                                                        /* 0x000fe200078e0000 */
        /*0c80*/                   SHF.R.S32.HI R13, RZ, 0x1f, R12 ;                    /* 0x0000001fff0d7819 */
                                                                                        /* 0x000fc6000001140c */
        /*0c90*/                   ISETP.GE.AND P3, PT, R14, UR5, PT ;                  /* 0x000000050e007c0c */
                                                                                        /* 0x000fe2000bf66270 */
        /*0ca0*/                   ISETP.GE.AND P4, PT, R15, UR5, PT ;                  /* 0x000000050f007c0c */
                                                                                        /* 0x000fe2000bf86270 */
        /*0cb0*/                   IADD.64 R8, R8, R12 ;                                /* 0x0000000c08087235 */
                                                                                        /* 0x000fe400078e0200 */
        /*0cc0*/              @!P2 LDC.64 R10, c[0x0][0x388] ;                          /* 0x0000e200ff0aab82 */
                                                                                        /* 0x000e620000000a00 */
        /*0cd0*/              @!P2 IADD R13, R2, R12 ;                                  /* 0x0000000c020da235 */
                                                                                        /* 0x000fe200078e0000 */
        /*0ce0*/                   CS2R R14, SRZ ;                                      /* 0x00000000000e7805 */
                                                                                        /* 0x000fc8000001ff00 */
        /*0cf0*/              @!P2 IMAD.WIDE R12, R13, 0x4, R10 ;                       /* 0x000000040d0ca825 */
                                                                                        /* 0x002fe200078e020a */
        /*0d00*/                   LEA R10, P5, R8, UR8, 0x2 ;                          /* 0x00000008080a7c11 */
                                                                                        /* 0x001fc8000f8a10ff */
        /*0d10*/                   LEA.HI.X R11, R8, UR9, R9, 0x2, P5 ;                 /* 0x00000009080b7c11 */
                                                                                        /* 0x000fe2000a8f1409 */
        /*0d20*/                   HFMA2 R9, -RZ, RZ, 0, 0 ;                            /* 0x00000000ff097431 */
                                                                                        /* 0x000fe200000001ff */
        /*0d30*/                   MOV R8, RZ ;                                         /* 0x000000ff00087202 */
                                                                                        /* 0x000fe20000000f00 */
        /*0d40*/              @!P2 LDG.E.CONSTANT R14, desc[UR14][R12.64] ;             /* 0x0000000e0c0ea981 */
                                                                                        /* 0x000ea8000c1e9900 */
        /*0d50*/              @!P4 LDG.E.CONSTANT R9, desc[UR14][R10.64+0x8] ;          /* 0x0000080e0a09c981 */
                                                                                        /* 0x000ee8000c1e9900 */
        /*0d60*/              @!P3 LDG.E.CONSTANT R8, desc[UR14][R10.64+0x4] ;          /* 0x0000040e0a08b981 */
                                                                                        /* 0x000f28000c1e9900 */
        /*0d70*/              @!P0 LDG.E.CONSTANT R15, desc[UR14][R10.64+0xc] ;         /* 0x00000c0e0a0f8981 */
                                                                                        /* 0x000f68000c1e9900 */
        /*0d80*/                   STS [R5], R14 ;                                      /* 0x0000000e05007388 */
                                                                                        /* 0x0045e80000000800 */
        /*0d90*/                   STS [R5+0x8], R9 ;                                   /* 0x0000080905007388 */
                                                                                        /* 0x0085e80000000800 */
        /*0da0*/                   STS [R5+0x4], R8 ;                                   /* 0x0000040805007388 */
                                                                                        /* 0x0105e80000000800 */
        /*0db0*/                   STS [R5+0xc], R15 ;                                  /* 0x00000c0f05007388 */
                                                                                        /* 0x0205e20000000800 */
        /*0dc0*/                   BRA 0xde0 ;                                          /* 0x0000000000047947 */
                                                                                        /* 0x000fea0003800000 */
        /*0dd0*/                   STS.128 [R5], RZ ;                                   /* 0x000000ff05007388 */
                                                                                        /* 0x0003e40000000c00 */
        /*0de0*/                   NOP ;                                                /* 0x0000000000007918 */
                                                                                        /* 0x000fe20000000000 */
        /*0df0*/                   BSYNC.RECONVERGENT B0 ;                              /* 0x0000000000007941 */
                                                                                        /* 0x000fea0003800200 */
        /*0e00*/                   BAR.SYNC.DEFER_BLOCKING 0x0 ;                        /* 0x0000000000007b1d */
                                                                                        /* 0x000fe20000010000 */
        /*0e10*/                   UISETP.GE.AND UP0, UPT, UR11, UR7, UPT ;             /* 0x000000070b00728c */
                                                                                        /* 0x000fd2000bf06270 */
        /*0e20*/                   BRA.U UP0, 0x13e0 ;                                  /* 0x00000005006c7547 */
                                                                                        /* 0x000fea000b800000 */
        /*0e30*/                   IMAD.SHL.U32 R29, R6, 0x10, RZ ;                     /* 0x00000010061d7824 */
                                                                                        /* 0x000fe200078e00ff */
        /*0e40*/                   UVIMNMX.S32 UR9, UR4, UR7, UPT ;                     /* 0x000000070409724a */
                                                                                        /* 0x000fe2000bfe0100 */
        /*0e50*/                   UMOV UR5, URZ ;                                      /* 0x000000ff00057c82 */
                                                                                        /* 0x000fc60008000000 */
        /*0e60*/                   IADD R8, R29, 0x1 ;                                  /* 0x000000011d087835 */
                                                                                        /* 0x005fca00078e0000 */
        /*0e70*/                   ISETP.NE.U32.AND P0, PT, R8, UR9, PT ;               /* 0x0000000908007c0c */
                                                                                        /* 0x000fda000bf05070 */
        /*0e80*/              @!P0 BRA 0x1230 ;                                         /* 0x0000000000e88947 */
                                                                                        /* 0x000fea0003800000 */
        /*0e90*/                   S2UR UR8, SR_CgaCtaId ;                              /* 0x00000000000879c3 */
                                                                                        /* 0x000e220000008800 */
        /*0ea0*/                   UMOV UR5, 0x400 ;                                    /* 0x0000040000057882 */
                                                                                        /* 0x000fe20000000000 */
        /*0eb0*/                   ULOP3.LUT UR10, UR9, 0x1, URZ, 0xc0, !UPT ;          /* 0x00000001090a7892 */
                                                                                        /* 0x000fe2000f8ec0ff */
        /*0ec0*/                   UIADD3 UR6, UPT, UPT, UR5, 0x1000, URZ ;             /* 0x0000100005067890 */
                                                                                        /* 0x000fca000fffe0ff */
        /*0ed0*/                   LOP3.LUT R29, R29, UR10, RZ, 0xfc, !PT ;             /* 0x0000000a1d1d7c12 */
                                                                                        /* 0x000fca000f8efcff */
        /*0ee0*/                   IADD R29, R29, -UR9 ;                                /* 0x800000091d1d7c35 */
                                                                                        /* 0x000fe2000f8e0000 */
        /*0ef0*/                   ULEA UR5, UR8, UR5, 0x18 ;                           /* 0x0000000508057291 */
                                                                                        /* 0x001fe2000f8ec0ff */
        /*0f00*/                   ULEA UR6, UR8, UR6, 0x18 ;                           /* 0x0000000608067291 */
                                                                                        /* 0x000fca000f8ec0ff */
        /*0f10*/                   LEA R31, R3, UR5, 0x4 ;                              /* 0x00000005031f7c11 */
                                                                                        /* 0x000fe2000f8e20ff */
        /*0f20*/                   UMOV UR5, URZ ;                                      /* 0x000000ff00057c82 */
                                                                                        /* 0x000fe20008000000 */
        /*0f30*/                   LEA R33, R0, UR6, 0x4 ;                              /* 0x0000000600217c11 */
                                                                                        /* 0x000fc6000f8e20ff */
        /*0f40*/                   IADD R31, R31, 0x100 ;                               /* 0x000001001f1f7835 */
                                                                                        /* 0x000fe400078e0000 */
        /*0f50*/                   IADD R33, R33, 0x100 ;                               /* 0x0000010021217835 */
                                                                                        /* 0x00afce00078e0000 */
        /*0f60*/                   LDS.128 R8, [R31+-0x100] ;                           /* 0xffff00001f087984 */
                                                                                        /* 0x000fe20000000c00 */
        /*0f70*/                   IADD R29, R29, 0x2 ;                                 /* 0x000000021d1d7835 */
                                                                                        /* 0x000fe200078e0000 */
        /*0f80*/                   UIADD3 UR5, UPT, UPT, UR5, 0x2, URZ ;                /* 0x0000000205057890 */
                                                                                        /* 0x000fe4000fffe0ff */
        /*0f90*/                   LDS.128 R12, [R33+-0x100] ;                          /* 0xffff0000210c7984 */
                                                                                        /* 0x000e240000000c00 */
        /*0fa0*/                   ISETP.NE.U32.AND P0, PT, R29, RZ, PT ;               /* 0x000000ff1d00720c */
                                                                                        /* 0x000fe20003f05070 */
        /*0fb0*/                   FFMA.FTZ R17, R8.reuse, R12, R17 ;                   /* 0x0000000c08117223 */
                                                                                        /* 0x041fe20000010011 */
        /*0fc0*/                   FFMA.FTZ R18, R8.reuse, R13, R18 ;                   /* 0x0000000d08127223 */
                                                                                        /* 0x040fe20000010012 */
        /*0fd0*/                   FFMA.FTZ R19, R8.reuse, R14, R19 ;                   /* 0x0000000e08137223 */
                                                                                        /* 0x040fe20000010013 */
        /*0fe0*/                   FFMA.FTZ R20, R8, R15, R20 ;                         /* 0x0000000f08147223 */
                                                                                        /* 0x000fe20000010014 */
        /*0ff0*/                   FFMA.FTZ R22, R9.reuse, R12, R22 ;                   /* 0x0000000c09167223 */
                                                                                        /* 0x040fe20000010016 */
        /*1000*/                   FFMA.FTZ R24, R9.reuse, R13, R24 ;                   /* 0x0000000d09187223 */
                                                                                        /* 0x040fe20000010018 */
        /*1010*/                   FFMA.FTZ R21, R9.reuse, R14, R21 ;                   /* 0x0000000e09157223 */
                                                                                        /* 0x040fe20000010015 */
        /*1020*/                   FFMA.FTZ R26, R9, R15, R26 ;                         /* 0x0000000f091a7223 */
                                                                                        /* 0x000fe2000001001a */
        /*1030*/                   FFMA.FTZ R23, R10.reuse, R12, R23 ;                  /* 0x0000000c0a177223 */
                                                                                        /* 0x040fe20000010017 */
        /*1040*/                   FFMA.FTZ R28, R10.reuse, R13, R28 ;                  /* 0x0000000d0a1c7223 */
                                                                                        /* 0x040fe2000001001c */
        /*1050*/                   FFMA.FTZ R25, R10.reuse, R14, R25 ;                  /* 0x0000000e0a197223 */
                                                                                        /* 0x040fe20000010019 */
        /*1060*/                   FFMA.FTZ R30, R10, R15, R30 ;                        /* 0x0000000f0a1e7223 */
                                                                                        /* 0x000fe2000001001e */
        /*1070*/                   FFMA.FTZ R32, R11.reuse, R12, R32 ;                  /* 0x0000000c0b207223 */
                                                                                        /* 0x040fe20000010020 */
        /*1080*/                   FFMA.FTZ R34, R11.reuse, R13, R34 ;                  /* 0x0000000d0b227223 */
                                                                                        /* 0x040fe20000010022 */
        /*1090*/                   FFMA.FTZ R27, R11.reuse, R14, R27 ;                  /* 0x0000000e0b1b7223 */
                                                                                        /* 0x040fe2000001001b */
        /*10a0*/                   FFMA.FTZ R36, R11, R15, R36 ;                        /* 0x0000000f0b247223 */
                                                                                        /* 0x000fc40000010024 */
        /*10b0*/                   LDS.128 R8, [R31] ;                                  /* 0x000000001f087984 */
                                                                                        /* 0x0001e80000000c00 */
        /*10c0*/                   LDS.128 R12, [R33] ;                                 /* 0x00000000210c7984 */
                                                                                        /* 0x0002a20000000c00 */
        /*10d0*/                   IADD R31, R31, 0x200 ;                               /* 0x000002001f1f7835 */
                                                                                        /* 0x001fe200078e0000 */
        /*10e0*/                   IADD R33, R33, 0x200 ;                               /* 0x0000020021217835 */
                                                                                        /* 0x002fe200078e0000 */
        /*10f0*/                   FFMA.FTZ R17, R8.reuse, R12, R17 ;                   /* 0x0000000c08117223 */
                                                                                        /* 0x044fe20000010011 */
        /*1100*/                   FFMA.FTZ R18, R8.reuse, R13, R18 ;                   /* 0x0000000d08127223 */
                                                                                        /* 0x040fe20000010012 */
        /*1110*/                   FFMA.FTZ R19, R8.reuse, R14, R19 ;                   /* 0x0000000e08137223 */
                                                                                        /* 0x040fe20000010013 */
        /*1120*/                   FFMA.FTZ R20, R8, R15, R20 ;                         /* 0x0000000f08147223 */
                                                                                        /* 0x000fe20000010014 */
        /*1130*/                   FFMA.FTZ R22, R9.reuse, R12, R22 ;                   /* 0x0000000c09167223 */
                                                                                        /* 0x040fe20000010016 */
        /*1140*/                   FFMA.FTZ R24, R9.reuse, R13, R24 ;                   /* 0x0000000d09187223 */
                                                                                        /* 0x040fe20000010018 */
        /*1150*/                   FFMA.FTZ R21, R9.reuse, R14, R21 ;                   /* 0x0000000e09157223 */
                                                                                        /* 0x040fe20000010015 */
        /*1160*/                   FFMA.FTZ R26, R9, R15, R26 ;                         /* 0x0000000f091a7223 */
                                                                                        /* 0x000fe2000001001a */
        /*1170*/                   FFMA.FTZ R23, R10.reuse, R12, R23 ;                  /* 0x0000000c0a177223 */
                                                                                        /* 0x040fe20000010017 */
        /*1180*/                   FFMA.FTZ R28, R10.reuse, R13, R28 ;                  /* 0x0000000d0a1c7223 */
                                                                                        /* 0x040fe2000001001c */
        /*1190*/                   FFMA.FTZ R25, R10.reuse, R14, R25 ;                  /* 0x0000000e0a197223 */
                                                                                        /* 0x040fe20000010019 */
        /*11a0*/                   FFMA.FTZ R30, R10, R15, R30 ;                        /* 0x0000000f0a1e7223 */
                                                                                        /* 0x000fe2000001001e */
        /*11b0*/                   FFMA.FTZ R32, R11.reuse, R12, R32 ;                  /* 0x0000000c0b207223 */
                                                                                        /* 0x040fe20000010020 */
        /*11c0*/                   FFMA.FTZ R34, R11.reuse, R13, R34 ;                  /* 0x0000000d0b227223 */
                                                                                        /* 0x040fe20000010022 */
        /*11d0*/                   FFMA.FTZ R27, R11.reuse, R14, R27 ;                  /* 0x0000000e0b1b7223 */
                                                                                        /* 0x040fe2000001001b */
        /*11e0*/                   FFMA.FTZ R36, R11, R15, R36 ;                        /* 0x0000000f0b247223 */
                                                                                        /* 0x000fe20000010024 */
        /*11f0*/               @P0 BRA 0xf60 ;                                          /* 0xfffffffc00580947 */
                                                                                        /* 0x000fec000383ffff */
        /*1200*/                   UVIMNMX.S32 UR6, UR4, UR7, UPT ;                     /* 0x000000070406724a */
                                                                                        /* 0x000fc8000bfe0100 */
        /*1210*/                   ULOP3.LUT UP0, URZ, UR6, 0x1, URZ, 0xc0, !UPT ;      /* 0x0000000106ff7892 */
                                                                                        /* 0x000fd2000f80c0ff */
        /*1220*/                   BRA.U !UP0, 0x13e0 ;                                 /* 0x00000001086c7547 */
                                                                                        /* 0x000fea000b800000 */
        /*1230*/                   S2UR UR8, SR_CgaCtaId ;                              /* 0x00000000000879c3 */
                                                                                        /* 0x000e220000008800 */
        /*1240*/                   UMOV UR6, 0x400 ;                                    /* 0x0000040000067882 */
                                                                                        /* 0x000fe40000000000 */
        /*1250*/                   UIADD3 UR9, UPT, UPT, UR6, 0x1000, URZ ;             /* 0x0000100006097890 */
                                                                                        /* 0x000fe2000fffe0ff */
        /*1260*/                   ULEA UR6, UR8, UR6, 0x18 ;                           /* 0x0000000608067291 */
                                                                                        /* 0x001fc6000f8ec0ff */
        /*1270*/                   ULEA UR9, UR8, UR9, 0x18 ;                           /* 0x0000000908097291 */
                                                                                        /* 0x000fe2000f8ec0ff */
        /*1280*/                   ULEA UR6, UR5, UR6, 0x8 ;                            /* 0x0000000605067291 */
                                                                                        /* 0x000fc6000f8e40ff */
        /*1290*/                   ULEA UR5, UR5, UR9, 0x8 ;                            /* 0x0000000905057291 */
                                                                                        /* 0x000fc6000f8e40ff */
        /*12a0*/                   LEA R8, R3, UR6, 0x4 ;                               /* 0x0000000603087c11 */
                                                                                        /* 0x000fc6000f8e20ff */
        /*12b0*/                   LEA R12, R0, UR5, 0x4 ;                              /* 0x00000005000c7c11 */
                                                                                        /* 0x000fc6000f8e20ff */
        /*12c0*/                   LDS.128 R8, [R8] ;                                   /* 0x0000000008087984 */
                                                                                        /* 0x008fe80000000c00 */
        /*12d0*/                   LDS.128 R12, [R12] ;                                 /* 0x000000000c0c7984 */
                                                                                        /* 0x000e240000000c00 */
        /*12e0*/                   FFMA.FTZ R17, R8.reuse, R12, R17 ;                   /* 0x0000000c08117223 */
                                                                                        /* 0x041fe20000010011 */
        /*12f0*/                   FFMA.FTZ R18, R8.reuse, R13, R18 ;                   /* 0x0000000d08127223 */
                                                                                        /* 0x040fe20000010012 */
        /*1300*/                   FFMA.FTZ R19, R8.reuse, R14, R19 ;                   /* 0x0000000e08137223 */
                                                                                        /* 0x040fe20000010013 */
        /*1310*/                   FFMA.FTZ R20, R8, R15, R20 ;                         /* 0x0000000f08147223 */
                                                                                        /* 0x000fe20000010014 */
        /*1320*/                   FFMA.FTZ R22, R9.reuse, R12, R22 ;                   /* 0x0000000c09167223 */
                                                                                        /* 0x040fe20000010016 */
        /*1330*/                   FFMA.FTZ R24, R9.reuse, R13, R24 ;                   /* 0x0000000d09187223 */
                                                                                        /* 0x040fe20000010018 */
        /*1340*/                   FFMA.FTZ R21, R9.reuse, R14, R21 ;                   /* 0x0000000e09157223 */
                                                                                        /* 0x040fe20000010015 */
        /*1350*/                   FFMA.FTZ R26, R9, R15, R26 ;                         /* 0x0000000f091a7223 */
                                                                                        /* 0x000fe2000001001a */
        /*1360*/                   FFMA.FTZ R23, R10.reuse, R12, R23 ;                  /* 0x0000000c0a177223 */
                                                                                        /* 0x040fe20000010017 */
        /*1370*/                   FFMA.FTZ R28, R10.reuse, R13, R28 ;                  /* 0x0000000d0a1c7223 */
                                                                                        /* 0x040fe2000001001c */
        /*1380*/                   FFMA.FTZ R25, R10.reuse, R14, R25 ;                  /* 0x0000000e0a197223 */
                                                                                        /* 0x040fe20000010019 */
        /*1390*/                   FFMA.FTZ R30, R10, R15, R30 ;                        /* 0x0000000f0a1e7223 */
                                                                                        /* 0x000fe2000001001e */
        /*13a0*/                   FFMA.FTZ R32, R11.reuse, R12, R32 ;                  /* 0x0000000c0b207223 */
                                                                                        /* 0x040fe20000010020 */
        /*13b0*/                   FFMA.FTZ R34, R11.reuse, R13, R34 ;                  /* 0x0000000d0b227223 */
                                                                                        /* 0x040fe20000010022 */
        /*13c0*/                   FFMA.FTZ R27, R11.reuse, R14, R27 ;                  /* 0x0000000e0b1b7223 */
                                                                                        /* 0x040fe2000001001b */
        /*13d0*/                   FFMA.FTZ R36, R11, R15, R36 ;                        /* 0x0000000f0b247223 */
                                                                                        /* 0x000fce0000010024 */
        /*13e0*/                   UIADD3 UR5, UPT, UPT, UR7, -0x1, URZ ;               /* 0xffffffff07057890 */
                                                                                        /* 0x000fe2000fffe0ff */
        /*13f0*/                   BAR.SYNC.DEFER_BLOCKING 0x0 ;                        /* 0x0000000000007b1d */
                                                                                        /* 0x000fe60000010000 */
        /*1400*/                   USHF.R.U32.HI UR5, URZ, 0x4, UR5 ;                   /* 0x00000004ff057899 */
                                                                                        /* 0x000fcc0008011605 */
        /*1410*/                   ISETP.NE.U32.AND P0, PT, R6.reuse, UR5, PT ;         /* 0x0000000506007c0c */
                                                                                        /* 0x040fe2000bf05070 */
        /*1420*/                   IADD R6, R6, 0x1 ;                                   /* 0x0000000106067835 */
                                                                                        /* 0x000fd800078e0000 */
        /*1430*/               @P0 BRA 0x3e0 ;                                          /* 0xffffffec00e80947 */
                                                                                        /* 0x000fea000383ffff */
        /*1440*/                   S2R R5, SR_CTAID.X ;                                 /* 0x0000000000057919 */
                                                                                        /* 0x007e220000002500 */
        /*1450*/                   LDCU.64 UR8, c[0x0][0x398] ;                         /* 0x00007300ff0877ac */
                                                                                        /* 0x000e620008000a00 */
        /*1460*/                   S2R R2, SR_CTAID.Y ;                                 /* 0x0000000000027919 */
                                                                                        /* 0x000ea20000002600 */
        /*1470*/                   LDCU.64 UR6, c[0x0][0x390] ;                         /* 0x00007200ff0677ac */
                                                                                        /* 0x000f220008000a00 */
        /*1480*/                   IMAD R8, R5, 0x10, R0 ;                              /* 0x0000001005087824 */
                                                                                        /* 0x001fc800078e0200 */
        /*1490*/                   IMAD.SHL.U32 R8, R8, 0x4, RZ ;                       /* 0x0000000408087824 */
                                                                                        /* 0x000fe400078e00ff */
        /*14a0*/                   IMAD R0, R2, 0x10, R3 ;                              /* 0x0000001002007824 */
                                                                                        /* 0x004fc600078e0203 */
        /*14b0*/                   ISETP.GE.AND P1, PT, R8, UR9, PT ;                   /* 0x0000000908007c0c */
                                                                                        /* 0x002fe2000bf26270 */
        /*14c0*/                   IMAD.SHL.U32 R0, R0, 0x4, RZ ;                       /* 0x0000000400007824 */
                                                                                        /* 0x000fe200078e00ff */
        /*14d0*/                   ISETP.GE.AND P0, PT, R8.reuse, UR9, PT ;             /* 0x0000000908007c0c */
                                                                                        /* 0x040fe2000bf06270 */
        /*14e0*/                   IADD R2, R8, 0x1 ;                                   /* 0x0000000108027835 */
                                                                                        /* 0x000fe200078e0000 */
        /*14f0*/                   SHF.R.S32.HI R9, RZ, 0x1f, R8 ;                      /* 0x0000001fff097819 */
                                                                                        /* 0x008fe20000011408 */
        /*1500*/                   IMAD R10, R0.reuse, UR9, RZ ;                        /* 0x00000009000a7c24 */
                                                                                        /* 0x040fe2000f8e02ff */
        /*1510*/                   ISETP.LT.AND P1, PT, R0.reuse, UR8, !P1 ;            /* 0x0000000800007c0c */
                                                                                        /* 0x040fe2000cf21270 */
        /*1520*/                   IADD R14, R0, 0x1 ;                                  /* 0x00000001000e7835 */
                                                                                        /* 0x000fe200078e0000 */
        /*1530*/                   ISETP.GE.AND P3, PT, R2, UR9, PT ;                   /* 0x0000000902007c0c */
                                                                                        /* 0x000fe2000bf66270 */
        /*1540*/                   IADD R2, R8, 0x2 ;                                   /* 0x0000000208027835 */
                                                                                        /* 0x000fe200078e0000 */
        /*1550*/                   SHF.R.S32.HI R11, RZ, 0x1f, R10 ;                    /* 0x0000001fff0b7819 */
                                                                                        /* 0x000fc4000001140a */
        /*1560*/                   ISETP.GE.OR P6, PT, R14, UR8, P0 ;                   /* 0x000000080e007c0c */
                                                                                        /* 0x000fe200087c6670 */
        /*1570*/                   ISETP.GE.OR P5, PT, R0, UR8, P3 ;                    /* 0x0000000800007c0c */
                                                                                        /* 0x000fe20009fa6670 */
        /*1580*/                   ISETP.GE.AND P2, PT, R2, UR9, PT ;                   /* 0x0000000902007c0c */
                                                                                        /* 0x000fe2000bf46270 */
        /*1590*/                   IADD.64 R6, R10, R8 ;                                /* 0x000000080a067235 */
                                                                                        /* 0x000fe400078e0200 */
        /*15a0*/                   IADD R11, R8, 0x3 ;                                  /* 0x00000003080b7835 */
                                                                                        /* 0x000fe200078e0000 */
        /*15b0*/                   IADD R15, R0, 0x2 ;                                  /* 0x00000002000f7835 */
                                                                                        /* 0x000fe200078e0000 */
        /*15c0*/               @P1 LDC.64 R12, c[0x0][0x390] ;                          /* 0x0000e400ff0c1b82 */
                                                                                        /* 0x000e220000000a00 */
        /*15d0*/               @P1 IADD R3, R8, R10 ;                                   /* 0x0000000a08031235 */
                                                                                        /* 0x000fe200078e0000 */
        /*15e0*/                   LEA R2, P4, R6, UR6, 0x2 ;                           /* 0x0000000606027c11 */
                                                                                        /* 0x010fe2000f8810ff */
        /*15f0*/                   IADD R10, R10, UR9 ;                                 /* 0x000000090a0a7c35 */
                                                                                        /* 0x000fca000f8e0000 */
        /*1600*/              @!P6 LDC.64 R4, c[0x0][0x390] ;                           /* 0x0000e400ff04eb82 */
                                                                                        /* 0x000e620000000a00 */
        /*1610*/               @P1 IMAD.WIDE R12, R3, 0x4, R12 ;                        /* 0x00000004030c1825 */
                                                                                        /* 0x001fe200078e020c */
        /*1620*/                   LEA.HI.X R3, R6, UR7, R7, 0x2, P4 ;                  /* 0x0000000706037c11 */
                                                                                        /* 0x000fe2000a0f1407 */
        /*1630*/                   ISETP.GE.OR P4, PT, R0, UR8, P2 ;                    /* 0x0000000800007c0c */
                                                                                        /* 0x000fe20009786670 */
        /*1640*/              @!P6 IADD R7, R8, R10.reuse ;                             /* 0x0000000a0807e235 */
                                                                                        /* 0x080fe400078e0000 */
        /*1650*/               @P1 STG.E desc[UR14][R12.64], R17 ;                      /* 0x000000110c001986 */
                                                                                        /* 0x0001e2000c10190e */
        /*1660*/                   ISETP.GE.AND P1, PT, R11, UR9, PT ;                  /* 0x000000090b007c0c */
                                                                                        /* 0x000fe2000bf26270 */
        /*1670*/                   SHF.R.S32.HI R11, RZ, 0x1f, R10 ;                    /* 0x0000001fff0b7819 */
                                                                                        /* 0x000fe4000001140a */
        /*1680*/              @!P5 STG.E desc[UR14][R2.64+0x4], R18 ;                   /* 0x000004120200d986 */
                                                                                        /* 0x000fe2000c10190e */
        /*1690*/              @!P6 IMAD.WIDE R6, R7, 0x4, R4 ;                          /* 0x000000040706e825 */
                                                                                        /* 0x002fe200078e0204 */
        /*16a0*/                   ISETP.GE.OR P5, PT, R0, UR8, P1 ;                    /* 0x0000000800007c0c */
                                                                                        /* 0x000fe20008fa6670 */
        /*16b0*/                   IADD.64 R4, R8, R10 ;                                /* 0x0000000a08047235 */
                                                                                        /* 0x000fc400078e0200 */
        /*16c0*/                   IADD R0, R0, 0x3 ;                                   /* 0x0000000300007835 */
                                                                                        /* 0x000fe200078e0000 */
        /*16d0*/                   IADD R10, R10, UR9 ;                                 /* 0x000000090a0a7c35 */
                                                                                        /* 0x000fe2000f8e0000 */
        /*16e0*/              @!P4 STG.E desc[UR14][R2.64+0x8], R19 ;                   /* 0x000008130200c986 */
                                                                                        /* 0x000fe2000c10190e */
        /*16f0*/                   ISETP.GE.OR P4, PT, R15, UR8, P0 ;                   /* 0x000000080f007c0c */
                                                                                        /* 0x000fe40008786670 */
        /*1700*/                   ISETP.GE.OR P0, PT, R0, UR8, P0 ;                    /* 0x0000000800007c0c */
                                                                                        /* 0x000fe20008706670 */
        /*1710*/                   SHF.R.S32.HI R11, RZ, 0x1f, R10 ;                    /* 0x0000001fff0b7819 */
                                                                                        /* 0x000fc8000001140a */
        /*1720*/              @!P5 STG.E desc[UR14][R2.64+0xc], R20 ;                   /* 0x00000c140200d986 */
                                                                                        /* 0x0003e2000c10190e */
        /*1730*/                   ISETP.GE.OR P5, PT, R14, UR8, P3 ;                   /* 0x000000080e007c0c */
                                                                                        /* 0x000fc60009fa6670 */
        /*1740*/              @!P6 STG.E desc[UR14][R6.64], R22 ;                       /* 0x000000160600e986 */
                                                                                        /* 0x0005e2000c10190e */
        /*1750*/                   LEA R16, P6, R4.reuse, UR6, 0x2 ;                    /* 0x0000000604107c11 */
                                                                                        /* 0x040fe2000f8c10ff */
        /*1760*/              @!P4 LDC.64 R12, c[0x0][0x390] ;                          /* 0x0000e400ff0ccb82 */
                                                                                        /* 0x001e260000000a00 */
        /*1770*/                   LEA.HI.X R17, R4, UR7, R5, 0x2, P6 ;                 /* 0x0000000704117c11 */
                                                                                        /* 0x000fe2000b0f1405 */
        /*1780*/                   IADD.64 R4, R8, R10 ;                                /* 0x0000000a08047235 */
                                                                                        /* 0x000fe400078e0200 */
        /*1790*/                   ISETP.GE.OR P6, PT, R14.reuse, UR8, P2 ;             /* 0x000000080e007c0c */
                                                                                        /* 0x040fe400097c6670 */
        /*17a0*/              @!P5 STG.E desc[UR14][R16.64+0x4], R24 ;                  /* 0x000004181000d986 */
                                                                                        /* 0x0007e2000c10190e */
        /*17b0*/                   ISETP.GE.OR P5, PT, R14, UR8, P1 ;                   /* 0x000000080e007c0c */
                                                                                        /* 0x000fe20008fa6670 */
        /*17c0*/              @!P0 LDC.64 R2, c[0x0][0x390] ;                           /* 0x0000e400ff028b82 */
                                                                                        /* 0x002e620000000a00 */
        /*17d0*/              @!P4 IADD R7, R8, R10 ;                                   /* 0x0000000a0807c235 */
                                                                                        /* 0x004fe200078e0000 */
        /*17e0*/                   IADD R10, R10, UR9 ;                                 /* 0x000000090a0a7c35 */
                                                                                        /* 0x000fca000f8e0000 */
        /*17f0*/                   SHF.R.S32.HI R11, RZ, 0x1f, R10 ;                    /* 0x0000001fff0b7819 */
                                                                                        /* 0x000fe4000001140a */
        /*1800*/              @!P6 STG.E desc[UR14][R16.64+0x8], R21 ;                  /* 0x000008151000e986 */
                                                                                        /* 0x0007e2000c10190e */
        /*1810*/                   LEA R6, P6, R4, UR6, 0x2 ;                           /* 0x0000000604067c11 */
                                                                                        /* 0x000fc6000f8c10ff */
        /*1820*/              @!P5 STG.E desc[UR14][R16.64+0xc], R26 ;                  /* 0x00000c1a1000d986 */
                                                                                        /* 0x0007e2000c10190e */
        /*1830*/                   ISETP.GE.OR P5, PT, R15, UR8, P3 ;                   /* 0x000000080f007c0c */
                                                                                        /* 0x000fe20009fa6670 */
        /*1840*/              @!P4 IMAD.WIDE R12, R7, 0x4, R12 ;                        /* 0x00000004070cc825 */
                                                                                        /* 0x001fe200078e020c */
        /*1850*/                   LEA.HI.X R7, R4, UR7, R5, 0x2, P6 ;                  /* 0x0000000704077c11 */
                                                                                        /* 0x000fe2000b0f1405 */
        /*1860*/                   ISETP.GE.OR P6, PT, R15.reuse, UR8, P1 ;             /* 0x000000080f007c0c */
                                                                                        /* 0x040fe20008fc6670 */
        /*1870*/              @!P0 IADD R5, R8.reuse, R10.reuse ;                       /* 0x0000000a08058235 */
                                                                                        /* 0x0c0fe400078e0000 */
        /*1880*/              @!P4 STG.E desc[UR14][R12.64], R23 ;                      /* 0x000000170c00c986 */
                                                                                        /* 0x0007e2000c10190e */
        /*1890*/                   ISETP.GE.OR P4, PT, R15, UR8, P2 ;                   /* 0x000000080f007c0c */
                                                                                        /* 0x000fe20009786670 */
        /*18a0*/                   IADD.64 R8, R8, R10 ;                                /* 0x0000000a08087235 */
                                                                                        /* 0x000fe400078e0200 */
        /*18b0*/                   ISETP.GE.OR P3, PT, R0.reuse, UR8, P3 ;              /* 0x0000000800007c0c */
                                                                                        /* 0x040fe20009f66670 */
        /*18c0*/                   ISETP.GE.OR P2, PT, R0.reuse, UR8, P2 ;              /* 0x0000000800007c0c */
                                                                                        /* 0x040fe20009746670 */
        /*18d0*/                   ISETP.GE.OR P1, PT, R0, UR8, P1 ;                    /* 0x0000000800007c0c */
                                                                                        /* 0x000fe20008f26670 */
        /*18e0*/              @!P5 STG.E desc[UR14][R6.64+0x4], R28 ;                   /* 0x0000041c0600d986 */
                                                                                        /* 0x0007e2000c10190e */
        /*18f0*/                   LEA R4, P5, R8, UR6, 0x2 ;                           /* 0x0000000608047c11 */
                                                                                        /* 0x000fe2000f8a10ff */
        /*1900*/              @!P0 IMAD.WIDE R2, R5, 0x4, R2 ;                          /* 0x0000000405028825 */
                                                                                        /* 0x002fc400078e0202 */
        /*1910*/              @!P6 STG.E desc[UR14][R6.64+0xc], R30 ;                   /* 0x00000c1e0600e986 */
                                                                                        /* 0x0007e2000c10190e */
        /*1920*/                   LEA.HI.X R5, R8, UR7, R9, 0x2, P5 ;                  /* 0x0000000708057c11 */
                                                                                        /* 0x000fc6000a8f1409 */
        /*1930*/              @!P4 STG.E desc[UR14][R6.64+0x8], R25 ;                   /* 0x000008190600c986 */
                                                                                        /* 0x0007e8000c10190e */
        /*1940*/              @!P0 STG.E desc[UR14][R2.64], R32 ;                       /* 0x0000002002008986 */
                                                                                        /* 0x0007e8000c10190e */
        /*1950*/              @!P3 STG.E desc[UR14][R4.64+0x4], R34 ;                   /* 0x000004220400b986 */
                                                                                        /* 0x0007e8000c10190e */
        /*1960*/              @!P2 STG.E desc[UR14][R4.64+0x8], R27 ;                   /* 0x0000081b0400a986 */
                                                                                        /* 0x0007e2000c10190e */
        /*1970*/               @P1 EXIT ;                                               /* 0x000000000000194d */
                                                                                        /* 0x000fea0003800000 */
        /*1980*/                   STG.E desc[UR14][R4.64+0xc], R36 ;                   /* 0x00000c2404007986 */
                                                                                        /* 0x000fe2000c10190e */
        /*1990*/                   EXIT ;                                               /* 0x000000000000794d */
                                                                                        /* 0x000fea0003800000 */
        /*19a0*/                   BRA 0x19a0;                                          /* 0xfffffffc00fc7947 */
                                                                                        /* 0x000fc0000383ffff */
        /*19b0*/                   NOP;                                                 /* 0x0000000000007918 */
                                                                                        /* 0x000fc00000000000 */
        /*19c0*/                   NOP;                                                 /* 0x0000000000007918 */
                                                                                        /* 0x000fc00000000000 */
        /*19d0*/                   NOP;                                                 /* 0x0000000000007918 */
                                                                                        /* 0x000fc00000000000 */
        /*19e0*/                   NOP;                                                 /* 0x0000000000007918 */
                                                                                        /* 0x000fc00000000000 */
        /*19f0*/                   NOP;                                                 /* 0x0000000000007918 */
                                                                                        /* 0x000fc00000000000 */
        /*1a00*/                   NOP;                                                 /* 0x0000000000007918 */
                                                                                        /* 0x000fc00000000000 */
        /*1a10*/                   NOP;                                                 /* 0x0000000000007918 */
                                                                                        /* 0x000fc00000000000 */
        /*1a20*/                   NOP;                                                 /* 0x0000000000007918 */
                                                                                        /* 0x000fc00000000000 */
        /*1a30*/                   NOP;                                                 /* 0x0000000000007918 */
                                                                                        /* 0x000fc00000000000 */
        /*1a40*/                   NOP;                                                 /* 0x0000000000007918 */
                                                                                        /* 0x000fc00000000000 */
        /*1a50*/                   NOP;                                                 /* 0x0000000000007918 */
                                                                                        /* 0x000fc00000000000 */
        /*1a60*/                   NOP;                                                 /* 0x0000000000007918 */
                                                                                        /* 0x000fc00000000000 */
        /*1a70*/                   NOP;                                                 /* 0x0000000000007918 */
                                                                                        /* 0x000fc00000000000 */
		..........


		Function : _Z19register_tiled_gemmILb1ELb1EEvPKfS1_PfiiiPK14CUtensorMap_st
	.headerflags	@"EF_CUDA_SM120 EF_CUDA_VIRTUAL_SM(EF_CUDA_SM120)"
        /*0000*/                   LDC R1, c[0x0][0x37c] ;                              /* 0x0000df00ff017b82 */
                                                                                        /* 0x000fe20000000800 */
        /*0010*/                   S2R R0, SR_TID.X ;                                   /* 0x0000000000007919 */
                                                                                        /* 0x000e2e0000002100 */
        /*0020*/                   LDC R16, c[0x0][0x3a0] ;                             /* 0x0000e800ff107b82 */
                                                                                        /* 0x000e620000000800 */
        /*0030*/                   UMOV UR4, 0x100 ;                                    /* 0x0000010000047882 */
                                                                                        /* 0x000fe20000000000 */
        /*0040*/                   LDCU.64 UR14, c[0x0][0x358] ;                        /* 0x00006b00ff0e77ac */
                                                                                        /* 0x000ea20008000a00 */
        /*0050*/                   S2R R3, SR_TID.Y ;                                   /* 0x0000000000037919 */
                                                                                        /* 0x000e220000002200 */
        /*0060*/                   HFMA2 R36, -RZ, RZ, 0, 0 ;                           /* 0x00000000ff247431 */
                                                                                        /* 0x000fe200000001ff */
        /*0070*/                   CS2R R26, SRZ ;                                      /* 0x00000000001a7805 */
                                                                                        /* 0x000fe2000001ff00 */
        /*0080*/                   HFMA2 R32, -RZ, RZ, 0, 0 ;                           /* 0x00000000ff207431 */
                                                                                        /* 0x000fe200000001ff */
        /*0090*/                   MOV R34, RZ ;                                        /* 0x000000ff00227202 */
                                                                                        /* 0x000fe20000000f00 */
        /*00a0*/                   HFMA2 R28, -RZ, RZ, 0, 0 ;                           /* 0x00000000ff1c7431 */
                                                                                        /* 0x000fe200000001ff */
        /*00b0*/                   MOV R30, RZ ;                                        /* 0x000000ff001e7202 */
                                                                                        /* 0x000fe20000000f00 */
        /*00c0*/                   CS2R R24, SRZ ;                                      /* 0x0000000000187805 */
                                                                                        /* 0x000fe2000001ff00 */
        /*00d0*/                   CS2R R22, SRZ ;                                      /* 0x0000000000167805 */
                                                                                        /* 0x000fe2000001ff00 */
        /*00e0*/                   CS2R R20, SRZ ;                                      /* 0x0000000000147805 */
                                                                                        /* 0x000fe2000001ff00 */
        /*00f0*/                   CS2R R18, SRZ ;                                      /* 0x0000000000127805 */
                                                                                        /* 0x000fe2000001ff00 */
        /*0100*/                   MOV R17, RZ ;                                        /* 0x000000ff00117202 */
                                                                                        /* 0x000fe20000000f00 */
        /*0110*/                   IMAD R7, R3, 0x10, R0 ;                              /* 0x0000001003077824 */
                                                                                        /* 0x001fca00078e0200 */
        /*0120*/                   ISETP.NE.U32.AND P0, PT, R7, RZ, PT ;                /* 0x000000ff0700720c */
                                                                                        /* 0x000fda0003f05070 */
        /*0130*/              @!P0 S2R R5, SR_CgaCtaId ;                                /* 0x0000000000058919 */
                                                                                        /* 0x000e220000008800 */
        /*0140*/              @!P0 MOV R2, 0x400 ;                                      /* 0x0000040000028802 */
                                                                                        /* 0x000fe20000000f00 */
        /*0150*/                   VOTEU.ALL UP0, P0 ;                                  /* 0x0000000000ff7886 */
                                                                                        /* 0x000fc80000000000 */
        /*0160*/              @!P0 IADD R2, R2, 0x2000 ;                                /* 0x0000200002028835 */
                                                                                        /* 0x000fe200078e0000 */
        /*0170*/                   @!UP0 UIADD3 UR4, UPT, UPT, -UR4, 0x100000, URZ ;    /* 0x0010000004048890 */
                                                                                        /* 0x000fc8000fffe1ff */
        /*0180*/                   @!UP0 USHF.L.U32 UR5, UR4, 0xb, URZ ;                /* 0x0000000b04058899 */
                                                                                        /* 0x000fe200080006ff */
        /*0190*/                   @!UP0 USHF.L.U32 UR4, UR4, 0x1, URZ ;                /* 0x0000000104048899 */
                                                                                        /* 0x000fe200080006ff */
        /*01a0*/                   VOTEU.ALL UP0, P0 ;                                  /* 0x0000000000ff7886 */
                                                                                        /* 0x000fe20000000000 */
        /*01b0*/              @!P0 LEA R2, R5, R2, 0x18 ;                               /* 0x0000000205028211 */
                                                                                        /* 0x001fc800078ec0ff */
        /*01c0*/              @!P0 R2UR UR6, R2 ;                                       /* 0x00000000020682ca */
                                                                                        /* 0x000fe200000e0000 */
        /*01d0*/                   ISETP.GE.AND P0, PT, R16, 0x1, PT ;                  /* 0x000000011000780c */
                                                                                        /* 0x002fd80003f06270 */
        /*01e0*/                   @!UP0 SYNCS.EXCH.64 URZ, [UR6], UR4 ;                /* 0x0000000406ff85b2 */
                                                                                        /* 0x0000640008000100 */
        /*01f0*/                   BAR.SYNC.DEFER_BLOCKING 0x0 ;                        /* 0x0000000000007b1d */
                                                                                        /* 0x002fec0000010000 */
        /*0200*/              @!P0 BRA 0x13f0 ;                                         /* 0x0000001000788947 */
                                                                                        /* 0x000fea0003800000 */
        /*0210*/                   S2R R9, SR_CTAID.X ;                                 /* 0x0000000000097919 */
                                                                                        /* 0x000e620000002500 */
        /*0220*/                   S2UR UR6, SR_CgaCtaId ;                              /* 0x00000000000679c3 */
                                                                                        /* 0x001e220000008800 */
        /*0230*/                   IMAD.SHL.U32 R2, R0.reuse, 0x4, RZ ;                 /* 0x0000000400027824 */
                                                                                        /* 0x040fe200078e00ff */
        /*0240*/                   UMOV UR5, 0x400 ;                                    /* 0x0000040000057882 */
                                                                                        /* 0x000fe20000000000 */
        /*0250*/                   IMAD.SHL.U32 R5, R7.reuse, 0x10, RZ ;                /* 0x0000001007057824 */
                                                                                        /* 0x040fe200078e00ff */
        /*0260*/                   LOP3.LUT R4, R7, 0x7ffc, RZ, 0xc0, !PT ;             /* 0x00007ffc07047812 */
                                                                                        /* 0x000fe200078ec0ff */
        /*0270*/                   IMAD.SHL.U32 R6, R0, 0x10, RZ ;                      /* 0x0000001000067824 */
                                                                                        /* 0x000fe200078e00ff */
        /*0280*/                   LOP3.LUT R2, R2, 0x3c, RZ, 0xc0, !PT ;               /* 0x0000003c02027812 */
                                                                                        /* 0x000fe200078ec0ff */
        /*0290*/                   IMAD.SHL.U32 R8, R0, 0x400, RZ ;                     /* 0x0000040000087824 */
                                                                                        /* 0x000fe200078e00ff */
        /*02a0*/                   S2UR UR4, SR_CTAID.Y ;                               /* 0x00000000000479c3 */
                                                                                        /* 0x000ee20000002600 */
        /*02b0*/                   LOP3.LUT P1, RZ, R16, 0xf, RZ, 0xc0, !PT ;           /* 0x0000000f10ff7812 */
                                                                                        /* 0x000fc4000782c0ff */
        /*02c0*/                   LOP3.LUT R5, R5, 0x7ff00, RZ, 0xc0, !PT ;            /* 0x0007ff0005057812 */
                                                                                        /* 0x000fe400078ec0ff */
        /*02d0*/                   LOP3.LUT R6, R6, 0xf0, RZ, 0xc0, !PT ;               /* 0x000000f006067812 */
                                                                                        /* 0x000fe200078ec0ff */
        /*02e0*/                   MOV R36, RZ ;                                        /* 0x000000ff00247202 */
                                                                                        /* 0x000fe40000000f00 */
        /*02f0*/                   LDC R11, c[0x0][0x39c] ;                             /* 0x0000e700ff0b7b82 */
                                                                                        /* 0x000f220000000800 */
        /*0300*/                   ULEA UR7, UR6, UR5, 0x18 ;                           /* 0x0000000506077291 */
                                                                                        /* 0x001fe2000f8ec0ff */
        /*0310*/                   UIADD3 UR5, UPT, UPT, UR5, 0x1000, URZ ;             /* 0x0000100005057890 */
                                                                                        /* 0x000fc8000fffe0ff */
        /*0320*/                   ULEA UR5, UR6, UR5, 0x18 ;                           /* 0x0000000506057291 */
                                                                                        /* 0x000fe2000f8ec0ff */
        /*0330*/                   IMAD R2, R9.reuse, 0x40, R2 ;                        /* 0x0000004009027824 */
                                                                                        /* 0x042fe200078e0202 */
        /*0340*/                   USHF.L.U32 UR4, UR4, 0x6, URZ ;                      /* 0x0000000604047899 */
                                                                                        /* 0x008fe200080006ff */
        /*0350*/                   LEA R10, R9, 0x40, 0x6 ;                             /* 0x00000040090a7811 */
                                                                                        /* 0x000fe400078e30ff */
        /*0360*/                   LOP3.LUT R9, R8, 0xc00, RZ, 0xc0, !PT ;              /* 0x00000c0008097812 */
                                                                                        /* 0x000fe400078ec0ff */
        /*0370*/                   IADD3 R5, PT, PT, R6, UR5, R5 ;                      /* 0x0000000506057c10 */
                                                                                        /* 0x000fe4000fffe005 */
        /*0380*/                   LEA.HI R7, R7, UR4, RZ, 0x1e ;                       /* 0x0000000407077c11 */
                                                                                        /* 0x000fe2000f8ff0ff */
        /*0390*/                   UMOV UR4, URZ ;                                      /* 0x000000ff00047c82 */
                                                                                        /* 0x000fe20008000000 */
        /*03a0*/                   ISETP.LE.AND P1, PT, R10, R11, !P1 ;                 /* 0x0000000b0a00720c */
                                                                                        /* 0x010fe20004f23270 */
        /*03b0*/                   IADD3 R4, PT, PT, R9, UR7, R4 ;                      /* 0x0000000709047c10 */
                                                                                        /* 0x000fe2000fffe004 */
        /*03c0*/                   MOV R6, RZ ;                                         /* 0x000000ff00067202 */
                                                                                        /* 0x000fe20000000f00 */
        /*03d0*/                   IMAD R16, R7, R16, RZ ;                              /* 0x0000001007107224 */
                                                                                        /* 0x004fd400078e02ff */
        /*03e0*/                   IMAD.SHL.U32 R13, R0, 0x4, RZ ;                      /* 0x00000004000d7824 */
                                                                                        /* 0x004fe200078e00ff */
        /*03f0*/                   LDCU UR7, c[0x0][0x3a0] ;                            /* 0x00007400ff0777ac */
                                                                                        /* 0x001e280008000800 */
        /*0400*/                   LOP3.LUT R13, R13, 0xc, RZ, 0xc0, !PT ;              /* 0x0000000c0d0d7812 */
                                                                                        /* 0x000fe200078ec0ff */
        /*0410*/                   LDCU UR8, c[0x0][0x398] ;                            /* 0x00007300ff0877ac */
                                                                                        /* 0x002e680008000800 */
        /*0420*/                   IADD R12, R13, UR4 ;                                 /* 0x000000040d0c7c35 */
                                                                                        /* 0x000fca000f8e0000 */
        /*0430*/                   IADD R8, R12, 0x3 ;                                  /* 0x000000030c087835 */
                                                                                        /* 0x000fca00078e0000 */
        /*0440*/                   ISETP.GE.AND P0, PT, R8, UR7, PT ;                   /* 0x0000000708007c0c */
                                                                                        /* 0x001fca000bf06270 */
        /*0450*/                   ISETP.GE.OR P2, PT, R7, UR8, P0 ;                    /* 0x0000000807007c0c */
                                                                                        /* 0x002fda0008746670 */
        /*0460*/              @!P2 LDC.64 R8, c[0x0][0x380] ;                           /* 0x0000e000ff08ab82 */
                                                                                        /* 0x008e220000000a00 */
        /*0470*/              @!P2 IADD R11, R16, R12 ;                                 /* 0x0000000c100ba235 */
                                                                                        /* 0x000fca00078e0000 */
        /*0480*/              @!P2 IMAD.WIDE.U32 R8, R11, 0x4, R8 ;                     /* 0x000000040b08a825 */
                                                                                        /* 0x001fcc00078e0008 */
        /*0490*/              @!P2 LDG.E.128.CONSTANT R8, desc[UR14][R8.64] ;           /* 0x0000000e0808a981 */
                                                                                        /* 0x000ea2000c1e9d00 */
        /*04a0*/              @!P2 MOV R14, 0x400 ;                                     /* 0x00000400000ea802 */
                                                                                        /* 0x000fe20000000f00 */
        /*04b0*/                   UIADD3 UR5, UPT, UPT, UR4, 0x10, URZ ;               /* 0x0000001004057890 */
                                                                                        /* 0x000fe4000fffe0ff */
        /*04c0*/                   UMOV UR11, UR4 ;                                     /* 0x00000004000b7c82 */
                                                                                        /* 0x000fe20008000000 */
        /*04d0*/              @!P2 S2R R15, SR_CgaCtaId ;                               /* 0x00000000000fa919 */
                                                                                        /* 0x000e220000008800 */
        /*04e0*/                   BSSY.RECONVERGENT B0, 0x850 ;                        /* 0x0000036000007945 */
                                                                                        /* 0x000fe60003800200 */
        /*04f0*/                   UMOV UR4, UR5 ;                                      /* 0x0000000500047c82 */
                                                                                        /* 0x000fe20008000000 */
        /*0500*/              @!P2 LEA R31, R15, R14, 0x18 ;                            /* 0x0000000e0f1fa211 */
                                                                                        /* 0x001fe200078ec0ff */
        /*0510*/              @!P2 IMAD.SHL.U32 R15, R0, 0x400, RZ ;                    /* 0x00000400000fa824 */
                                                                                        /* 0x000fc400078e00ff */
        /*0520*/                   IMAD R14, R3, 0x10, R0 ;                             /* 0x00000010030e7824 */
                                                                                        /* 0x000fc600078e0200 */
        /*0530*/              @!P2 LOP3.LUT R29, R15, 0xc00, RZ, 0xc0, !PT ;            /* 0x00000c000f1da812 */
                                                                                        /* 0x000fe400078ec0ff */
        /*0540*/              @!P2 LOP3.LUT R15, R14, 0xfffffffc, RZ, 0xc0, !PT ;       /* 0xfffffffc0e0fa812 */
                                                                                        /* 0x000fc800078ec0ff */
        /*0550*/              @!P2 IADD3 R15, PT, PT, R15, R31, R29 ;                   /* 0x0000001f0f0fa210 */
                                                                                        /* 0x000fca0007ffe01d */
        /*0560*/              @!P2 STS [R15], R8 ;                                      /* 0x000000080f00a388 */
                                                                                        /* 0x0041e80000000800 */
        /*0570*/              @!P2 STS [R15+0x100], R9 ;                                /* 0x000100090f00a388 */
                                                                                        /* 0x0001e80000000800 */
        /*0580*/              @!P2 STS [R15+0x200], R10 ;                               /* 0x0002000a0f00a388 */
                                                                                        /* 0x0001e80000000800 */
        /*0590*/              @!P2 STS [R15+0x300], R11 ;                               /* 0x0003000b0f00a388 */
                                                                                        /* 0x0001e20000000800 */
        /*05a0*/              @!P2 BRA 0x830 ;                                          /* 0x0000000000a0a947 */
                                                                                        /* 0x000fea0003800000 */
        /*05b0*/                   ISETP.GE.AND P2, PT, R7, UR8, PT ;                   /* 0x0000000807007c0c */
                                                                                        /* 0x000fda000bf46270 */
        /*05c0*/               @P2 BRA 0x790 ;                                          /* 0x0000000000702947 */
                                                                                        /* 0x000fea0003800000 */
        /*05d0*/                   ISETP.GE.AND P2, PT, R12.reuse, UR7, PT ;            /* 0x000000070c007c0c */
                                                                                        /* 0x040fe2000bf46270 */
        /*05e0*/                   LDCU.64 UR12, c[0x0][0x380] ;                        /* 0x00007000ff0c77ac */
                                                                                        /* 0x000e620008000a00 */
        /*05f0*/                   MOV R8, R16 ;                                        /* 0x0000001000087202 */
                                                                                        /* 0x001fe20000000f00 */
        /*0600*/                   HFMA2 R9, -RZ, RZ, 0, 0 ;                            /* 0x00000000ff097431 */
                                                                                        /* 0x000fe200000001ff */
        /*0610*/                   MOV R13, RZ ;                                        /* 0x000000ff000d7202 */
                                                                                        /* 0x000fe20000000f00 */
        /*0620*/                   IADD R15, R12.reuse, 0x1 ;                           /* 0x000000010c0f7835 */
                                                                                        /* 0x040fe200078e0000 */
        /*0630*/                   IADD R29, R12, 0x2 ;                                 /* 0x000000020c1d7835 */
                                                                                        /* 0x000fc600078e0000 */
        /*0640*/                   IADD.64 R8, R8, R12 ;                                /* 0x0000000c08087235 */
                                                                                        /* 0x000fe400078e0200 */
        /*0650*/                   ISETP.GE.AND P3, PT, R15, UR7, PT ;                  /* 0x000000070f007c0c */
                                                                                        /* 0x000fe2000bf66270 */
        /*0660*/                   ISETP.GE.AND P4, PT, R29, UR7, PT ;                  /* 0x000000071d007c0c */
                                                                                        /* 0x000fe2000bf86270 */
        /*0670*/              @!P2 LDC.64 R10, c[0x0][0x380] ;                          /* 0x0000e000ff0aab82 */
                                                                                        /* 0x000e220000000a00 */
        /*0680*/              @!P2 IADD R13, R16, R12 ;                                 /* 0x0000000c100da235 */
                                                                                        /* 0x000fe200078e0000 */
        /*0690*/                   HFMA2 R15, -RZ, RZ, 0, 0 ;                           /* 0x00000000ff0f7431 */
                                                                                        /* 0x000fe200000001ff */
        /*06a0*/                   LEA R12, P5, R8.reuse, UR12, 0x2 ;                   /* 0x0000000c080c7c11 */
                                                                                        /* 0x042fe2000f8a10ff */
        /*06b0*/                   HFMA2 R29, -RZ, RZ, 0, 0 ;                           /* 0x00000000ff1d7431 */
                                                                                        /* 0x000fe200000001ff */
        /*06c0*/                   MOV R31, RZ ;                                        /* 0x000000ff001f7202 */
                                                                                        /* 0x000fe20000000f00 */
        /*06d0*/              @!P2 IMAD.WIDE.U32 R10, R13, 0x4, R10 ;                   /* 0x000000040d0aa825 */
                                                                                        /* 0x001fe200078e000a */
        /*06e0*/                   LEA.HI.X R13, R8, UR13, R9, 0x2, P5 ;                /* 0x0000000d080d7c11 */
                                                                                        /* 0x000fe2000a8f1409 */
        /*06f0*/                   MOV R9, RZ ;                                         /* 0x000000ff00097202 */
                                                                                        /* 0x000fc60000000f00 */
        /*0700*/              @!P2 LDG.E.CONSTANT R15, desc[UR14][R10.64] ;             /* 0x0000000e0a0fa981 */
                                                                                        /* 0x000ea8000c1e9900 */
        /*0710*/              @!P3 LDG.E.CONSTANT R9, desc[UR14][R12.64+0x4] ;          /* 0x0000040e0c09b981 */
                                                                                        /* 0x000ee8000c1e9900 */
        /*0720*/              @!P4 LDG.E.CONSTANT R29, desc[UR14][R12.64+0x8] ;         /* 0x0000080e0c1dc981 */
                                                                                        /* 0x000f28000c1e9900 */
        /*0730*/              @!P0 LDG.E.CONSTANT R31, desc[UR14][R12.64+0xc] ;         /* 0x00000c0e0c1f8981 */
                                                                                        /* 0x000f68000c1e9900 */
        /*0740*/                   STS [R4], R15 ;                                      /* 0x0000000f04007388 */
                                                                                        /* 0x0043e80000000800 */
        /*0750*/                   STS [R4+0x100], R9 ;                                 /* 0x0001000904007388 */
                                                                                        /* 0x0083e80000000800 */
        /*0760*/                   STS [R4+0x200], R29 ;                                /* 0x0002001d04007388 */
                                                                                        /* 0x0103e80000000800 */
        /*0770*/                   STS [R4+0x300], R31 ;                                /* 0x0003001f04007388 */
                                                                                        /* 0x0203e20000000800 */
        /*0780*/                   BRA 0x830 ;                                          /* 0x0000000000287947 */
                                                                                        /* 0x000fea0003800000 */
        /*0790*/                   S2UR UR6, SR_CgaCtaId ;                              /* 0x00000000000679c3 */
                                                                                        /* 0x000e620000008800 */
        /*07a0*/                   UMOV UR5, 0x400 ;                                    /* 0x0000040000057882 */
                                                                                        /* 0x000fe20000000000 */
        /*07b0*/                   LOP3.LUT R8, R14, 0xfffffffc, RZ, 0xc0, !PT ;        /* 0xfffffffc0e087812 */
                                                                                        /* 0x001fe200078ec0ff */
        /*07c0*/                   ULEA UR5, UR6, UR5, 0x18 ;                           /* 0x0000000506057291 */
                                                                                        /* 0x002fcc000f8ec0ff */
        /*07d0*/                   LEA R13, R13, UR5, 0x8 ;                             /* 0x000000050d0d7c11 */
                                                                                        /* 0x000fca000f8e40ff */
        /*07e0*/                   IADD R13, R8, R13 ;                                  /* 0x0000000d080d7235 */
                                                                                        /* 0x000fca00078e0000 */
        /*07f0*/                   STS [R13], RZ ;                                      /* 0x000000ff0d007388 */
                                                                                        /* 0x0005e80000000800 */
        /*0800*/                   STS [R13+0x100], RZ ;                                /* 0x000100ff0d007388 */
                                                                                        /* 0x0005e80000000800 */
        /*0810*/                   STS [R13+0x200], RZ ;                                /* 0x000200ff0d007388 */
                                                                                        /* 0x0005e80000000800 */
        /*0820*/                   STS [R13+0x300], RZ ;                                /* 0x000300ff0d007388 */
                                                                                        /* 0x0005e40000000800 */
        /*0830*/                   NOP ;                                                /* 0x0000000000007918 */
                                                                                        /* 0x000fe20000000000 */
        /*0840*/                   BSYNC.RECONVERGENT B0 ;                              /* 0x0000000000007941 */
                                                                                        /* 0x000fea0003800200 */
        /*0850*/              @!P1 BRA 0xad0 ;                                          /* 0x00000000009c9947 */
                                                                                        /* 0x000fea0003800000 */
        /*0860*/                   ISETP.NE.U32.AND P0, PT, R14, RZ, PT ;               /* 0x000000ff0e00720c */
                                                                                        /* 0x000fe20003f05070 */
        /*0870*/                   BSSY.RECONVERGENT B0, 0xa60 ;                        /* 0x000001e000007945 */
                                                                                        /* 0x000fd80003800200 */
        /*0880*/               @P0 BRA 0x9e0 ;                                          /* 0x0000000000540947 */
                                                                                        /* 0x000fea0003800000 */
        /*0890*/                   S2UR UR8, SR_CgaCtaId ;                              /* 0x00000000000879c3 */
                                                                                        /* 0x000ee20000008800 */
        /*08a0*/                   UMOV UR5, 0x400 ;                                    /* 0x0000040000057882 */
                                                                                        /* 0x000fe20000000000 */
        /*08b0*/                   HFMA2 R8, -RZ, RZ, 0, 0.00048828125 ;                /* 0x00001000ff087431 */
                                                                                        /* 0x001fe200000001ff */
        /*08c0*/                   UIADD3 UR6, UPT, UPT, UR5, 0x2000, URZ ;             /* 0x0000200005067890 */
                                                                                        /* 0x000fe2000fffe0ff */
        /*08d0*/                   UIADD3 UR5, UPT, UPT, UR5, 0x1000, URZ ;             /* 0x0000100005057890 */
                                                                                        /* 0x000fe2000fffe0ff */
        /*08e0*/                   PLOP3.LUT P0, PT, PT, PT, PT, 0x80, 0x8 ;            /* 0x000000000008781c */
                                                                                        /* 0x000fe20003f0f070 */
        /*08f0*/                   LDCU.64 UR16, c[0x0][0x3a8] ;                        /* 0x00007500ff1077ac */
                                                                                        /* 0x000e240008000a00 */
        /*0900*/                   S2UR UR10, SR_CTAID.X ;                              /* 0x00000000000a79c3 */
                                                                                        /* 0x000f220000002500 */
        /*0910*/                   UMOV UR12, URZ ;                                     /* 0x000000ff000c7c82 */
                                                                                        /* 0x000fe20008000000 */
        /*0920*/                   ULEA UR6, UR8, UR6, 0x18 ;                           /* 0x0000000608067291 */
                                                                                        /* 0x008fe2000f8ec0ff */
        /*0930*/                   ULEA UR8, UR8, UR5, 0x18 ;                           /* 0x0000000508087291 */
                                                                                        /* 0x000fca000f8ec0ff */
        /*0940*/                   MOV R9, UR6 ;                                        /* 0x0000000600097c02 */
                                                                                        /* 0x002fe20008000f00 */
        /*0950*/                   USHF.L.U32 UR10, UR10, 0x6, URZ ;                    /* 0x000000060a0a7899 */
                                                                                        /* 0x010fc600080006ff */
        /*0960*/                   SYNCS.ARRIVE.TRANS64 RZ, [R9+URZ], R8 ;              /* 0x0000000809ff79a7 */
                                                                                        /* 0x0003e200080000ff */
        /*0970*/                   R2UR UR9, R9 ;                                       /* 0x00000000090972ca */
                                                                                        /* 0x005fde00000e0000 */
        /*0980*/               @P0 ELECT P2, URZ, PT ;                                  /* 0x0000000000ff082f */
                                                                                        /* 0x000fe20003840000 */
        /*0990*/                   UTMALDG.3D [UR8], [UR16] ;                           /* 0x00000008100075b4 */
                                                                                        /* 0x0011d80008010000 */
        /*09a0*/               @P2 PLOP3.LUT P0, PT, P2, PT, PT, 0x8, 0x80 ;            /* 0x000000000080281c */
                                                                                        /* 0x000fe4000170e170 */
        /*09b0*/                   PLOP3.LUT P2, PT, PT, PT, PT, 0x8, 0x80 ;            /* 0x000000000080781c */
                                                                                        /* 0x000fd60003f4e170 */
        /*09c0*/               @P0 BRA.U.ANY 0x980 ;                                    /* 0xfffffffd00ec0947 */
                                                                                        /* 0x002fea000393ffff */
        /*09d0*/                   BRA 0xa40 ;                                          /* 0x0000000000187947 */
                                                                                        /* 0x000fea0003800000 */
        /*09e0*/                   S2UR UR6, SR_CgaCtaId ;                              /* 0x00000000000679c3 */
                                                                                        /* 0x000ee20000008800 */
        /*09f0*/                   UMOV UR5, 0x400 ;                                    /* 0x0000040000057882 */
                                                                                        /* 0x000fe40000000000 */
        /*0a00*/                   UIADD3 UR5, UPT, UPT, UR5, 0x2000, URZ ;             /* 0x0000200005057890 */
                                                                                        /* 0x000fc8000fffe0ff */
        /*0a10*/                   ULEA UR5, UR6, UR5, 0x18 ;                           /* 0x0000000506057291 */
                                                                                        /* 0x008fcc000f8ec0ff */
        /*0a20*/                   MOV R9, UR5 ;                                        /* 0x0000000500097c02 */
                                                                                        /* 0x003fc80008000f00 */
        /*0a30*/                   SYNCS.ARRIVE.TRANS64.A1T0 RZ, [R9+URZ], RZ ;         /* 0x000000ff09ff79a7 */
                                                                                        /* 0x0007e600081000ff */
        /*0a40*/                   NOP ;                                                /* 0x0000000000007918 */
                                                                                        /* 0x000fe20000000000 */
        /*0a50*/                   BSYNC.RECONVERGENT B0 ;                              /* 0x0000000000007941 */
                                                                                        /* 0x001fea0003800200 */
        /*0a60*/                   BSSY.RECONVERGENT B0, 0xac0 ;                        /* 0x0000005000007945 */
                                                                                        /* 0x000fe20003800200 */
        /*0a70*/                   SHF.L.U32 R8, R6, 0x1f, RZ ;                         /* 0x0000001f06087819 */
                                                                                        /* 0x002fce00000006ff */
        /*0a80*/                   SYNCS.PHASECHK.TRANS64.TRYWAIT P0, [R9+URZ], R8 ;    /* 0x00000008090075a7 */
                                                                                        /* 0x000e2400080011ff */
        /*0a90*/              @!P0 BRA 0xa80 ;                                          /* 0xfffffffc00f88947 */
                                                                                        /* 0x00dfea000383ffff */
        /*0aa0*/                   NOP ;                                                /* 0x0000000000007918 */
                                                                                        /* 0x000fe20000000000 */
        /*0ab0*/                   BSYNC.RECONVERGENT B0 ;                              /* 0x0000000000007941 */
                                                                                        /* 0x000fea0003800200 */
        /*0ac0*/                   BRA 0xdb0 ;                                          /* 0x0000000000b87947 */
                                                                                        /* 0x000fea0003800000 */
        /*0ad0*/                   LDCU UR5, c[0x0][0x39c] ;                            /* 0x00007380ff0577ac */
                                                                                        /* 0x000ee20008000800 */
        /*0ae0*/                   IADD R8, R2, 0x3 ;                                   /* 0x0000000302087835 */
                                                                                        /* 0x001fe200078e0000 */
        /*0af0*/                   LEA.HI R13, R14, UR11, RZ, 0x1c ;                    /* 0x0000000b0e0d7c11 */
                                                                                        /* 0x004fe2000f8fe0ff */
        /*0b00*/                   BSSY.RECONVERGENT B0, 0xdb0 ;                        /* 0x000002a000007945 */
                                                                                        /* 0x000fe80003800200 */
        /*0b10*/                   ISETP.GE.AND P3, PT, R13, UR7, PT ;                  /* 0x000000070d007c0c */
                                                                                        /* 0x000fe2000bf66270 */
        /*0b20*/                   ISETP.GE.AND P0, PT, R8, UR5, PT ;                   /* 0x0000000508007c0c */
                                                                                        /* 0x008fca000bf06270 */
        /*0b30*/                   ISETP.GE.OR P2, PT, R13, UR7, P0 ;                   /* 0x000000070d007c0c */
                                                                                        /* 0x000fda0008746670 */
        /*0b40*/               @P2 BRA 0xbb0 ;                                          /* 0x0000000000182947 */
                                                                                        /* 0x000fea0003800000 */
        /*0b50*/                   LDC.64 R8, c[0x0][0x388] ;                           /* 0x0000e200ff087b82 */
                                                                                        /* 0x002e220000000a00 */
        /*0b60*/                   IMAD R11, R13, UR5, R2 ;                             /* 0x000000050d0b7c24 */
                                                                                        /* 0x000fc8000f8e0202 */
        /*0b70*/                   IMAD.WIDE R8, R11, 0x4, R8 ;                         /* 0x000000040b087825 */
                                                                                        /* 0x001fcc00078e0208 */
        /*0b80*/                   LDG.E.128.CONSTANT R8, desc[UR14][R8.64] ;           /* 0x0000000e08087981 */
                                                                                        /* 0x000ea8000c1e9d00 */
        /*0b90*/                   STS.128 [R5], R8 ;                                   /* 0x0000000805007388 */
                                                                                        /* 0x0041e20000000c00 */
        /*0ba0*/                   BRA 0xd90 ;                                          /* 0x0000000000787947 */
                                                                                        /* 0x000fea0003800000 */
        /*0bb0*/               @P3 BRA 0xd80 ;                                          /* 0x0000000000703947 */
                                                                                        /* 0x000fea0003800000 */
        /*0bc0*/                   ISETP.GE.AND P2, PT, R2.reuse, UR5, PT ;             /* 0x0000000502007c0c */
                                                                                        /* 0x040fe2000bf46270 */
        /*0bd0*/                   LDCU.64 UR8, c[0x0][0x388] ;                         /* 0x00007100ff0877ac */
                                                                                        /* 0x000e220008000a00 */
        /*0be0*/                   IMAD R12, R13, UR5, RZ ;                             /* 0x000000050d0c7c24 */
                                                                                        /* 0x000fe2000f8e02ff */
        /*0bf0*/                   MOV R8, R2 ;                                         /* 0x0000000200087202 */
                                                                                        /* 0x000fe20000000f00 */
        /*0c00*/                   HFMA2 R9, -RZ, RZ, 0, 0 ;                            /* 0x00000000ff097431 */
                                                                                        /* 0x002fe200000001ff */
        /*0c10*/                   IADD R14, R2.reuse, 0x1 ;                            /* 0x00000001020e7835 */
                                                                                        /* 0x040fe200078e0000 */
        /*0c20*/                   IADD R15, R2, 0x2 ;                                  /* 0x00000002020f7835 */
                                                                                        /* 0x000fe200078e0000 */
        /*0c30*/                   SHF.R.S32.HI R13, RZ, 0x1f, R12 ;                    /* 0x0000001fff0d7819 */
                                                                                        /* 0x000fc6000001140c */
        /*0c40*/                   ISETP.GE.AND P3, PT, R14, UR5, PT ;                  /* 0x000000050e007c0c */
                                                                                        /* 0x000fe2000bf66270 */
        /*0c50*/                   ISETP.GE.AND P4, PT, R15, UR5, PT ;                  /* 0x000000050f007c0c */
                                                                                        /* 0x000fe2000bf86270 */
        /*0c60*/                   IADD.64 R8, R8, R12 ;                                /* 0x0000000c08087235 */
                                                                                        /* 0x000fe400078e0200 */
        /*0c70*/              @!P2 LDC.64 R10, c[0x0][0x388] ;                          /* 0x0000e200ff0aab82 */
                                                                                        /* 0x000e620000000a00 */
        /*0c80*/              @!P2 IADD R13, R2, R12 ;                                  /* 0x0000000c020da235 */
                                                                                        /* 0x000fe200078e0000 */
        /*0c90*/                   CS2R R14, SRZ ;                                      /* 0x00000000000e7805 */
                                                                                        /* 0x000fc8000001ff00 */
        /*0ca0*/              @!P2 IMAD.WIDE R12, R13, 0x4, R10 ;                       /* 0x000000040d0ca825 */
                                                                                        /* 0x002fe200078e020a */
        /*0cb0*/                   LEA R10, P5, R8, UR8, 0x2 ;                          /* 0x00000008080a7c11 */
                                                                                        /* 0x001fc8000f8a10ff */
        /*0cc0*/                   LEA.HI.X R11, R8, UR9, R9, 0x2, P5 ;                 /* 0x00000009080b7c11 */
                                                                                        /* 0x000fe2000a8f1409 */
        /*0cd0*/                   HFMA2 R9, -RZ, RZ, 0, 0 ;                            /* 0x00000000ff097431 */
                                                                                        /* 0x000fe200000001ff */
        /*0ce0*/                   MOV R8, RZ ;                                         /* 0x000000ff00087202 */
                                                                                        /* 0x000fe20000000f00 */
        /*0cf0*/              @!P2 LDG.E.CONSTANT R14, desc[UR14][R12.64] ;             /* 0x0000000e0c0ea981 */
                                                                                        /* 0x000ea8000c1e9900 */
        /*0d00*/              @!P4 LDG.E.CONSTANT R9, desc[UR14][R10.64+0x8] ;          /* 0x0000080e0a09c981 */
                                                                                        /* 0x000ee8000c1e9900 */
        /*0d10*/              @!P3 LDG.E.CONSTANT R8, desc[UR14][R10.64+0x4] ;          /* 0x0000040e0a08b981 */
                                                                                        /* 0x000f28000c1e9900 */
        /*0d20*/              @!P0 LDG.E.CONSTANT R15, desc[UR14][R10.64+0xc] ;         /* 0x00000c0e0a0f8981 */
                                                                                        /* 0x000f68000c1e9900 */
        /*0d30*/                   STS [R5], R14 ;                                      /* 0x0000000e05007388 */
                                                                                        /* 0x0041e80000000800 */
        /*0d40*/                   STS [R5+0x8], R9 ;                                   /* 0x0000080905007388 */
                                                                                        /* 0x0081e80000000800 */
        /*0d50*/                   STS [R5+0x4], R8 ;                                   /* 0x0000040805007388 */
                                                                                        /* 0x0101e80000000800 */
        /*0d60*/                   STS [R5+0xc], R15 ;                                  /* 0x00000c0f05007388 */
                                                                                        /* 0x0201e20000000800 */
        /*0d70*/                   BRA 0xd90 ;                                          /* 0x0000000000047947 */
                                                                                        /* 0x000fea0003800000 */
        /*0d80*/                   STS.128 [R5], RZ ;                                   /* 0x000000ff05007388 */
                                                                                        /* 0x0005e40000000c00 */
        /*0d90*/                   NOP ;                                                /* 0x0000000000007918 */
                                                                                        /* 0x000fe20000000000 */
        /*0da0*/                   BSYNC.RECONVERGENT B0 ;                              /* 0x0000000000007941 */
                                                                                        /* 0x000fea0003800200 */
        /*0db0*/                   BAR.SYNC.DEFER_BLOCKING 0x0 ;                        /* 0x0000000000007b1d */
                                                                                        /* 0x000fe20000010000 */
        /*0dc0*/                   UISETP.GE.AND UP0, UPT, UR11, UR7, UPT ;             /* 0x000000070b00728c */
                                                                                        /* 0x000fd2000bf06270 */
        /*0dd0*/                   BRA.U UP0, 0x1390 ;                                  /* 0x00000005006c7547 */
                                                                                        /* 0x000fea000b800000 */
        /*0de0*/                   IMAD.SHL.U32 R29, R6, 0x10, RZ ;                     /* 0x00000010061d7824 */
                                                                                        /* 0x002fe200078e00ff */
        /*0df0*/                   UVIMNMX.S32 UR9, UR4, UR7, UPT ;                     /* 0x000000070409724a */
                                                                                        /* 0x000fe2000bfe0100 */
        /*0e00*/                   UMOV UR5, URZ ;                                      /* 0x000000ff00057c82 */
                                                                                        /* 0x000fc60008000000 */
        /*0e10*/                   IADD R8, R29, 0x1 ;                                  /* 0x000000011d087835 */
                                                                                        /* 0x001fca00078e0000 */
        /*0e20*/                   ISETP.NE.U32.AND P0, PT, R8, UR9, PT ;               /* 0x0000000908007c0c */
                                                                                        /* 0x000fda000bf05070 */
        /*0e30*/              @!P0 BRA 0x11e0 ;                                         /* 0x0000000000e88947 */
                                                                                        /* 0x000fea0003800000 */
        /*0e40*/                   S2UR UR8, SR_CgaCtaId ;                              /* 0x00000000000879c3 */
                                                                                        /* 0x000e220000008800 */
        /*0e50*/                   UMOV UR5, 0x400 ;                                    /* 0x0000040000057882 */
                                                                                        /* 0x000fe20000000000 */
        /*0e60*/                   ULOP3.LUT UR10, UR9, 0x1, URZ, 0xc0, !UPT ;          /* 0x00000001090a7892 */
                                                                                        /* 0x000fe2000f8ec0ff */
        /*0e70*/                   UIADD3 UR6, UPT, UPT, UR5, 0x1000, URZ ;             /* 0x0000100005067890 */
                                                                                        /* 0x000fca000fffe0ff */
        /*0e80*/                   LOP3.LUT R29, R29, UR10, RZ, 0xfc, !PT ;             /* 0x0000000a1d1d7c12 */
                                                                                        /* 0x000fca000f8efcff */
        /*0e90*/                   IADD R29, R29, -UR9 ;                                /* 0x800000091d1d7c35 */
                                                                                        /* 0x000fe2000f8e0000 */
        /*0ea0*/                   ULEA UR5, UR8, UR5, 0x18 ;                           /* 0x0000000508057291 */
                                                                                        /* 0x001fe2000f8ec0ff */
        /*0eb0*/                   ULEA UR6, UR8, UR6, 0x18 ;                           /* 0x0000000608067291 */
                                                                                        /* 0x000fca000f8ec0ff */
        /*0ec0*/                   LEA R31, R3, UR5, 0x4 ;                              /* 0x00000005031f7c11 */
                                                                                        /* 0x000fe2000f8e20ff */
        /*0ed0*/                   UMOV UR5, URZ ;                                      /* 0x000000ff00057c82 */
                                                                                        /* 0x000fe20008000000 */
        /*0ee0*/                   LEA R33, R0, UR6, 0x4 ;                              /* 0x0000000600217c11 */
                                                                                        /* 0x000fc6000f8e20ff */
        /*0ef0*/                   IADD R31, R31, 0x100 ;                               /* 0x000001001f1f7835 */
                                                                                        /* 0x000fe400078e0000 */
        /*0f00*/                   IADD R33, R33, 0x100 ;                               /* 0x0000010021217835 */
                                                                                        /* 0x00cfce00078e0000 */
        /*0f10*/                   LDS.128 R8, [R31+-0x100] ;                           /* 0xffff00001f087984 */
                                                                                        /* 0x000fe20000000c00 */
        /*0f20*/                   IADD R29, R29, 0x2 ;                                 /* 0x000000021d1d7835 */
                                                                                        /* 0x000fe200078e0000 */
        /*0f30*/                   UIADD3 UR5, UPT, UPT, UR5, 0x2, URZ ;                /* 0x0000000205057890 */
                                                                                        /* 0x000fe4000fffe0ff */
        /*0f40*/                   LDS.128 R12, [R33+-0x100] ;                          /* 0xffff0000210c7984 */
                                                                                        /* 0x000e240000000c00 */
        /*0f50*/                   ISETP.NE.U32.AND P0, PT, R29, RZ, PT ;               /* 0x000000ff1d00720c */
                                                                                        /* 0x000fe20003f05070 */
        /*0f60*/                   FFMA.FTZ R17, R8.reuse, R12, R17 ;                   /* 0x0000000c08117223 */
                                                                                        /* 0x041fe20000010011 */
        /*0f70*/                   FFMA.FTZ R18, R8.reuse, R13, R18 ;                   /* 0x0000000d08127223 */
                                                                                        /* 0x040fe20000010012 */
        /*0f80*/                   FFMA.FTZ R19, R8.reuse, R14, R19 ;                   /* 0x0000000e08137223 */
                                                                                        /* 0x040fe20000010013 */
        /*0f90*/                   FFMA.FTZ R20, R8, R15, R20 ;                         /* 0x0000000f08147223 */
                                                                                        /* 0x000fe20000010014 */
        /*0fa0*/                   FFMA.FTZ R22, R9.reuse, R12, R22 ;                   /* 0x0000000c09167223 */
                                                                                        /* 0x040fe20000010016 */
        /*0fb0*/                   FFMA.FTZ R24, R9.reuse, R13, R24 ;                   /* 0x0000000d09187223 */
                                                                                        /* 0x040fe20000010018 */
        /*0fc0*/                   FFMA.FTZ R21, R9.reuse, R14, R21 ;                   /* 0x0000000e09157223 */
                                                                                        /* 0x040fe20000010015 */
        /*0fd0*/                   FFMA.FTZ R26, R9, R15, R26 ;                         /* 0x0000000f091a7223 */
                                                                                        /* 0x000fe2000001001a */
        /*0fe0*/                   FFMA.FTZ R23, R10.reuse, R12, R23 ;                  /* 0x0000000c0a177223 */
                                                                                        /* 0x040fe20000010017 */
        /*0ff0*/                   FFMA.FTZ R28, R10.reuse, R13, R28 ;                  /* 0x0000000d0a1c7223 */
                                                                                        /* 0x040fe2000001001c */
        /*1000*/                   FFMA.FTZ R25, R10.reuse, R14, R25 ;                  /* 0x0000000e0a197223 */
                                                                                        /* 0x040fe20000010019 */
        /*1010*/                   FFMA.FTZ R30, R10, R15, R30 ;                        /* 0x0000000f0a1e7223 */
                                                                                        /* 0x000fe2000001001e */
        /*1020*/                   FFMA.FTZ R32, R11.reuse, R12, R32 ;                  /* 0x0000000c0b207223 */
                                                                                        /* 0x040fe20000010020 */
        /*1030*/                   FFMA.FTZ R34, R11.reuse, R13, R34 ;                  /* 0x0000000d0b227223 */
                                                                                        /* 0x040fe20000010022 */
        /*1040*/                   FFMA.FTZ R27, R11.reuse, R14, R27 ;                  /* 0x0000000e0b1b7223 */
                                                                                        /* 0x040fe2000001001b */
        /*1050*/                   FFMA.FTZ R36, R11, R15, R36 ;                        /* 0x0000000f0b247223 */
                                                                                        /* 0x000fc40000010024 */
        /*1060*/                   LDS.128 R8, [R31] ;                                  /* 0x000000001f087984 */
                                                                                        /* 0x0001e80000000c00 */
        /*1070*/                   LDS.128 R12, [R33] ;                                 /* 0x00000000210c7984 */
                                                                                        /* 0x0002a20000000c00 */
        /*1080*/                   IADD R31, R31, 0x200 ;                               /* 0x000002001f1f7835 */
                                                                                        /* 0x001fe200078e0000 */
        /*1090*/                   IADD R33, R33, 0x200 ;                               /* 0x0000020021217835 */
                                                                                        /* 0x002fe200078e0000 */
        /*10a0*/                   FFMA.FTZ R17, R8.reuse, R12, R17 ;                   /* 0x0000000c08117223 */
                                                                                        /* 0x044fe20000010011 */
        /*10b0*/                   FFMA.FTZ R18, R8.reuse, R13, R18 ;                   /* 0x0000000d08127223 */
                                                                                        /* 0x040fe20000010012 */
        /*10c0*/                   FFMA.FTZ R19, R8.reuse, R14, R19 ;                   /* 0x0000000e08137223 */
                                                                                        /* 0x040fe20000010013 */
        /*10d0*/                   FFMA.FTZ R20, R8, R15, R20 ;                         /* 0x0000000f08147223 */
                                                                                        /* 0x000fe20000010014 */
        /*10e0*/                   FFMA.FTZ R22, R9.reuse, R12, R22 ;                   /* 0x0000000c09167223 */
                                                                                        /* 0x040fe20000010016 */
        /*10f0*/                   FFMA.FTZ R24, R9.reuse, R13, R24 ;                   /* 0x0000000d09187223 */
                                                                                        /* 0x040fe20000010018 */
        /*1100*/                   FFMA.FTZ R21, R9.reuse, R14, R21 ;                   /* 0x0000000e09157223 */
                                                                                        /* 0x040fe20000010015 */
        /*1110*/                   FFMA.FTZ R26, R9, R15, R26 ;                         /* 0x0000000f091a7223 */
                                                                                        /* 0x000fe2000001001a */
        /*1120*/                   FFMA.FTZ R23, R10.reuse, R12, R23 ;                  /* 0x0000000c0a177223 */
                                                                                        /* 0x040fe20000010017 */
        /*1130*/                   FFMA.FTZ R28, R10.reuse, R13, R28 ;                  /* 0x0000000d0a1c7223 */
                                                                                        /* 0x040fe2000001001c */
        /*1140*/                   FFMA.FTZ R25, R10.reuse, R14, R25 ;                  /* 0x0000000e0a197223 */
                                                                                        /* 0x040fe20000010019 */
        /*1150*/                   FFMA.FTZ R30, R10, R15, R30 ;                        /* 0x0000000f0a1e7223 */
                                                                                        /* 0x000fe2000001001e */
        /*1160*/                   FFMA.FTZ R32, R11.reuse, R12, R32 ;                  /* 0x0000000c0b207223 */
                                                                                        /* 0x040fe20000010020 */
        /*1170*/                   FFMA.FTZ R34, R11.reuse, R13, R34 ;                  /* 0x0000000d0b227223 */
                                                                                        /* 0x040fe20000010022 */
        /*1180*/                   FFMA.FTZ R27, R11.reuse, R14, R27 ;                  /* 0x0000000e0b1b7223 */
                                                                                        /* 0x040fe2000001001b */
        /*1190*/                   FFMA.FTZ R36, R11, R15, R36 ;                        /* 0x0000000f0b247223 */
                                                                                        /* 0x000fe20000010024 */
        /*11a0*/               @P0 BRA 0xf10 ;                                          /* 0xfffffffc00580947 */
                                                                                        /* 0x000fec000383ffff */
        /*11b0*/                   UVIMNMX.S32 UR6, UR4, UR7, UPT ;                     /* 0x000000070406724a */
                                                                                        /* 0x000fc8000bfe0100 */
        /*11c0*/                   ULOP3.LUT UP0, URZ, UR6, 0x1, URZ, 0xc0, !UPT ;      /* 0x0000000106ff7892 */
                                                                                        /* 0x000fd2000f80c0ff */
        /*11d0*/                   BRA.U !UP0, 0x1390 ;                                 /* 0x00000001086c7547 */
                                                                                        /* 0x000fea000b800000 */
        /*11e0*/                   S2UR UR8, SR_CgaCtaId ;                              /* 0x00000000000879c3 */
                                                                                        /* 0x000e220000008800 */
        /*11f0*/                   UMOV UR6, 0x400 ;                                    /* 0x0000040000067882 */
                                                                                        /* 0x000fe40000000000 */
        /*1200*/                   UIADD3 UR9, UPT, UPT, UR6, 0x1000, URZ ;             /* 0x0000100006097890 */
                                                                                        /* 0x000fe2000fffe0ff */
        /*1210*/                   ULEA UR6, UR8, UR6, 0x18 ;                           /* 0x0000000608067291 */
                                                                                        /* 0x001fc6000f8ec0ff */
        /*1220*/                   ULEA UR9, UR8, UR9, 0x18 ;                           /* 0x0000000908097291 */
                                                                                        /* 0x000fe2000f8ec0ff */
        /*1230*/                   ULEA UR6, UR5, UR6, 0x8 ;                            /* 0x0000000605067291 */
                                                                                        /* 0x000fc6000f8e40ff */
        /*1240*/                   ULEA UR5, UR5, UR9, 0x8 ;                            /* 0x0000000905057291 */
                                                                                        /* 0x000fc6000f8e40ff */
        /*1250*/                   LEA R8, R3, UR6, 0x4 ;                               /* 0x0000000603087c11 */
                                                                                        /* 0x000fc6000f8e20ff */
        /*1260*/                   LEA R12, R0, UR5, 0x4 ;                              /* 0x00000005000c7c11 */
                                                                                        /* 0x000fc6000f8e20ff */
        /*1270*/                   LDS.128 R8, [R8] ;                                   /* 0x0000000008087984 */
                                                                                        /* 0x008fe80000000c00 */
        /*1280*/                   LDS.128 R12, [R12] ;                                 /* 0x000000000c0c7984 */
                                                                                        /* 0x004e240000000c00 */
        /*1290*/                   FFMA.FTZ R17, R8.reuse, R12, R17 ;                   /* 0x0000000c08117223 */
                                                                                        /* 0x041fe20000010011 */
        /*12a0*/                   FFMA.FTZ R18, R8.reuse, R13, R18 ;                   /* 0x0000000d08127223 */
                                                                                        /* 0x040fe20000010012 */
        /*12b0*/                   FFMA.FTZ R19, R8.reuse, R14, R19 ;                   /* 0x0000000e08137223 */
                                                                                        /* 0x040fe20000010013 */
        /*12c0*/                   FFMA.FTZ R20, R8, R15, R20 ;                         /* 0x0000000f08147223 */
                                                                                        /* 0x000fe20000010014 */
        /*12d0*/                   FFMA.FTZ R22, R9.reuse, R12, R22 ;                   /* 0x0000000c09167223 */
                                                                                        /* 0x040fe20000010016 */
        /*12e0*/                   FFMA.FTZ R24, R9.reuse, R13, R24 ;                   /* 0x0000000d09187223 */
                                                                                        /* 0x040fe20000010018 */
        /*12f0*/                   FFMA.FTZ R21, R9.reuse, R14, R21 ;                   /* 0x0000000e09157223 */
                                                                                        /* 0x040fe20000010015 */
        /*1300*/                   FFMA.FTZ R26, R9, R15, R26 ;                         /* 0x0000000f091a7223 */
                                                                                        /* 0x000fe2000001001a */
        /*1310*/                   FFMA.FTZ R23, R10.reuse, R12, R23 ;                  /* 0x0000000c0a177223 */
                                                                                        /* 0x040fe20000010017 */
        /*1320*/                   FFMA.FTZ R28, R10.reuse, R13, R28 ;                  /* 0x0000000d0a1c7223 */
                                                                                        /* 0x040fe2000001001c */
        /*1330*/                   FFMA.FTZ R25, R10.reuse, R14, R25 ;                  /* 0x0000000e0a197223 */
                                                                                        /* 0x040fe20000010019 */
        /*1340*/                   FFMA.FTZ R30, R10, R15, R30 ;                        /* 0x0000000f0a1e7223 */
                                                                                        /* 0x000fe2000001001e */
        /*1350*/                   FFMA.FTZ R32, R11.reuse, R12, R32 ;                  /* 0x0000000c0b207223 */
                                                                                        /* 0x040fe20000010020 */
        /*1360*/                   FFMA.FTZ R34, R11.reuse, R13, R34 ;                  /* 0x0000000d0b227223 */
                                                                                        /* 0x040fe20000010022 */
        /*1370*/                   FFMA.FTZ R27, R11.reuse, R14, R27 ;                  /* 0x0000000e0b1b7223 */
                                                                                        /* 0x040fe2000001001b */
        /*1380*/                   FFMA.FTZ R36, R11, R15, R36 ;                        /* 0x0000000f0b247223 */
                                                                                        /* 0x000fce0000010024 */
        /*1390*/                   UIADD3 UR5, UPT, UPT, UR7, -0x1, URZ ;               /* 0xffffffff07057890 */
                                                                                        /* 0x000fe2000fffe0ff */
        /*13a0*/                   BAR.SYNC.DEFER_BLOCKING 0x0 ;                        /* 0x0000000000007b1d */
                                                                                        /* 0x000fe60000010000 */
        /*13b0*/                   USHF.R.U32.HI UR5, URZ, 0x4, UR5 ;                   /* 0x00000004ff057899 */
                                                                                        /* 0x000fcc0008011605 */
        /*13c0*/                   ISETP.NE.U32.AND P0, PT, R6.reuse, UR5, PT ;         /* 0x0000000506007c0c */
                                                                                        /* 0x040fe2000bf05070 */
        /*13d0*/                   IADD R6, R6, 0x1 ;                                   /* 0x0000000106067835 */
                                                                                        /* 0x000fd800078e0000 */
        /*13e0*/               @P0 BRA 0x3e0 ;                                          /* 0xffffffec00fc0947 */
                                                                                        /* 0x000fea000383ffff */
        /*13f0*/                   S2R R5, SR_CTAID.X ;                                 /* 0x0000000000057919 */
                                                                                        /* 0x005e220000002500 */
        /*1400*/                   LDCU.64 UR8, c[0x0][0x398] ;                         /* 0x00007300ff0877ac */
                                                                                        /* 0x000ea20008000a00 */
        /*1410*/                   S2R R2, SR_CTAID.Y ;                                 /* 0x0000000000027919 */
                                                                                        /* 0x000f220000002600 */
        /*1420*/                   LDCU.64 UR6, c[0x0][0x390] ;                         /* 0x00007200ff0677ac */
                                                                                        /* 0x000f620008000a00 */
        /*1430*/                   IMAD R8, R5, 0x10, R0 ;                              /* 0x0000001005087824 */
                                                                                        /* 0x001fc800078e0200 */
        /*1440*/                   IMAD.SHL.U32 R8, R8, 0x4, RZ ;                       /* 0x0000000408087824 */
                                                                                        /* 0x000fe400078e00ff */
        /*1450*/                   IMAD R0, R2, 0x10, R3 ;                              /* 0x0000001002007824 */
                                                                                        /* 0x010fc600078e0203 */
        /*1460*/                   ISETP.GE.AND P1, PT, R8, UR9, PT ;                   /* 0x0000000908007c0c */
                                                                                        /* 0x004fe2000bf26270 */
        /*1470*/                   IMAD.SHL.U32 R0, R0, 0x4, RZ ;                       /* 0x0000000400007824 */
                                                                                        /* 0x000fe200078e00ff */
        /*1480*/                   ISETP.GE.AND P0, PT, R8.reuse, UR9, PT ;             /* 0x0000000908007c0c */
                                                                                        /* 0x040fe2000bf06270 */
        /*1490*/                   IADD R2, R8, 0x1 ;                                   /* 0x0000000108027835 */
                                                                                        /* 0x000fe200078e0000 */
        /*14a0*/                   SHF.R.S32.HI R9, RZ, 0x1f, R8 ;                      /* 0x0000001fff097819 */
                                                                                        /* 0x00afe20000011408 */
        /*14b0*/                   IMAD R10, R0.reuse, UR9, RZ ;                        /* 0x00000009000a7c24 */
                                                                                        /* 0x040fe2000f8e02ff */
        /*14c0*/                   ISETP.LT.AND P1, PT, R0.reuse, UR8, !P1 ;            /* 0x0000000800007c0c */
                                                                                        /* 0x040fe2000cf21270 */
        /*14d0*/                   IADD R14, R0, 0x1 ;                                  /* 0x00000001000e7835 */
                                                                                        /* 0x000fe200078e0000 */
        /*14e0*/                   ISETP.GE.AND P3, PT, R2, UR9, PT ;                   /* 0x0000000902007c0c */
                                                                                        /* 0x000fe2000bf66270 */
        /*14f0*/                   IADD R2, R8, 0x2 ;                                   /* 0x0000000208027835 */
                                                                                        /* 0x000fe200078e0000 */
        /*1500*/                   SHF.R.S32.HI R11, RZ, 0x1f, R10 ;                    /* 0x0000001fff0b7819 */
                                                                                        /* 0x000fc4000001140a */
        /*1510*/                   ISETP.GE.OR P6, PT, R14, UR8, P0 ;                   /* 0x000000080e007c0c */
                                                                                        /* 0x000fe200087c6670 */
        /*1520*/                   ISETP.GE.OR P5, PT, R0, UR8, P3 ;                    /* 0x0000000800007c0c */
                                                                                        /* 0x000fe20009fa6670 */
        /*1530*/                   ISETP.GE.AND P2, PT, R2, UR9, PT ;                   /* 0x0000000902007c0c */
                                                                                        /* 0x000fe2000bf46270 */
        /*1540*/                   IADD.64 R6, R10, R8 ;                                /* 0x000000080a067235 */
                                                                                        /* 0x000fe400078e0200 */
        /*1550*/                   IADD R11, R8, 0x3 ;                                  /* 0x00000003080b7835 */
                                                                                        /* 0x000fe200078e0000 */
        /*1560*/                   IADD R15, R0, 0x2 ;                                  /* 0x00000002000f7835 */
                                                                                        /* 0x000fe200078e0000 */
        /*1570*/               @P1 LDC.64 R12, c[0x0][0x390] ;                          /* 0x0000e400ff0c1b82 */
                                                                                        /* 0x000e220000000a00 */
        /*1580*/               @P1 IADD R3, R8, R10 ;                                   /* 0x0000000a08031235 */
                                                                                        /* 0x000fe200078e0000 */
        /*1590*/                   LEA R2, P4, R6, UR6, 0x2 ;                           /* 0x0000000606027c11 */
                                                                                        /* 0x020fe2000f8810ff */
        /*15a0*/                   IADD R10, R10, UR9 ;                                 /* 0x000000090a0a7c35 */
                                                                                        /* 0x000fca000f8e0000 */
        /*15b0*/              @!P6 LDC.64 R4, c[0x0][0x390] ;                           /* 0x0000e400ff04eb82 */
                                                                                        /* 0x000e620000000a00 */
        /*15c0*/               @P1 IMAD.WIDE R12, R3, 0x4, R12 ;                        /* 0x00000004030c1825 */
                                                                                        /* 0x001fe200078e020c */
        /*15d0*/                   LEA.HI.X R3, R6, UR7, R7, 0x2, P4 ;                  /* 0x0000000706037c11 */
                                                                                        /* 0x000fe2000a0f1407 */
        /*15e0*/                   ISETP.GE.OR P4, PT, R0, UR8, P2 ;                    /* 0x0000000800007c0c */
                                                                                        /* 0x000fe20009786670 */
        /*15f0*/              @!P6 IADD R7, R8, R10.reuse ;                             /* 0x0000000a0807e235 */
                                                                                        /* 0x080fe400078e0000 */
        /*1600*/               @P1 STG.E desc[UR14][R12.64], R17 ;                      /* 0x000000110c001986 */
                                                                                        /* 0x0001e2000c10190e */
        /*1610*/                   ISETP.GE.AND P1, PT, R11, UR9, PT ;                  /* 0x000000090b007c0c */
                                                                                        /* 0x000fe2000bf26270 */
        /*1620*/                   SHF.R.S32.HI R11, RZ, 0x1f, R10 ;                    /* 0x0000001fff0b7819 */
                                                                                        /* 0x000fe4000001140a */
        /*1630*/              @!P5 STG.E desc[UR14][R2.64+0x4], R18 ;                   /* 0x000004120200d986 */
                                                                                        /* 0x000fe2000c10190e */
        /*1640*/              @!P6 IMAD.WIDE R6, R7, 0x4, R4 ;                          /* 0x000000040706e825 */
                                                                                        /* 0x002fe200078e0204 */
        /*1650*/                   ISETP.GE.OR P5, PT, R0, UR8, P1 ;                    /* 0x0000000800007c0c */
                                                                                        /* 0x000fe20008fa6670 */
        /*1660*/                   IADD.64 R4, R8, R10 ;                                /* 0x0000000a08047235 */
                                                                                        /* 0x000fc400078e0200 */
        /*1670*/                   IADD R0, R0, 0x3 ;                                   /* 0x0000000300007835 */
                                                                                        /* 0x000fe200078e0000 */
        /*1680*/                   IADD R10, R10, UR9 ;                                 /* 0x000000090a0a7c35 */
                                                                                        /* 0x000fe2000f8e0000 */
        /*1690*/              @!P4 STG.E desc[UR14][R2.64+0x8], R19 ;                   /* 0x000008130200c986 */
                                                                                        /* 0x000fe2000c10190e */
        /*16a0*/                   ISETP.GE.OR P4, PT, R15, UR8, P0 ;                   /* 0x000000080f007c0c */
                                                                                        /* 0x000fe40008786670 */
        /*16b0*/                   ISETP.GE.OR P0, PT, R0, UR8, P0 ;                    /* 0x0000000800007c0c */
                                                                                        /* 0x000fe20008706670 */
        /*16c0*/                   SHF.R.S32.HI R11, RZ, 0x1f, R10 ;                    /* 0x0000001fff0b7819 */
                                                                                        /* 0x000fc8000001140a */
        /*16d0*/              @!P5 STG.E desc[UR14][R2.64+0xc], R20 ;                   /* 0x00000c140200d986 */
                                                                                        /* 0x0003e2000c10190e */
        /*16e0*/                   ISETP.GE.OR P5, PT, R14, UR8, P3 ;                   /* 0x000000080e007c0c */
                                                                                        /* 0x000fc60009fa6670 */
        /*16f0*/              @!P6 STG.E desc[UR14][R6.64], R22 ;                       /* 0x000000160600e986 */
                                                                                        /* 0x0005e2000c10190e */
        /*1700*/                   LEA R16, P6, R4.reuse, UR6, 0x2 ;                    /* 0x0000000604107c11 */
                                                                                        /* 0x040fe2000f8c10ff */
        /*1710*/              @!P4 LDC.64 R12, c[0x0][0x390] ;                          /* 0x0000e400ff0ccb82 */
                                                                                        /* 0x001e260000000a00 */
        /*1720*/                   LEA.HI.X R17, R4, UR7, R5, 0x2, P6 ;                 /* 0x0000000704117c11 */
                                                                                        /* 0x000fe2000b0f1405 */
        /*1730*/                   IADD.64 R4, R8, R10 ;                                /* 0x0000000a08047235 */
                                                                                        /* 0x000fe400078e0200 */
        /*1740*/                   ISETP.GE.OR P6, PT, R14.reuse, UR8, P2 ;             /* 0x000000080e007c0c */
                                                                                        /* 0x040fe400097c6670 */
        /*1750*/              @!P5 STG.E desc[UR14][R16.64+0x4], R24 ;                  /* 0x000004181000d986 */
                                                                                        /* 0x0007e2000c10190e */
        /*1760*/                   ISETP.GE.OR P5, PT, R14, UR8, P1 ;                   /* 0x000000080e007c0c */
                                                                                        /* 0x000fe20008fa6670 */
        /*1770*/              @!P0 LDC.64 R2, c[0x0][0x390] ;                           /* 0x0000e400ff028b82 */
                                                                                        /* 0x002e620000000a00 */
        /*1780*/              @!P4 IADD R7, R8, R10 ;                                   /* 0x0000000a0807c235 */
                                                                                        /* 0x004fe200078e0000 */
        /*1790*/                   IADD R10, R10, UR9 ;                                 /* 0x000000090a0a7c35 */
                                                                                        /* 0x000fca000f8e0000 */
        /*17a0*/                   SHF.R.S32.HI R11, RZ, 0x1f, R10 ;                    /* 0x0000001fff0b7819 */
                                                                                        /* 0x000fe4000001140a */
        /*17b0*/              @!P6 STG.E desc[UR14][R16.64+0x8], R21 ;                  /* 0x000008151000e986 */
                                                                                        /* 0x0007e2000c10190e */
        /*17c0*/                   LEA R6, P6, R4, UR6, 0x2 ;                           /* 0x0000000604067c11 */
                                                                                        /* 0x000fc6000f8c10ff */
        /*17d0*/              @!P5 STG.E desc[UR14][R16.64+0xc], R26 ;                  /* 0x00000c1a1000d986 */
                                                                                        /* 0x0007e2000c10190e */
        /*17e0*/                   ISETP.GE.OR P5, PT, R15, UR8, P3 ;                   /* 0x000000080f007c0c */
                                                                                        /* 0x000fe20009fa6670 */
        /*17f0*/              @!P4 IMAD.WIDE R12, R7, 0x4, R12 ;                        /* 0x00000004070cc825 */
                                                                                        /* 0x001fe200078e020c */
        /*1800*/                   LEA.HI.X R7, R4, UR7, R5, 0x2, P6 ;                  /* 0x0000000704077c11 */
                                                                                        /* 0x000fe2000b0f1405 */
        /*1810*/                   ISETP.GE.OR P6, PT, R15.reuse, UR8, P1 ;             /* 0x000000080f007c0c */
                                                                                        /* 0x040fe20008fc6670 */
        /*1820*/              @!P0 IADD R5, R8.reuse, R10.reuse ;                       /* 0x0000000a08058235 */
                                                                                        /* 0x0c0fe400078e0000 */
        /*1830*/              @!P4 STG.E desc[UR14][R12.64], R23 ;                      /* 0x000000170c00c986 */
                                                                                        /* 0x0007e2000c10190e */
        /*1840*/                   ISETP.GE.OR P4, PT, R15, UR8, P2 ;                   /* 0x000000080f007c0c */
                                                                                        /* 0x000fe20009786670 */
        /*1850*/                   IADD.64 R8, R8, R10 ;                                /* 0x0000000a08087235 */
                                                                                        /* 0x000fe400078e0200 */
        /*1860*/                   ISETP.GE.OR P3, PT, R0.reuse, UR8, P3 ;              /* 0x0000000800007c0c */
                                                                                        /* 0x040fe20009f66670 */
        /*1870*/                   ISETP.GE.OR P2, PT, R0.reuse, UR8, P2 ;              /* 0x0000000800007c0c */
                                                                                        /* 0x040fe20009746670 */
        /*1880*/                   ISETP.GE.OR P1, PT, R0, UR8, P1 ;                    /* 0x0000000800007c0c */
                                                                                        /* 0x000fe20008f26670 */
        /*1890*/              @!P5 STG.E desc[UR14][R6.64+0x4], R28 ;                   /* 0x0000041c0600d986 */
                                                                                        /* 0x0007e2000c10190e */
        /*18a0*/                   LEA R4, P5, R8, UR6, 0x2 ;                           /* 0x0000000608047c11 */
                                                                                        /* 0x000fe2000f8a10ff */
        /*18b0*/              @!P0 IMAD.WIDE R2, R5, 0x4, R2 ;                          /* 0x0000000405028825 */
                                                                                        /* 0x002fc400078e0202 */
        /*18c0*/              @!P6 STG.E desc[UR14][R6.64+0xc], R30 ;                   /* 0x00000c1e0600e986 */
                                                                                        /* 0x0007e2000c10190e */
        /*18d0*/                   LEA.HI.X R5, R8, UR7, R9, 0x2, P5 ;                  /* 0x0000000708057c11 */
                                                                                        /* 0x000fc6000a8f1409 */
        /*18e0*/              @!P4 STG.E desc[UR14][R6.64+0x8], R25 ;                   /* 0x000008190600c986 */
                                                                                        /* 0x0007e8000c10190e */
        /*18f0*/              @!P0 STG.E desc[UR14][R2.64], R32 ;                       /* 0x0000002002008986 */
                                                                                        /* 0x0007e8000c10190e */
        /*1900*/              @!P3 STG.E desc[UR14][R4.64+0x4], R34 ;                   /* 0x000004220400b986 */
                                                                                        /* 0x0007e8000c10190e */
        /*1910*/              @!P2 STG.E desc[UR14][R4.64+0x8], R27 ;                   /* 0x0000081b0400a986 */
                                                                                        /* 0x0007e2000c10190e */
        /*1920*/               @P1 EXIT ;                                               /* 0x000000000000194d */
                                                                                        /* 0x000fea0003800000 */
        /*1930*/                   STG.E desc[UR14][R4.64+0xc], R36 ;                   /* 0x00000c2404007986 */
                                                                                        /* 0x000fe2000c10190e */
        /*1940*/                   EXIT ;                                               /* 0x000000000000794d */
                                                                                        /* 0x000fea0003800000 */
        /*1950*/                   BRA 0x1950;                                          /* 0xfffffffc00fc7947 */
                                                                                        /* 0x000fc0000383ffff */
        /*1960*/                   NOP;                                                 /* 0x0000000000007918 */
                                                                                        /* 0x000fc00000000000 */
        /*1970*/                   NOP;                                                 /* 0x0000000000007918 */
                                                                                        /* 0x000fc00000000000 */
        /*1980*/                   NOP;                                                 /* 0x0000000000007918 */
                                                                                        /* 0x000fc00000000000 */
        /*1990*/                   NOP;                                                 /* 0x0000000000007918 */
                                                                                        /* 0x000fc00000000000 */
        /*19a0*/                   NOP;                                                 /* 0x0000000000007918 */
                                                                                        /* 0x000fc00000000000 */
        /*19b0*/                   NOP;                                                 /* 0x0000000000007918 */
                                                                                        /* 0x000fc00000000000 */
        /*19c0*/                   NOP;                                                 /* 0x0000000000007918 */
                                                                                        /* 0x000fc00000000000 */
        /*19d0*/                   NOP;                                                 /* 0x0000000000007918 */
                                                                                        /* 0x000fc00000000000 */
        /*19e0*/                   NOP;                                                 /* 0x0000000000007918 */
                                                                                        /* 0x000fc00000000000 */
        /*19f0*/                   NOP;                                                 /* 0x0000000000007918 */
                                                                                        /* 0x000fc00000000000 */
		..........



Fatbin ptx code:
================
arch = sm_120
code version = [9,3]
host = windows
compile_size = 64bit
compressed
identifier = S:/kernel-lane/kernels/src/register_tiled_gemm_TMA_B.cu
ptxasOptions = -v --generate-line-info 
