
Fatbin elf code:
================
arch = sm_120
code version = [1,8]
host = windows
compile_size = 64bit
identifier = S:/kernel-lane/kernels/src/register_tiled_gemm_TMA_B_pipeline_lb6.cu 

	code for sm_120
	.target	sm_120


Fatbin elf code:
================
arch = sm_120
code version = [1,8]
host = windows
compile_size = 64bit
identifier = S:/kernel-lane/kernels/src/register_tiled_gemm_TMA_B_pipeline_lb6.cu

	code for sm_120
	.target	sm_120

		Function : _Z19register_tiled_gemmILb0ELb0EEvPKfS1_PfiiiPK14CUtensorMap_st
	.headerflags	@"EF_CUDA_SM120 EF_CUDA_VIRTUAL_SM(EF_CUDA_SM120)"
        /*0000*/                   LDC R1, c[0x0][0x37c] ;                              /* 0x0000df00ff017b82 */
                                                                                        /* 0x000ff00000000800 */
        /*0010*/                   S2UR UR10, SR_CTAID.X ;                              /* 0x00000000000a79c3 */
                                                                                        /* 0x000e220000002500 */
        /*0020*/                   LDCU UR13, c[0x0][0x3a0] ;                           /* 0x00007400ff0d77ac */
                                                                                        /* 0x000e620008000800 */
        /*0030*/                   S2R R3, SR_TID.X ;                                   /* 0x0000000000037919 */
                                                                                        /* 0x000ea20000002100 */
        /*0040*/                   LDCU UR5, c[0x0][0x39c] ;                            /* 0x00007380ff0577ac */
                                                                                        /* 0x000ee20008000800 */
        /*0050*/                   S2R R0, SR_TID.Y ;                                   /* 0x0000000000007919 */
                                                                                        /* 0x000f220000002200 */
        /*0060*/                   ULOP3.LUT UP0, URZ, UR13, 0xf, URZ, 0xc0, !UPT ;     /* 0x0000000f0dff7892 */
                                                                                        /* 0x002fe2000f80c0ff */
        /*0070*/                   USHF.L.U32 UR10, UR10, 0x6, URZ ;                    /* 0x000000060a0a7899 */
                                                                                        /* 0x001fc800080006ff */
        /*0080*/                   UIADD3 UR4, UPT, UPT, UR10, 0x40, URZ ;              /* 0x000000400a047890 */
                                                                                        /* 0x000fc8000fffe0ff */
        /*0090*/                   UISETP.LE.AND UP0, UPT, UR4, UR5, !UP0 ;             /* 0x000000050400728c */
                                                                                        /* 0x008fd2000c703270 */
        /*00a0*/                   BRA.U !UP0, 0x320 ;                                  /* 0x00000001089c7547 */
                                                                                        /* 0x000fea000b800000 */
        /*00b0*/                   IMAD R2, R0, 0x10, R3 ;                              /* 0x0000001000027824 */
                                                                                        /* 0x014fe200078e0203 */
        /*00c0*/                   UMOV UR4, 0x1 ;                                      /* 0x0000000100047882 */
                                                                                        /* 0x000fe20000000000 */
        /*00d0*/                   BSSY.RECONVERGENT B0, 0x320 ;                        /* 0x0000024000007945 */
                                                                                        /* 0x000fe60003800200 */
        /*00e0*/                   ISETP.NE.U32.AND P0, PT, R2, RZ, PT ;                /* 0x000000ff0200720c */
                                                                                        /* 0x000fda0003f05070 */
        /*00f0*/              @!P0 S2R R5, SR_CgaCtaId ;                                /* 0x0000000000058919 */
                                                                                        /* 0x000e220000008800 */
        /*0100*/              @!P0 MOV R2, 0x400 ;                                      /* 0x0000040000028802 */
                                                                                        /* 0x000fe20000000f00 */
        /*0110*/                   VOTEU.ALL UP1, P0 ;                                  /* 0x0000000000ff7886 */
                                                                                        /* 0x000fe20000020000 */
        /*0120*/                   VOTEU.ALL UP2, P0 ;                                  /* 0x0000000000ff7886 */
                                                                                        /* 0x000fc60000040000 */
        /*0130*/              @!P0 IADD R2, R2, 0x3000 ;                                /* 0x0000300002028835 */
                                                                                        /* 0x000fe200078e0000 */
        /*0140*/                   @!UP1 UIADD3 UR4, UPT, UPT, -UR4, 0x100000, URZ ;    /* 0x0010000004049890 */
                                                                                        /* 0x000fc8000fffe1ff */
        /*0150*/                   @!UP1 USHF.L.U32 UR5, UR4, 0xb, URZ ;                /* 0x0000000b04059899 */
                                                                                        /* 0x000fe200080006ff */
        /*0160*/                   @!UP1 USHF.L.U32 UR4, UR4, 0x1, URZ ;                /* 0x0000000104049899 */
                                                                                        /* 0x000fe200080006ff */
        /*0170*/                   VOTEU.ALL UP1, P0 ;                                  /* 0x0000000000ff7886 */
                                                                                        /* 0x000fe20000020000 */
        /*0180*/              @!P0 LEA R2, R5, R2, 0x18 ;                               /* 0x0000000205028211 */
                                                                                        /* 0x001fc800078ec0ff */
        /*0190*/              @!P0 R2UR UR6, R2 ;                                       /* 0x00000000020682ca */
                                                                                        /* 0x000fe200000e0000 */
        /*01a0*/                   FENCE.VIEW.ASYNC.S ;                                 /* 0x00000000000073c6 */
                                                                                        /* 0x000e180000000000 */
        /*01b0*/                   @!UP1 SYNCS.EXCH.64 URZ, [UR6], UR4 ;                /* 0x0000000406ff95b2 */
                                                                                        /* 0x0010620008000100 */
        /*01c0*/                   @!UP2 SYNCS.EXCH.64 URZ, [UR6+0x8], UR4 ;            /* 0x0000080406ffa5b2 */
                                                                                        /* 0x0004640008000100 */
        /*01d0*/                   BAR.SYNC.DEFER_BLOCKING 0x0 ;                        /* 0x0000000000007b1d */
                                                                                        /* 0x002fec0000010000 */
        /*01e0*/               @P0 BRA 0x300 ;                                          /* 0x0000000000440947 */
                                                                                        /* 0x000fea0003800000 */
        /*01f0*/                   S2UR UR4, SR_CgaCtaId ;                              /* 0x00000000000479c3 */
                                                                                        /* 0x005e220000008800 */
        /*0200*/                   UMOV UR8, 0x400 ;                                    /* 0x0000040000087882 */
                                                                                        /* 0x000fe20000000000 */
        /*0210*/                   HFMA2 R2, -RZ, RZ, 0, 0.00048828125 ;                /* 0x00001000ff027431 */
                                                                                        /* 0x000fe200000001ff */
        /*0220*/                   UIADD3 UR9, UPT, UPT, UR8, 0x3000, URZ ;             /* 0x0000300008097890 */
                                                                                        /* 0x000fe2000fffe0ff */
        /*0230*/                   UIADD3 UR8, UPT, UPT, UR8, 0x1000, URZ ;             /* 0x0000100008087890 */
                                                                                        /* 0x000fe2000fffe0ff */
        /*0240*/                   PLOP3.LUT P0, PT, PT, PT, PT, 0x80, 0x8 ;            /* 0x000000000008781c */
                                                                                        /* 0x000fe20003f0f070 */
        /*0250*/                   LDCU.64 UR6, c[0x0][0x3a8] ;                         /* 0x00007500ff0677ac */
                                                                                        /* 0x000e620008000a00 */
        /*0260*/                   UMOV UR11, URZ ;                                     /* 0x000000ff000b7c82 */
                                                                                        /* 0x000fe20008000000 */
        /*0270*/                   UMOV UR12, URZ ;                                     /* 0x000000ff000c7c82 */
                                                                                        /* 0x000fe20008000000 */
        /*0280*/                   ULEA UR9, UR4, UR9, 0x18 ;                           /* 0x0000000904097291 */
                                                                                        /* 0x001fe2000f8ec0ff */
        /*0290*/                   ULEA UR8, UR4, UR8, 0x18 ;                           /* 0x0000000804087291 */
                                                                                        /* 0x000fd0000f8ec0ff */
        /*02a0*/                   SYNCS.ARRIVE.TRANS64 RZ, [UR9], R2 ;                 /* 0x00000002ffff79a7 */
                                                                                        /* 0x0021e80008000009 */
        /*02b0*/               @P0 ELECT P1, URZ, PT ;                                  /* 0x0000000000ff082f */
                                                                                        /* 0x000fe20003820000 */
        /*02c0*/                   UTMALDG.3D [UR8], [UR6] ;                            /* 0x00000008060075b4 */
                                                                                        /* 0x0023d80008010000 */
        /*02d0*/               @P1 PLOP3.LUT P0, PT, P1, PT, PT, 0x8, 0x80 ;            /* 0x000000000080181c */
                                                                                        /* 0x000fe40000f0e170 */
        /*02e0*/                   PLOP3.LUT P1, PT, PT, PT, PT, 0x8, 0x80 ;            /* 0x000000000080781c */
                                                                                        /* 0x000fd60003f2e170 */
        /*02f0*/               @P0 BRA.U.ANY 0x2b0 ;                                    /* 0xfffffffd00ec0947 */
                                                                                        /* 0x001fea000393ffff */
        /*0300*/                   NOP ;                                                /* 0x0000000000007918 */
                                                                                        /* 0x000fe20000000000 */
        /*0310*/                   BSYNC.RECONVERGENT B0 ;                              /* 0x0000000000007941 */
                                                                                        /* 0x007fea0003800200 */
        /*0320*/                   UISETP.GE.AND UP1, UPT, UR13, 0x1, UPT ;             /* 0x000000010d00788c */
                                                                                        /* 0x000fe2000bf26270 */
        /*0330*/                   HFMA2 R28, -RZ, RZ, 0, 0 ;                           /* 0x00000000ff1c7431 */
                                                                                        /* 0x000fe200000001ff */
        /*0340*/                   CS2R R22, SRZ ;                                      /* 0x0000000000167805 */
                                                                                        /* 0x000fe2000001ff00 */
        /*0350*/                   HFMA2 R24, -RZ, RZ, 0, 0 ;                           /* 0x00000000ff187431 */
                                                                                        /* 0x000fe200000001ff */
        /*0360*/                   MOV R26, RZ ;                                        /* 0x000000ff001a7202 */
                                                                                        /* 0x000fe20000000f00 */
        /*0370*/                   CS2R R20, SRZ ;                                      /* 0x0000000000147805 */
                                                                                        /* 0x000fe2000001ff00 */
        /*0380*/                   CS2R R10, SRZ ;                                      /* 0x00000000000a7805 */
                                                                                        /* 0x000fe2000001ff00 */
        /*0390*/                   CS2R R8, SRZ ;                                       /* 0x0000000000087805 */
                                                                                        /* 0x000fe2000001ff00 */
        /*03a0*/                   CS2R R4, SRZ ;                                       /* 0x0000000000047805 */
                                                                                        /* 0x000fe2000001ff00 */
        /*03b0*/                   CS2R R6, SRZ ;                                       /* 0x0000000000067805 */
                                                                                        /* 0x000fe2000001ff00 */
        /*03c0*/                   MOV R2, RZ ;                                         /* 0x000000ff00027202 */
                                                                                        /* 0x000fe20000000f00 */
        /*03d0*/                   LDCU.64 UR16, c[0x0][0x358] ;                        /* 0x00006b00ff1077ac */
                                                                                        /* 0x000e220008000a00 */
        /*03e0*/                   BRA.U !UP1, 0x15b0 ;                                 /* 0x0000001109707547 */
                                                                                        /* 0x000fea000b800000 */
        /*03f0*/                   IMAD.SHL.U32 R3, R3, 0x4, RZ ;                       /* 0x0000000403037824 */
                                                                                        /* 0x004fe200078e00ff */
        /*0400*/                   MOV R28, RZ ;                                        /* 0x000000ff001c7202 */
                                                                                        /* 0x000fe20000000f00 */
        /*0410*/                   MOV R33, RZ ;                                        /* 0x000000ff00217202 */
                                                                                        /* 0x000fe20000000f00 */
        /*0420*/                   UMOV UR4, URZ ;                                      /* 0x000000ff00047c82 */
                                                                                        /* 0x000fe20008000000 */
        /*0430*/                   UMOV UR11, URZ ;                                     /* 0x000000ff000b7c82 */
                                                                                        /* 0x000fe20008000000 */
        /*0440*/                   LOP3.LUT R3, R3, 0x3c, RZ, 0xc0, !PT ;               /* 0x0000003c03037812 */
                                                                                        /* 0x000fca00078ec0ff */
        /*0450*/                   IADD R32, R3, UR10 ;                                 /* 0x0000000a03207c35 */
                                                                                        /* 0x010fce000f8e0000 */
        /*0460*/                   S2R R3, SR_TID.X ;                                   /* 0x0000000000037919 */
                                                                                        /* 0x002e620000002100 */
        /*0470*/                   S2UR UR5, SR_CTAID.Y ;                               /* 0x00000000000579c3 */
                                                                                        /* 0x004ea20000002600 */
        /*0480*/                   LDCU UR15, c[0x0][0x3a0] ;                           /* 0x00007400ff0f77ac */
                                                                                        /* 0x000ee20008000800 */
        /*0490*/                   S2R R0, SR_TID.Y ;                                   /* 0x0000000000007919 */
                                                                                        /* 0x000f220000002200 */
        /*04a0*/                   LDCU UR6, c[0x0][0x398] ;                            /* 0x00007300ff0677ac */
                                                                                        /* 0x000f620008000800 */
        /*04b0*/                   USHF.L.U32 UR5, UR5, 0x6, URZ ;                      /* 0x0000000605057899 */
                                                                                        /* 0x004fe200080006ff */
        /*04c0*/                   IMAD.SHL.U32 R34, R3, 0x4, RZ ;                      /* 0x0000000403227824 */
                                                                                        /* 0x002fe400078e00ff */
        /*04d0*/                   IMAD R25, R0, 0x10, R3 ;                             /* 0x0000001000197824 */
                                                                                        /* 0x010fc600078e0203 */
        /*04e0*/                   LOP3.LUT R34, R34, 0xc, RZ, 0xc0, !PT ;              /* 0x0000000c22227812 */
                                                                                        /* 0x000fe400078ec0ff */
        /*04f0*/                   LEA.HI R29, R25, UR5, RZ, 0x1e ;                     /* 0x00000005191d7c11 */
                                                                                        /* 0x000fc6000f8ff0ff */
        /*0500*/                   IADD R34, R34, UR11 ;                                /* 0x0000000b22227c35 */
                                                                                        /* 0x000fca000f8e0000 */
        /*0510*/                   IADD R12, R34, 0x3 ;                                 /* 0x00000003220c7835 */
                                                                                        /* 0x001fca00078e0000 */
        /*0520*/                   ISETP.GE.AND P0, PT, R12, UR15, PT ;                 /* 0x0000000f0c007c0c */
                                                                                        /* 0x008fca000bf06270 */
        /*0530*/                   ISETP.GE.OR P1, PT, R29, UR6, P0 ;                   /* 0x000000061d007c0c */
                                                                                        /* 0x020fda0008726670 */
        /*0540*/              @!P1 LDC.64 R12, c[0x0][0x380] ;                          /* 0x0000e000ff0c9b82 */
                                                                                        /* 0x000e620000000a00 */
        /*0550*/              @!P1 IMAD R15, R29, UR15, R34 ;                           /* 0x0000000f1d0f9c24 */
                                                                                        /* 0x000fc8000f8e0222 */
        /*0560*/              @!P1 IMAD.WIDE.U32 R12, R15, 0x4, R12 ;                   /* 0x000000040f0c9825 */
                                                                                        /* 0x002fca00078e000c */
        /*0570*/              @!P1 LDG.E.CONSTANT R16, desc[UR16][R12.64] ;             /* 0x000000100c109981 */
                                                                                        /* 0x001ea8000c1e9900 */
        /*0580*/              @!P1 LDG.E.CONSTANT R18, desc[UR16][R12.64+0x4] ;         /* 0x000004100c129981 */
                                                                                        /* 0x000ee8000c1e9900 */
        /*0590*/              @!P1 LDG.E.CONSTANT R30, desc[UR16][R12.64+0x8] ;         /* 0x000008100c1e9981 */
                                                                                        /* 0x000f28000c1e9900 */
        /*05a0*/              @!P1 LDG.E.CONSTANT R36, desc[UR16][R12.64+0xc] ;         /* 0x00000c100c249981 */
                                                                                        /* 0x000f62000c1e9900 */
        /*05b0*/                   S2UR UR14, SR_CgaCtaId ;                             /* 0x00000000000e79c3 */
                                                                                        /* 0x000e220000008800 */
        /*05c0*/                   IMAD.SHL.U32 R14, R3, 0x400, RZ ;                    /* 0x00000400030e7824 */
                                                                                        /* 0x000fe200078e00ff */
        /*05d0*/                   UMOV UR13, 0x400 ;                                   /* 0x00000400000d7882 */
                                                                                        /* 0x000fe20000000000 */
        /*05e0*/                   UIADD3 UR5, UPT, UPT, UR11, 0x10, URZ ;              /* 0x000000100b057890 */
                                                                                        /* 0x000fc4000fffe0ff */
        /*05f0*/                   UMOV UR7, UR11 ;                                     /* 0x0000000b00077c82 */
                                                                                        /* 0x000fe20008000000 */
        /*0600*/                   BSSY.RECONVERGENT B0, 0x990 ;                        /* 0x0000038000007945 */
                                                                                        /* 0x000fe20003800200 */
        /*0610*/                   LOP3.LUT R15, R14, 0xc00, RZ, 0xc0, !PT ;            /* 0x00000c000e0f7812 */
                                                                                        /* 0x000fe400078ec0ff */
        /*0620*/                   LOP3.LUT R14, R25, 0xfffffffc, RZ, 0xc0, !PT ;       /* 0xfffffffc190e7812 */
                                                                                        /* 0x000fe200078ec0ff */
        /*0630*/                   UMOV UR11, UR5 ;                                     /* 0x00000005000b7c82 */
                                                                                        /* 0x000fe20008000000 */
        /*0640*/                   ULEA UR18, UR14, UR13, 0x18 ;                        /* 0x0000000d0e127291 */
                                                                                        /* 0x001fcc000f8ec0ff */
        /*0650*/                   IADD3 R27, PT, PT, R15, UR18, R14 ;                  /* 0x000000120f1b7c10 */
                                                                                        /* 0x000fca000fffe00e */
        /*0660*/              @!P1 STS [R27], R16 ;                                     /* 0x000000101b009388 */
                                                                                        /* 0x0041e80000000800 */
        /*0670*/              @!P1 STS [R27+0x100], R18 ;                               /* 0x000100121b009388 */
                                                                                        /* 0x0081e80000000800 */
        /*0680*/              @!P1 STS [R27+0x200], R30 ;                               /* 0x0002001e1b009388 */
                                                                                        /* 0x0101e80000000800 */
        /*0690*/              @!P1 STS [R27+0x300], R36 ;                               /* 0x000300241b009388 */
                                                                                        /* 0x0201e20000000800 */
        /*06a0*/              @!P1 BRA 0x970 ;                                          /* 0x0000000000b09947 */
                                                                                        /* 0x000fea0003800000 */
        /*06b0*/                   ISETP.GE.AND P1, PT, R29, UR6, PT ;                  /* 0x000000061d007c0c */
                                                                                        /* 0x000fda000bf26270 */
        /*06c0*/               @P1 BRA 0x920 ;                                          /* 0x0000000000941947 */
                                                                                        /* 0x000fea0003800000 */
        /*06d0*/                   ISETP.GE.AND P1, PT, R34.reuse, UR15, PT ;           /* 0x0000000f22007c0c */
                                                                                        /* 0x040fe2000bf26270 */
        /*06e0*/                   IADD R12, R34.reuse, 0x1 ;                           /* 0x00000001220c7835 */
                                                                                        /* 0x040fe200078e0000 */
        /*06f0*/                   IADD R16, R34, 0x2 ;                                 /* 0x0000000222107835 */
                                                                                        /* 0x001fe200078e0000 */
        /*0700*/                   HFMA2 R30, -RZ, RZ, 0, 0 ;                           /* 0x00000000ff1e7431 */
                                                                                        /* 0x000fc600000001ff */
        /*0710*/                   ISETP.GE.AND P2, PT, R12, UR15, PT ;                 /* 0x0000000f0c007c0c */
                                                                                        /* 0x000fe2000bf46270 */
        /*0720*/                   ISETP.GE.AND P3, PT, R16, UR15, PT ;                 /* 0x0000000f10007c0c */
                                                                                        /* 0x000fcc000bf66270 */
        /*0730*/              @!P1 LDC.64 R14, c[0x0][0x380] ;                          /* 0x0000e000ff0e9b82 */
                                                                                        /* 0x000e220000000a00 */
        /*0740*/              @!P1 IMAD R17, R29, UR15, R34 ;                           /* 0x0000000f1d119c24 */
                                                                                        /* 0x000fce000f8e0222 */
        /*0750*/              @!P2 LDC.64 R12, c[0x0][0x380] ;                          /* 0x0000e000ff0cab82 */
                                                                                        /* 0x000e620000000a00 */
        /*0760*/              @!P2 MOV R35, RZ ;                                        /* 0x000000ff0023a202 */
                                                                                        /* 0x000fc60000000f00 */
        /*0770*/              @!P2 IMAD.WIDE.U32 R18, R29, UR15, R34 ;                  /* 0x0000000f1d12ac25 */
                                                                                        /* 0x000fc8000f8e0022 */
        /*0780*/              @!P1 IMAD.WIDE.U32 R14, R17, 0x4, R14 ;                   /* 0x00000004110e9825 */
                                                                                        /* 0x001fe400078e000e */
        /*0790*/              @!P0 LDC.64 R16, c[0x0][0x380] ;                          /* 0x0000e000ff108b82 */
                                                                                        /* 0x000e260000000a00 */
        /*07a0*/              @!P1 LDG.E.CONSTANT R30, desc[UR16][R14.64] ;             /* 0x000000100e1e9981 */
                                                                                        /* 0x0004e2000c1e9900 */
        /*07b0*/                   HFMA2 R36, -RZ, RZ, 0, 0 ;                           /* 0x00000000ff247431 */
                                                                                        /* 0x000fe200000001ff */
        /*07c0*/              @!P2 LEA R12, P1, R18, R12, 0x2 ;                         /* 0x0000000c120ca211 */
                                                                                        /* 0x002fe200078210ff */
        /*07d0*/              @!P3 MOV R35, RZ ;                                        /* 0x000000ff0023b202 */
                                                                                        /* 0x000fc60000000f00 */
        /*07e0*/              @!P2 LEA.HI.X R13, R18, R13, R19, 0x2, P1 ;               /* 0x0000000d120da211 */
                                                                                        /* 0x000fe200008f1413 */
        /*07f0*/              @!P3 LDC.64 R14, c[0x0][0x380] ;                          /* 0x0000e000ff0ebb82 */
                                                                                        /* 0x004e620000000a00 */
        /*0800*/              @!P3 IMAD.WIDE.U32 R18, R29, UR15, R34 ;                  /* 0x0000000f1d12bc25 */
                                                                                        /* 0x000fc6000f8e0022 */
        /*0810*/              @!P2 LDG.E.CONSTANT R36, desc[UR16][R12.64+0x4] ;         /* 0x000004100c24a981 */
                                                                                        /* 0x000524000c1e9900 */
        /*0820*/              @!P0 MOV R12, R34 ;                                       /* 0x00000022000c8202 */
                                                                                        /* 0x004fe20000000f00 */
        /*0830*/              @!P0 MOV R13, RZ ;                                        /* 0x000000ff000d8202 */
                                                                                        /* 0x000fc80000000f00 */
        /*0840*/              @!P0 IMAD.WIDE.U32 R34, R29, UR15, R12 ;                  /* 0x0000000f1d228c25 */
                                                                                        /* 0x000fe2000f8e000c */
        /*0850*/              @!P3 LEA R14, P1, R18, R14, 0x2 ;                         /* 0x0000000e120eb211 */
                                                                                        /* 0x002fc800078210ff */
        /*0860*/              @!P3 LEA.HI.X R15, R18, R15, R19, 0x2, P1 ;               /* 0x0000000f120fb211 */
                                                                                        /* 0x000fe200008f1413 */
        /*0870*/                   HFMA2 R18, -RZ, RZ, 0, 0 ;                           /* 0x00000000ff127431 */
                                                                                        /* 0x000fe200000001ff */
        /*0880*/              @!P0 LEA R16, P1, R34, R16, 0x2 ;                         /* 0x0000001022108211 */
                                                                                        /* 0x001fc800078210ff */
        /*0890*/              @!P0 LEA.HI.X R17, R34, R17, R35, 0x2, P1 ;               /* 0x0000001122118211 */
                                                                                        /* 0x000fe200008f1423 */
        /*08a0*/              @!P3 LDG.E.CONSTANT R18, desc[UR16][R14.64+0x8] ;         /* 0x000008100e12b981 */
                                                                                        /* 0x000ea2000c1e9900 */
        /*08b0*/                   MOV R34, RZ ;                                        /* 0x000000ff00227202 */
                                                                                        /* 0x000fcc0000000f00 */
        /*08c0*/              @!P0 LDG.E.CONSTANT R34, desc[UR16][R16.64+0xc] ;         /* 0x00000c1010228981 */
                                                                                        /* 0x000f68000c1e9900 */
        /*08d0*/                   STS [R27], R30 ;                                     /* 0x0000001e1b007388 */
                                                                                        /* 0x0087e80000000800 */
        /*08e0*/                   STS [R27+0x100], R36 ;                               /* 0x000100241b007388 */
                                                                                        /* 0x0107e80000000800 */
        /*08f0*/                   STS [R27+0x200], R18 ;                               /* 0x000200121b007388 */
                                                                                        /* 0x0047e80000000800 */
        /*0900*/                   STS [R27+0x300], R34 ;                               /* 0x000300221b007388 */
                                                                                        /* 0x0207e20000000800 */
        /*0910*/                   BRA 0x970 ;                                          /* 0x0000000000147947 */
                                                                                        /* 0x000fea0003800000 */
        /*0920*/                   IADD3 R14, PT, PT, R14, UR18, R15 ;                  /* 0x000000120e0e7c10 */
                                                                                        /* 0x000fca000fffe00f */
        /*0930*/                   STS [R14], RZ ;                                      /* 0x000000ff0e007388 */
                                                                                        /* 0x0003e80000000800 */
        /*0940*/                   STS [R14+0x100], RZ ;                                /* 0x000100ff0e007388 */
                                                                                        /* 0x0003e80000000800 */
        /*0950*/                   STS [R14+0x200], RZ ;                                /* 0x000200ff0e007388 */
                                                                                        /* 0x0003e80000000800 */
        /*0960*/                   STS [R14+0x300], RZ ;                                /* 0x000300ff0e007388 */
                                                                                        /* 0x0003e40000000800 */
        /*0970*/                   NOP ;                                                /* 0x0000000000007918 */
                                                                                        /* 0x000fe20000000000 */
        /*0980*/                   BSYNC.RECONVERGENT B0 ;                              /* 0x0000000000007941 */
                                                                                        /* 0x000fea0003800200 */
        /*0990*/                   BRA.U !UP0, 0xc40 ;                                  /* 0x0000000108a87547 */
                                                                                        /* 0x000fea000b800000 */
        /*09a0*/                   UISETP.GE.AND UP1, UPT, UR11, UR15, UPT ;            /* 0x0000000f0b00728c */
                                                                                        /* 0x000fe2000bf26270 */
        /*09b0*/                   BSSY.RECONVERGENT B0, 0xb60 ;                        /* 0x000001a000007945 */
                                                                                        /* 0x000fea0003800200 */
        /*09c0*/                   PLOP3.LUT P0, PT, PT, PT, UP1, 0x80, 0x8 ;           /* 0x000000000008781c */
                                                                                        /* 0x000fca0003f0f018 */
        /*09d0*/                   ISETP.NE.U32.OR P0, PT, R25, RZ, P0 ;                /* 0x000000ff1900720c */
                                                                                        /* 0x000fda0000705470 */
        /*09e0*/               @P0 BRA 0xb40 ;                                          /* 0x0000000000540947 */
                                                                                        /* 0x000fea0003800000 */
        /*09f0*/                   USHF.L.U32 UR5, UR4, 0x3, URZ ;                      /* 0x0000000304057899 */
                                                                                        /* 0x000fe200080006ff */
        /*0a00*/                   UIADD3 UR6, UPT, UPT, UR13, 0x3000, URZ ;            /* 0x000030000d067890 */
                                                                                        /* 0x000fe2000fffe0ff */
        /*0a10*/                   UIADD3 UR8, UPT, UPT, UR13, 0x1000, URZ ;            /* 0x000010000d087890 */
                                                                                        /* 0x000fe2000fffe0ff */
        /*0a20*/                   HFMA2 R12, -RZ, RZ, 0, 0.00048828125 ;               /* 0x00001000ff0c7431 */
                                                                                        /* 0x000fe200000001ff */
        /*0a30*/                   ULOP3.LUT UR5, UR5, 0x8, URZ, 0xc, !UPT ;            /* 0x0000000805057892 */
                                                                                        /* 0x000fe2000f8e0cff */
        /*0a40*/                   ULEA UR9, UR14, UR6, 0x18 ;                          /* 0x000000060e097291 */
                                                                                        /* 0x000fe2000f8ec0ff */
        /*0a50*/                   USHF.L.U32 UR6, UR4, 0xc, URZ ;                      /* 0x0000000c04067899 */
                                                                                        /* 0x000fe200080006ff */
        /*0a60*/                   ULEA UR8, UR14, UR8, 0x18 ;                          /* 0x000000080e087291 */
                                                                                        /* 0x000fe2000f8ec0ff */
        /*0a70*/                   PLOP3.LUT P0, PT, PT, PT, PT, 0x80, 0x8 ;            /* 0x000000000008781c */
                                                                                        /* 0x000fe20003f0f070 */
        /*0a80*/                   LDCU.64 UR20, c[0x0][0x3a8] ;                        /* 0x00007500ff1477ac */
                                                                                        /* 0x000ea20008000a00 */
        /*0a90*/                   MOV R13, UR5 ;                                       /* 0x00000005000d7c02 */
                                                                                        /* 0x000fe20008000f00 */
        /*0aa0*/                   ULOP3.LUT UR6, UR6, 0x1000, URZ, 0xc, !UPT ;         /* 0x0000100006067892 */
                                                                                        /* 0x000fc6000f8e0cff */
        /*0ab0*/                   SYNCS.ARRIVE.TRANS64 RZ, [R13+UR9], R12 ;            /* 0x0000000c0dff79a7 */
                                                                                        /* 0x0009e20008000009 */
        /*0ac0*/                   UIADD3 UR9, UPT, UPT, UR9, UR5, URZ ;                /* 0x0000000509097290 */
                                                                                        /* 0x000fe2000fffe0ff */
        /*0ad0*/                   UMOV UR12, URZ ;                                     /* 0x000000ff000c7c82 */
                                                                                        /* 0x000fe20008000000 */
        /*0ae0*/                   UIADD3 UR8, UPT, UPT, UR8, UR6, URZ ;                /* 0x0000000608087290 */
                                                                                        /* 0x00bfd8000fffe0ff */
        /*0af0*/               @P0 ELECT P1, URZ, PT ;                                  /* 0x0000000000ff082f */
                                                                                        /* 0x000fe20003820000 */
        /*0b00*/                   UTMALDG.3D [UR8], [UR20] ;                           /* 0x00000008140075b4 */
                                                                                        /* 0x0051d80008010000 */
        /*0b10*/               @P1 PLOP3.LUT P0, PT, P1, PT, PT, 0x8, 0x80 ;            /* 0x000000000080181c */
                                                                                        /* 0x000fe40000f0e170 */
        /*0b20*/                   PLOP3.LUT P1, PT, PT, PT, PT, 0x8, 0x80 ;            /* 0x000000000080781c */
                                                                                        /* 0x000fd60003f2e170 */
        /*0b30*/               @P0 BRA.U.ANY 0xaf0 ;                                    /* 0xfffffffd00ec0947 */
                                                                                        /* 0x010fea000393ffff */
        /*0b40*/                   NOP ;                                                /* 0x0000000000007918 */
                                                                                        /* 0x000fe20000000000 */
        /*0b50*/                   BSYNC.RECONVERGENT B0 ;                              /* 0x0000000000007941 */
                                                                                        /* 0x001fea0003800200 */
        /*0b60*/                   USHF.R.U32.HI UR5, URZ, 0x1, UR4 ;                   /* 0x00000001ff057899 */
                                                                                        /* 0x000fe20008011604 */
        /*0b70*/                   USHF.L.U32 UR8, UR4, 0x3, URZ ;                      /* 0x0000000304087899 */
                                                                                        /* 0x000fe200080006ff */
        /*0b80*/                   UIADD3 UR9, UPT, UPT, UR13, 0x3000, URZ ;            /* 0x000030000d097890 */
                                                                                        /* 0x000fe2000fffe0ff */
        /*0b90*/                   ULOP3.LUT UR12, UR4, 0x1, URZ, 0xc0, !UPT ;          /* 0x00000001040c7892 */
                                                                                        /* 0x000fe2000f8ec0ff */
        /*0ba0*/                   ULOP3.LUT UR6, UR5, 0x1, URZ, 0xc0, !UPT ;           /* 0x0000000105067892 */
                                                                                        /* 0x000fe2000f8ec0ff */
        /*0bb0*/                   ULOP3.LUT UR5, UR8, 0x8, URZ, 0xc0, !UPT ;           /* 0x0000000808057892 */
                                                                                        /* 0x000fe2000f8ec0ff */
        /*0bc0*/                   ULEA UR9, UR14, UR9, 0x18 ;                          /* 0x000000090e097291 */
                                                                                        /* 0x000fc8000f8ec0ff */
        /*0bd0*/                   MOV R12, UR6 ;                                       /* 0x00000006000c7c02 */
                                                                                        /* 0x010fca0008000f00 */
        /*0be0*/                   SHF.L.U32 R12, R12, 0x1f, RZ ;                       /* 0x0000001f0c0c7819 */
                                                                                        /* 0x000fce00000006ff */
        /*0bf0*/                   MOV R13, UR5 ;                                       /* 0x00000005000d7c02 */
                                                                                        /* 0x000fc80008000f00 */
        /*0c00*/                   SYNCS.PHASECHK.TRANS64.TRYWAIT P0, [R13+UR9], R12 ;  /* 0x0000000c0d0075a7 */
                                                                                        /* 0x000e240008001109 */
        /*0c10*/              @!P0 BRA 0xbf0 ;                                          /* 0xfffffffc00f48947 */
                                                                                        /* 0x00bfea000383ffff */
        /*0c20*/                   MOV R30, UR12 ;                                      /* 0x0000000c001e7c02 */
                                                                                        /* 0x008fe20008000f00 */
        /*0c30*/                   BRA 0xfb0 ;                                          /* 0x0000000000dc7947 */
                                                                                        /* 0x000fec0003800000 */
        /*0c40*/                   LDCU UR6, c[0x0][0x39c] ;                            /* 0x00007380ff0677ac */
                                                                                        /* 0x000ea20008000800 */
        /*0c50*/                   IADD R12, R32, 0x3 ;                                 /* 0x00000003200c7835 */
                                                                                        /* 0x000fe200078e0000 */
        /*0c60*/                   SHF.R.U32.HI R25, RZ, 0x4, R25 ;                     /* 0x00000004ff197819 */
                                                                                        /* 0x000fca0000011619 */
        /*0c70*/                   IADD R19, R25, UR7 ;                                 /* 0x0000000719137c35 */
                                                                                        /* 0x000fe2000f8e0000 */
        /*0c80*/                   ISETP.GE.AND P0, PT, R12, UR6, PT ;                  /* 0x000000060c007c0c */
                                                                                        /* 0x004fca000bf06270 */
        /*0c90*/                   ISETP.GE.OR P1, PT, R19, UR15, P0 ;                  /* 0x0000000f13007c0c */
                                                                                        /* 0x000fda0008726670 */
        /*0ca0*/              @!P1 LDC.64 R16, c[0x0][0x388] ;                          /* 0x0000e200ff109b82 */
                                                                                        /* 0x001e220000000a00 */
        /*0cb0*/              @!P1 IMAD R13, R19, UR6, R32 ;                            /* 0x00000006130d9c24 */
                                                                                        /* 0x000fc8000f8e0220 */
        /*0cc0*/              @!P1 IMAD.WIDE R16, R13, 0x4, R16 ;                       /* 0x000000040d109825 */
                                                                                        /* 0x001fca00078e0210 */
        /*0cd0*/              @!P1 LDG.E.CONSTANT R12, desc[UR16][R16.64] ;             /* 0x00000010100c9981 */
                                                                                        /* 0x000ea8000c1e9900 */
        /*0ce0*/              @!P1 LDG.E.CONSTANT R13, desc[UR16][R16.64+0x4] ;         /* 0x00000410100d9981 */
                                                                                        /* 0x000ea8000c1e9900 */
        /*0cf0*/              @!P1 LDG.E.CONSTANT R14, desc[UR16][R16.64+0x8] ;         /* 0x00000810100e9981 */
                                                                                        /* 0x002ea8000c1e9900 */
        /*0d00*/              @!P1 LDG.E.CONSTANT R15, desc[UR16][R16.64+0xc] ;         /* 0x00000c10100f9981 */
                                                                                        /* 0x000ea2000c1e9900 */
        /*0d10*/                   UIADD3 UR5, UPT, UPT, UR13, 0x1000, URZ ;            /* 0x000010000d057890 */
                                                                                        /* 0x000fe2000fffe0ff */
        /*0d20*/                   IMAD.SHL.U32 R18, R3, 0x10, RZ ;                     /* 0x0000001003127824 */
                                                                                        /* 0x008fe200078e00ff */
        /*0d30*/                   BSSY.RECONVERGENT B0, 0xfb0 ;                        /* 0x0000027000007945 */
                                                                                        /* 0x000fe20003800200 */
        /*0d40*/              @!P1 MOV R30, RZ ;                                        /* 0x000000ff001e9202 */
                                                                                        /* 0x000fe20000000f00 */
        /*0d50*/                   ULEA UR5, UR14, UR5, 0x18 ;                          /* 0x000000050e057291 */
                                                                                        /* 0x000fc4000f8ec0ff */
        /*0d60*/                   LOP3.LUT R27, R18, 0xf0, RZ, 0xc0, !PT ;             /* 0x000000f0121b7812 */
                                                                                        /* 0x000fc800078ec0ff */
        /*0d70*/                   LEA R18, R25, UR5, 0x8 ;                             /* 0x0000000519127c11 */
                                                                                        /* 0x000fca000f8e40ff */
        /*0d80*/                   IADD R18, R18, R27 ;                                 /* 0x0000001b12127235 */
                                                                                        /* 0x000fca00078e0000 */
        /*0d90*/              @!P1 STS.128 [R18], R12 ;                                 /* 0x0000000c12009388 */
                                                                                        /* 0x0041e20000000c00 */
        /*0da0*/              @!P1 BRA 0xf90 ;                                          /* 0x0000000000789947 */
                                                                                        /* 0x000fea0003800000 */
        /*0db0*/                   ISETP.GE.AND P1, PT, R19, UR15, PT ;                 /* 0x0000000f13007c0c */
                                                                                        /* 0x000fda000bf26270 */
        /*0dc0*/               @P1 BRA 0xf70 ;                                          /* 0x0000000000681947 */
                                                                                        /* 0x000fea0003800000 */
        /*0dd0*/                   ISETP.GE.AND P1, PT, R32.reuse, UR6, PT ;            /* 0x0000000620007c0c */
                                                                                        /* 0x040fe2000bf26270 */
        /*0de0*/                   LDCU.64 UR8, c[0x0][0x388] ;                         /* 0x00007100ff0877ac */
                                                                                        /* 0x000e620008000a00 */
        /*0df0*/                   IADD R14, R32.reuse, 0x1 ;                           /* 0x00000001200e7835 */
                                                                                        /* 0x041fe200078e0000 */
        /*0e00*/                   IADD R15, R32, 0x2 ;                                 /* 0x00000002200f7835 */
                                                                                        /* 0x000fe200078e0000 */
        /*0e10*/                   IMAD.WIDE R16, R19, UR6, R32 ;                       /* 0x0000000613107c25 */
                                                                                        /* 0x000fc8000f8e0220 */
        /*0e20*/                   HFMA2 R25, -RZ, RZ, 0, 0 ;                           /* 0x00000000ff197431 */
                                                                                        /* 0x000fe200000001ff */
        /*0e30*/                   MOV R27, RZ ;                                        /* 0x000000ff001b7202 */
                                                                                        /* 0x000fe20000000f00 */
        /*0e40*/                   ISETP.GE.AND P2, PT, R14, UR6, PT ;                  /* 0x000000060e007c0c */
                                                                                        /* 0x000fe2000bf46270 */
        /*0e50*/                   ISETP.GE.AND P3, PT, R15, UR6, PT ;                  /* 0x000000060f007c0c */
                                                                                        /* 0x000fe4000bf66270 */
        /*0e60*/              @!P1 LDC.64 R12, c[0x0][0x388] ;                          /* 0x0000e200ff0c9b82 */
                                                                                        /* 0x000e220000000a00 */
        /*0e70*/              @!P1 IMAD R19, R19, UR6, R32 ;                            /* 0x0000000613139c24 */
                                                                                        /* 0x000fe2000f8e0220 */
        /*0e80*/                   LEA R14, P4, R16, UR8, 0x2 ;                         /* 0x00000008100e7c11 */
                                                                                        /* 0x002fc8000f8810ff */
        /*0e90*/                   LEA.HI.X R15, R16, UR9, R17, 0x2, P4 ;               /* 0x00000009100f7c11 */
                                                                                        /* 0x000fe2000a0f1411 */
        /*0ea0*/                   MOV R17, RZ ;                                        /* 0x000000ff00117202 */
                                                                                        /* 0x000fc80000000f00 */
        /*0eb0*/              @!P3 LDG.E.CONSTANT R25, desc[UR16][R14.64+0x8] ;         /* 0x000008100e19b981 */
                                                                                        /* 0x000ea8000c1e9900 */
        /*0ec0*/              @!P2 LDG.E.CONSTANT R17, desc[UR16][R14.64+0x4] ;         /* 0x000004100e11a981 */
                                                                                        /* 0x000ee8000c1e9900 */
        /*0ed0*/              @!P0 LDG.E.CONSTANT R27, desc[UR16][R14.64+0xc] ;         /* 0x00000c100e1b8981 */
                                                                                        /* 0x000f22000c1e9900 */
        /*0ee0*/              @!P1 IMAD.WIDE R12, R19, 0x4, R12 ;                       /* 0x00000004130c9825 */
                                                                                        /* 0x001fc800078e020c */
        /*0ef0*/                   HFMA2 R19, -RZ, RZ, 0, 0 ;                           /* 0x00000000ff137431 */
                                                                                        /* 0x000fcc00000001ff */
        /*0f00*/              @!P1 LDG.E.CONSTANT R19, desc[UR16][R12.64] ;             /* 0x000000100c139981 */
                                                                                        /* 0x000f62000c1e9900 */
        /*0f10*/                   HFMA2 R30, -RZ, RZ, 0, 0 ;                           /* 0x00000000ff1e7431 */
                                                                                        /* 0x000fc600000001ff */
        /*0f20*/                   STS [R18+0x8], R25 ;                                 /* 0x0000081912007388 */
                                                                                        /* 0x0043e80000000800 */
        /*0f30*/                   STS [R18+0x4], R17 ;                                 /* 0x0000041112007388 */
                                                                                        /* 0x0083e80000000800 */
        /*0f40*/                   STS [R18+0xc], R27 ;                                 /* 0x00000c1b12007388 */
                                                                                        /* 0x0103e80000000800 */
        /*0f50*/                   STS [R18], R19 ;                                     /* 0x0000001312007388 */
                                                                                        /* 0x0203e20000000800 */
        /*0f60*/                   BRA 0xf90 ;                                          /* 0x0000000000087947 */
                                                                                        /* 0x000fea0003800000 */
        /*0f70*/                   STS.128 [R18], RZ ;                                  /* 0x000000ff12007388 */
                                                                                        /* 0x0005e20000000c00 */
        /*0f80*/                   MOV R30, RZ ;                                        /* 0x000000ff001e7202 */
                                                                                        /* 0x000fce0000000f00 */
        /*0f90*/                   NOP ;                                                /* 0x0000000000007918 */
                                                                                        /* 0x000fe20000000000 */
        /*0fa0*/                   BSYNC.RECONVERGENT B0 ;                              /* 0x0000000000007941 */
                                                                                        /* 0x000fea0003800200 */
        /*0fb0*/                   BAR.SYNC.DEFER_BLOCKING 0x0 ;                        /* 0x0000000000007b1d */
                                                                                        /* 0x000fe20000010000 */
        /*0fc0*/                   UISETP.GE.AND UP1, UPT, UR7, UR15, UPT ;             /* 0x0000000f0700728c */
                                                                                        /* 0x000fd2000bf26270 */
        /*0fd0*/                   BRA.U UP1, 0x1540 ;                                  /* 0x0000000501587547 */
                                                                                        /* 0x000fea000b800000 */
        /*0fe0*/                   USHF.L.U32 UR5, UR4, 0x4, URZ ;                      /* 0x0000000404057899 */
                                                                                        /* 0x000fe200080006ff */
        /*0ff0*/                   UVIMNMX.S32 UR6, UR11, UR15, UPT ;                   /* 0x0000000f0b06724a */
                                                                                        /* 0x000fe2000bfe0100 */
        /*1000*/                   HFMA2 R25, -RZ, RZ, 0, 0 ;                           /* 0x00000000ff197431 */
                                                                                        /* 0x002fe400000001ff */
        /*1010*/                   UIADD3 UR7, UPT, UPT, UR5, 0x1, URZ ;                /* 0x0000000105077890 */
                                                                                        /* 0x000fc8000fffe0ff */
        /*1020*/                   UISETP.NE.U32.AND UP1, UPT, UR6, UR7, UPT ;          /* 0x000000070600728c */
                                                                                        /* 0x000fd2000bf25070 */
        /*1030*/                   BRA.U !UP1, 0x13b0 ;                                 /* 0x0000000109dc7547 */
                                                                                        /* 0x000fea000b800000 */
        /*1040*/                   UIADD3 UR7, UPT, UPT, UR13, 0x1000, URZ ;            /* 0x000010000d077890 */
                                                                                        /* 0x000fe2000fffe0ff */
        /*1050*/                   LEA R27, R0, UR18, 0x4 ;                             /* 0x00000012001b7c11 */
                                                                                        /* 0x000fe2000f8e20ff */
        /*1060*/                   ULOP3.LUT UR5, UR5, 0x1, UR6, 0xf8, !UPT ;           /* 0x0000000105057892 */
                                                                                        /* 0x000fe2000f8ef806 */
        /*1070*/                   MOV R25, RZ ;                                        /* 0x000000ff00197202 */
                                                                                        /* 0x000fe20000000f00 */
        /*1080*/                   ULEA UR7, UR14, UR7, 0x18 ;                          /* 0x000000070e077291 */
                                                                                        /* 0x000fe4000f8ec0ff */
        /*1090*/                   IADD R27, R27, 0x100 ;                               /* 0x000001001b1b7835 */
                                                                                        /* 0x000fe200078e0000 */
        /*10a0*/                   UIADD3 UR5, UPT, UPT, -UR6, UR5, URZ ;               /* 0x0000000506057290 */
                                                                                        /* 0x000fc6000fffe1ff */
        /*10b0*/                   LEA R13, R3, UR7, 0x4 ;                              /* 0x00000007030d7c11 */
                                                                                        /* 0x001fca000f8e20ff */
        /*10c0*/                   IMAD R13, R30, 0x1000, R13 ;                         /* 0x000010001e0d7824 */
                                                                                        /* 0x000fca00078e020d */
        /*10d0*/                   IADD R29, R13, 0x100 ;                               /* 0x000001000d1d7835 */
                                                                                        /* 0x004fce00078e0000 */
        /*10e0*/                   LDS.128 R12, [R27+-0x100] ;                          /* 0xffff00001b0c7984 */
                                                                                        /* 0x000fe20000000c00 */
        /*10f0*/                   UIADD3 UR5, UPT, UPT, UR5, 0x2, URZ ;                /* 0x0000000205057890 */
                                                                                        /* 0x000fe2000fffe0ff */
        /*1100*/                   IADD R25, R25, 0x2 ;                                 /* 0x0000000219197835 */
                                                                                        /* 0x000fe400078e0000 */
        /*1110*/                   LDS.128 R16, [R29+-0x100] ;                          /* 0xffff00001d107984 */
                                                                                        /* 0x000e220000000c00 */
        /*1120*/                   UISETP.NE.U32.AND UP1, UPT, UR5, URZ, UPT ;          /* 0x000000ff0500728c */
                                                                                        /* 0x000fe2000bf25070 */
        /*1130*/                   FFMA.FTZ R7, R12.reuse, R16, R7 ;                    /* 0x000000100c077223 */
                                                                                        /* 0x041fe20000010007 */
        /*1140*/                   FFMA.FTZ R2, R12.reuse, R17, R2 ;                    /* 0x000000110c027223 */
                                                                                        /* 0x040fe20000010002 */
        /*1150*/                   FFMA.FTZ R5, R12.reuse, R18, R5 ;                    /* 0x000000120c057223 */
                                                                                        /* 0x040fe20000010005 */
        /*1160*/                   FFMA.FTZ R8, R12, R19, R8 ;                          /* 0x000000130c087223 */
                                                                                        /* 0x000fe20000010008 */
        /*1170*/                   FFMA.FTZ R6, R13.reuse, R16, R6 ;                    /* 0x000000100d067223 */
                                                                                        /* 0x040fe20000010006 */
        /*1180*/                   FFMA.FTZ R4, R13.reuse, R17, R4 ;                    /* 0x000000110d047223 */
                                                                                        /* 0x040fe20000010004 */
        /*1190*/                   FFMA.FTZ R9, R13.reuse, R18, R9 ;                    /* 0x000000120d097223 */
                                                                                        /* 0x040fe20000010009 */
        /*11a0*/                   FFMA.FTZ R10, R13, R19, R10 ;                        /* 0x000000130d0a7223 */
                                                                                        /* 0x000fe2000001000a */
        /*11b0*/                   FFMA.FTZ R11, R14.reuse, R16, R11 ;                  /* 0x000000100e0b7223 */
                                                                                        /* 0x040fe2000001000b */
        /*11c0*/                   FFMA.FTZ R20, R14.reuse, R17, R20 ;                  /* 0x000000110e147223 */
                                                                                        /* 0x040fe20000010014 */
        /*11d0*/                   FFMA.FTZ R21, R14.reuse, R18, R21 ;                  /* 0x000000120e157223 */
                                                                                        /* 0x040fe20000010015 */
        /*11e0*/                   FFMA.FTZ R22, R14, R19, R22 ;                        /* 0x000000130e167223 */
                                                                                        /* 0x000fe20000010016 */
        /*11f0*/                   FFMA.FTZ R24, R15.reuse, R16, R24 ;                  /* 0x000000100f187223 */
                                                                                        /* 0x040fe20000010018 */
        /*1200*/                   FFMA.FTZ R26, R15.reuse, R17, R26 ;                  /* 0x000000110f1a7223 */
                                                                                        /* 0x040fe2000001001a */
        /*1210*/                   FFMA.FTZ R23, R15.reuse, R18, R23 ;                  /* 0x000000120f177223 */
                                                                                        /* 0x040fe20000010017 */
        /*1220*/                   FFMA.FTZ R28, R15, R19, R28 ;                        /* 0x000000130f1c7223 */
                                                                                        /* 0x000fc4000001001c */
        /*1230*/                   LDS.128 R12, [R27] ;                                 /* 0x000000001b0c7984 */
                                                                                        /* 0x0001e80000000c00 */
        /*1240*/                   LDS.128 R16, [R29] ;                                 /* 0x000000001d107984 */
                                                                                        /* 0x0002a20000000c00 */
        /*1250*/                   IADD R27, R27, 0x200 ;                               /* 0x000002001b1b7835 */
                                                                                        /* 0x001fe200078e0000 */
        /*1260*/                   IADD R29, R29, 0x200 ;                               /* 0x000002001d1d7835 */
                                                                                        /* 0x002fe200078e0000 */
        /*1270*/                   FFMA.FTZ R7, R12.reuse, R16, R7 ;                    /* 0x000000100c077223 */
                                                                                        /* 0x044fe20000010007 */
        /*1280*/                   FFMA.FTZ R2, R12.reuse, R17, R2 ;                    /* 0x000000110c027223 */
                                                                                        /* 0x040fe20000010002 */
        /*1290*/                   FFMA.FTZ R5, R12.reuse, R18, R5 ;                    /* 0x000000120c057223 */
                                                                                        /* 0x040fe20000010005 */
        /*12a0*/                   FFMA.FTZ R8, R12, R19, R8 ;                          /* 0x000000130c087223 */
                                                                                        /* 0x000fe20000010008 */
        /*12b0*/                   FFMA.FTZ R6, R13.reuse, R16, R6 ;                    /* 0x000000100d067223 */
                                                                                        /* 0x040fe20000010006 */
        /*12c0*/                   FFMA.FTZ R4, R13.reuse, R17, R4 ;                    /* 0x000000110d047223 */
                                                                                        /* 0x040fe20000010004 */
        /*12d0*/                   FFMA.FTZ R9, R13.reuse, R18, R9 ;                    /* 0x000000120d097223 */
                                                                                        /* 0x040fe20000010009 */
        /*12e0*/                   FFMA.FTZ R10, R13, R19, R10 ;                        /* 0x000000130d0a7223 */
                                                                                        /* 0x000fe2000001000a */
        /*12f0*/                   FFMA.FTZ R11, R14.reuse, R16, R11 ;                  /* 0x000000100e0b7223 */
                                                                                        /* 0x040fe2000001000b */
        /*1300*/                   FFMA.FTZ R20, R14.reuse, R17, R20 ;                  /* 0x000000110e147223 */
                                                                                        /* 0x040fe20000010014 */
        /*1310*/                   FFMA.FTZ R21, R14.reuse, R18, R21 ;                  /* 0x000000120e157223 */
                                                                                        /* 0x040fe20000010015 */
        /*1320*/                   FFMA.FTZ R22, R14, R19, R22 ;                        /* 0x000000130e167223 */
                                                                                        /* 0x000fe20000010016 */
        /*1330*/                   FFMA.FTZ R24, R15.reuse, R16, R24 ;                  /* 0x000000100f187223 */
                                                                                        /* 0x040fe20000010018 */
        /*1340*/                   FFMA.FTZ R26, R15.reuse, R17, R26 ;                  /* 0x000000110f1a7223 */
                                                                                        /* 0x040fe2000001001a */
        /*1350*/                   FFMA.FTZ R23, R15.reuse, R18, R23 ;                  /* 0x000000120f177223 */
                                                                                        /* 0x040fe20000010017 */
        /*1360*/                   FFMA.FTZ R28, R15, R19, R28 ;                        /* 0x000000130f1c7223 */
                                                                                        /* 0x000fe2000001001c */
        /*1370*/                   BRA.U UP1, 0x10e0 ;                                  /* 0xfffffffd01587547 */
                                                                                        /* 0x000fec000b83ffff */
        /*1380*/                   UVIMNMX.S32 UR5, UR11, UR15, UPT ;                   /* 0x0000000f0b05724a */
                                                                                        /* 0x000fc8000bfe0100 */
        /*1390*/                   ULOP3.LUT UP1, URZ, UR5, 0x1, URZ, 0xc0, !UPT ;      /* 0x0000000105ff7892 */
                                                                                        /* 0x000fd2000f82c0ff */
        /*13a0*/                   BRA.U !UP1, 0x1540 ;                                 /* 0x0000000109647547 */
                                                                                        /* 0x000fea000b800000 */
        /*13b0*/                   UIADD3 UR13, UPT, UPT, UR13, 0x1000, URZ ;           /* 0x000010000d0d7890 */
                                                                                        /* 0x000fe2000fffe0ff */
        /*13c0*/                   LEA R13, R25, UR18, 0x8 ;                            /* 0x00000012190d7c11 */
                                                                                        /* 0x001fc6000f8e40ff */
        /*13d0*/                   ULEA UR13, UR14, UR13, 0x18 ;                        /* 0x0000000d0e0d7291 */
                                                                                        /* 0x000fe4000f8ec0ff */
        /*13e0*/                   IMAD R13, R0, 0x10, R13 ;                            /* 0x00000010000d7824 */
                                                                                        /* 0x000fc800078e020d */
        /*13f0*/                   LEA R30, R30, UR13, 0xc ;                            /* 0x0000000d1e1e7c11 */
                                                                                        /* 0x000fe4000f8e60ff */
        /*1400*/                   LDS.128 R12, [R13] ;                                 /* 0x000000000d0c7984 */
                                                                                        /* 0x000fe60000000c00 */
        /*1410*/                   IMAD R30, R25, 0x100, R30 ;                          /* 0x00000100191e7824 */
                                                                                        /* 0x000fc800078e021e */
        /*1420*/                   IMAD R16, R3, 0x10, R30 ;                            /* 0x0000001003107824 */
                                                                                        /* 0x000fcc00078e021e */
        /*1430*/                   LDS.128 R16, [R16] ;                                 /* 0x0000000010107984 */
                                                                                        /* 0x004e240000000c00 */
        /*1440*/                   FFMA.FTZ R7, R12.reuse, R16, R7 ;                    /* 0x000000100c077223 */
                                                                                        /* 0x041fe20000010007 */
        /*1450*/                   FFMA.FTZ R2, R12.reuse, R17, R2 ;                    /* 0x000000110c027223 */
                                                                                        /* 0x040fe20000010002 */
        /*1460*/                   FFMA.FTZ R5, R12.reuse, R18, R5 ;                    /* 0x000000120c057223 */
                                                                                        /* 0x040fe20000010005 */
        /*1470*/                   FFMA.FTZ R8, R12, R19, R8 ;                          /* 0x000000130c087223 */
                                                                                        /* 0x000fe20000010008 */
        /*1480*/                   FFMA.FTZ R6, R13.reuse, R16, R6 ;                    /* 0x000000100d067223 */
                                                                                        /* 0x040fe20000010006 */
        /*1490*/                   FFMA.FTZ R4, R13.reuse, R17, R4 ;                    /* 0x000000110d047223 */
                                                                                        /* 0x040fe20000010004 */
        /*14a0*/                   FFMA.FTZ R9, R13.reuse, R18, R9 ;                    /* 0x000000120d097223 */
                                                                                        /* 0x040fe20000010009 */
        /*14b0*/                   FFMA.FTZ R10, R13, R19, R10 ;                        /* 0x000000130d0a7223 */
                                                                                        /* 0x000fe2000001000a */
        /*14c0*/                   FFMA.FTZ R11, R14.reuse, R16, R11 ;                  /* 0x000000100e0b7223 */
                                                                                        /* 0x040fe2000001000b */
        /*14d0*/                   FFMA.FTZ R20, R14.reuse, R17, R20 ;                  /* 0x000000110e147223 */
                                                                                        /* 0x040fe20000010014 */
        /*14e0*/                   FFMA.FTZ R21, R14.reuse, R18, R21 ;                  /* 0x000000120e157223 */
                                                                                        /* 0x040fe20000010015 */
        /*14f0*/                   FFMA.FTZ R22, R14, R19, R22 ;                        /* 0x000000130e167223 */
                                                                                        /* 0x000fe20000010016 */
        /*1500*/                   FFMA.FTZ R24, R15.reuse, R16, R24 ;                  /* 0x000000100f187223 */
                                                                                        /* 0x040fe20000010018 */
        /*1510*/                   FFMA.FTZ R26, R15.reuse, R17, R26 ;                  /* 0x000000110f1a7223 */
                                                                                        /* 0x040fe2000001001a */
        /*1520*/                   FFMA.FTZ R23, R15.reuse, R18, R23 ;                  /* 0x000000120f177223 */
                                                                                        /* 0x040fe20000010017 */
        /*1530*/                   FFMA.FTZ R28, R15, R19, R28 ;                        /* 0x000000130f1c7223 */
                                                                                        /* 0x000fce000001001c */
        /*1540*/                   BAR.SYNC.DEFER_BLOCKING 0x0 ;                        /* 0x0000000000007b1d */
                                                                                        /* 0x000fe20000010000 */
        /*1550*/                   UIADD3 UR5, UPT, UPT, UR15, -0x1, URZ ;              /* 0xffffffff0f057890 */
                                                                                        /* 0x000fc8000fffe0ff */
        /*1560*/                   USHF.R.U32.HI UR6, URZ, 0x4, UR5 ;                   /* 0x00000004ff067899 */
                                                                                        /* 0x000fe20008011605 */
        /*1570*/                   UIADD3 UR5, UPT, UPT, UR4, 0x1, URZ ;                /* 0x0000000104057890 */
                                                                                        /* 0x000fc6000fffe0ff */
        /*1580*/                   UISETP.NE.U32.AND UP1, UPT, UR4, UR6, UPT ;          /* 0x000000060400728c */
                                                                                        /* 0x000fc8000bf25070 */
        /*1590*/                   UMOV UR4, UR5 ;                                      /* 0x0000000500047c82 */
                                                                                        /* 0x000fca0008000000 */
        /*15a0*/                   BRA.U UP1, 0x460 ;                                   /* 0xffffffed01ac7547 */
                                                                                        /* 0x000fea000b83ffff */
        /*15b0*/                   S2R R13, SR_CTAID.Y ;                                /* 0x00000000000d7919 */
                                                                                        /* 0x001f220000002600 */
        /*15c0*/                   LDCU.64 UR8, c[0x0][0x398] ;                         /* 0x00007300ff0877ac */
                                                                                        /* 0x000e220008000a00 */
        /*15d0*/                   LEA R12, R3, UR10, 0x2 ;                             /* 0x0000000a030c7c11 */
                                                                                        /* 0x004fe2000f8e10ff */
        /*15e0*/                   LDCU.64 UR6, c[0x0][0x390] ;                         /* 0x00007200ff0677ac */
                                                                                        /* 0x000ea80008000a00 */
        /*15f0*/                   IADD R14, R12.reuse, 0x1 ;                           /* 0x000000010c0e7835 */
                                                                                        /* 0x042fe200078e0000 */
        /*1600*/                   IADD R25, R12.reuse, 0x3 ;                           /* 0x000000030c197835 */
                                                                                        /* 0x040fe200078e0000 */
        /*1610*/                   ISETP.GE.AND P1, PT, R12.reuse, UR9, PT ;            /* 0x000000090c007c0c */
                                                                                        /* 0x041fe2000bf26270 */
        /*1620*/                   ISETP.GE.AND P0, PT, R12, UR9, PT ;                  /* 0x000000090c007c0c */
                                                                                        /* 0x000fc4000bf06270 */
        /*1630*/                   ISETP.GE.AND P3, PT, R14, UR9, PT ;                  /* 0x000000090e007c0c */
                                                                                        /* 0x000fe2000bf66270 */
        /*1640*/                   IADD R14, R12, 0x2 ;                                 /* 0x000000020c0e7835 */
                                                                                        /* 0x000fca00078e0000 */
        /*1650*/                   ISETP.GE.AND P2, PT, R14, UR9, PT ;                  /* 0x000000090e007c0c */
                                                                                        /* 0x000fe2000bf46270 */
        /*1660*/                   IMAD R0, R13, 0x10, R0 ;                             /* 0x000000100d007824 */
                                                                                        /* 0x010fe200078e0200 */
        /*1670*/                   SHF.R.S32.HI R13, RZ, 0x1f, R12 ;                    /* 0x0000001fff0d7819 */
                                                                                        /* 0x000fc6000001140c */
        /*1680*/                   IMAD.SHL.U32 R0, R0, 0x4, RZ ;                       /* 0x0000000400007824 */
                                                                                        /* 0x000fc800078e00ff */
        /*1690*/                   IMAD R30, R0.reuse, UR9, RZ ;                        /* 0x00000009001e7c24 */
                                                                                        /* 0x040fe2000f8e02ff */
        /*16a0*/                   ISETP.LT.AND P1, PT, R0.reuse, UR8, !P1 ;            /* 0x0000000800007c0c */
                                                                                        /* 0x040fe2000cf21270 */
        /*16b0*/                   IADD R3, R0.reuse, 0x1 ;                             /* 0x0000000100037835 */
                                                                                        /* 0x040fe200078e0000 */
        /*16c0*/                   ISETP.GE.OR P5, PT, R0, UR8, P3 ;                    /* 0x0000000800007c0c */
                                                                                        /* 0x000fe40009fa6670 */
        /*16d0*/                   SHF.R.S32.HI R31, RZ, 0x1f, R30 ;                    /* 0x0000001fff1f7819 */
                                                                                        /* 0x000fe4000001141e */
        /*16e0*/                   ISETP.GE.OR P6, PT, R3, UR8, P0 ;                    /* 0x0000000803007c0c */
                                                                                        /* 0x000fc600087c6670 */
        /*16f0*/                   IADD.64 R18, R30, R12 ;                              /* 0x0000000c1e127235 */
                                                                                        /* 0x000fc800078e0200 */
        /*1700*/               @P1 LDC.64 R32, c[0x0][0x390] ;                          /* 0x0000e400ff201b82 */
                                                                                        /* 0x000e220000000a00 */
        /*1710*/               @P1 IADD R15, R12, R30 ;                                 /* 0x0000001e0c0f1235 */
                                                                                        /* 0x000fe200078e0000 */
        /*1720*/                   LEA R16, P4, R18, UR6, 0x2 ;                         /* 0x0000000612107c11 */
                                                                                        /* 0x004fe2000f8810ff */
        /*1730*/                   IADD R30, R30, UR9 ;                                 /* 0x000000091e1e7c35 */
                                                                                        /* 0x000fc6000f8e0000 */
        /*1740*/                   LEA.HI.X R17, R18, UR7, R19, 0x2, P4 ;               /* 0x0000000712117c11 */
                                                                                        /* 0x000fe2000a0f1413 */
        /*1750*/                   ISETP.GE.OR P4, PT, R0, UR8, P2 ;                    /* 0x0000000800007c0c */
                                                                                        /* 0x000fe20009786670 */
        /*1760*/              @!P6 IADD R19, R12, R30 ;                                 /* 0x0000001e0c13e235 */
                                                                                        /* 0x000fe200078e0000 */
        /*1770*/                   SHF.R.S32.HI R31, RZ, 0x1f, R30 ;                    /* 0x0000001fff1f7819 */
                                                                                        /* 0x000fe2000001141e */
        /*1780*/               @P1 IMAD.WIDE R32, R15, 0x4, R32 ;                       /* 0x000000040f201825 */
                                                                                        /* 0x001fe400078e0220 */
        /*1790*/              @!P6 LDC.64 R14, c[0x0][0x390] ;                          /* 0x0000e400ff0eeb82 */
                                                                                        /* 0x000e260000000a00 */
        /*17a0*/               @P1 STG.E desc[UR16][R32.64], R7 ;                       /* 0x0000000720001986 */
                                                                                        /* 0x0003e2000c101910 */
        /*17b0*/                   ISETP.GE.AND P1, PT, R25, UR9, PT ;                  /* 0x0000000919007c0c */
                                                                                        /* 0x000fe2000bf26270 */
        /*17c0*/                   IADD R25, R0, 0x2 ;                                  /* 0x0000000200197835 */
                                                                                        /* 0x000fc400078e0000 */
        /*17d0*/              @!P5 STG.E desc[UR16][R16.64+0x4], R2 ;                   /* 0x000004021000d986 */
                                                                                        /* 0x000fe4000c101910 */
        /*17e0*/                   ISETP.GE.OR P5, PT, R0.reuse, UR8, P1 ;              /* 0x0000000800007c0c */
                                                                                        /* 0x040fe20008fa6670 */
        /*17f0*/                   IADD R0, R0, 0x3 ;                                   /* 0x0000000300007835 */
                                                                                        /* 0x000fe200078e0000 */
        /*1800*/              @!P4 STG.E desc[UR16][R16.64+0x8], R5 ;                   /* 0x000008051000c986 */
                                                                                        /* 0x0005e2000c101910 */
        /*1810*/                   ISETP.GE.OR P4, PT, R25, UR8, P0 ;                   /* 0x0000000819007c0c */
                                                                                        /* 0x000fc60008786670 */
        /*1820*/                   ISETP.GE.OR P0, PT, R0, UR8, P0 ;                    /* 0x0000000800007c0c */
                                                                                        /* 0x000fce0008706670 */
        /*1830*/              @!P5 STG.E desc[UR16][R16.64+0xc], R8 ;                   /* 0x00000c081000d986 */
                                                                                        /* 0x000fe2000c101910 */
        /*1840*/                   ISETP.GE.OR P5, PT, R3, UR8, P3 ;                    /* 0x0000000803007c0c */
                                                                                        /* 0x000fe20009fa6670 */
        /*1850*/              @!P6 IMAD.WIDE R18, R19, 0x4, R14 ;                       /* 0x000000041312e825 */
                                                                                        /* 0x001fe200078e020e */
        /*1860*/                   IADD.64 R14, R12, R30 ;                              /* 0x0000001e0c0e7235 */
                                                                                        /* 0x000fe400078e0200 */
        /*1870*/              @!P4 LDC.64 R32, c[0x0][0x390] ;                          /* 0x0000e400ff20cb82 */
                                                                                        /* 0x002e220000000a00 */
        /*1880*/                   IADD R30, R30, UR9 ;                                 /* 0x000000091e1e7c35 */
                                                                                        /* 0x000fe2000f8e0000 */
        /*1890*/              @!P6 STG.E desc[UR16][R18.64], R6 ;                       /* 0x000000061200e986 */
                                                                                        /* 0x0003e2000c101910 */
        /*18a0*/                   LEA R34, P6, R14, UR6, 0x2 ;                         /* 0x000000060e227c11 */
                                                                                        /* 0x000fc6000f8c10ff */
        /*18b0*/                   SHF.R.S32.HI R31, RZ, 0x1f, R30 ;                    /* 0x0000001fff1f7819 */
                                                                                        /* 0x000fe4000001141e */
        /*18c0*/                   LEA.HI.X R35, R14, UR7, R15, 0x2, P6 ;               /* 0x000000070e237c11 */
                                                                                        /* 0x000fe2000b0f140f */
        /*18d0*/                   ISETP.GE.OR P6, PT, R3, UR8, P2 ;                    /* 0x0000000803007c0c */
                                                                                        /* 0x000fe200097c6670 */
        /*18e0*/              @!P4 IADD R5, R12, R30 ;                                  /* 0x0000001e0c05c235 */
                                                                                        /* 0x004fc600078e0000 */
        /*18f0*/              @!P5 STG.E desc[UR16][R34.64+0x4], R4 ;                   /* 0x000004042200d986 */
                                                                                        /* 0x0005e2000c101910 */
        /*1900*/                   ISETP.GE.OR P5, PT, R3, UR8, P1 ;                    /* 0x0000000803007c0c */
                                                                                        /* 0x000fe20008fa6670 */
        /*1910*/                   IADD.64 R6, R12, R30 ;                               /* 0x0000001e0c067235 */
                                                                                        /* 0x002fe400078e0200 */
        /*1920*/              @!P0 LDC.64 R2, c[0x0][0x390] ;                           /* 0x0000e400ff028b82 */
                                                                                        /* 0x000e620000000a00 */
        /*1930*/                   IADD R30, R30, UR9 ;                                 /* 0x000000091e1e7c35 */
                                                                                        /* 0x000fc8000f8e0000 */
        /*1940*/              @!P6 STG.E desc[UR16][R34.64+0x8], R9 ;                   /* 0x000008092200e986 */
                                                                                        /* 0x0007e2000c101910 */
        /*1950*/              @!P4 IMAD.WIDE R32, R5, 0x4, R32 ;                        /* 0x000000040520c825 */
                                                                                        /* 0x001fe200078e0220 */
        /*1960*/                   LEA R14, P6, R6, UR6, 0x2 ;                          /* 0x00000006060e7c11 */
                                                                                        /* 0x000fc6000f8c10ff */
        /*1970*/              @!P5 STG.E desc[UR16][R34.64+0xc], R10 ;                  /* 0x00000c0a2200d986 */
                                                                                        /* 0x0007e2000c101910 */
        /*1980*/                   ISETP.GE.OR P5, PT, R25.reuse, UR8, P3 ;             /* 0x0000000819007c0c */
                                                                                        /* 0x040fe20009fa6670 */
        /*1990*/                   SHF.R.S32.HI R31, RZ, 0x1f, R30 ;                    /* 0x0000001fff1f7819 */
                                                                                        /* 0x000fe4000001141e */
        /*19a0*/                   LEA.HI.X R15, R6, UR7, R7, 0x2, P6 ;                 /* 0x00000007060f7c11 */
                                                                                        /* 0x000fe2000b0f1407 */
        /*19b0*/              @!P4 STG.E desc[UR16][R32.64], R11 ;                      /* 0x0000000b2000c986 */
                                                                                        /* 0x0007e2000c101910 */
        /*19c0*/                   ISETP.GE.OR P4, PT, R25.reuse, UR8, P2 ;             /* 0x0000000819007c0c */
                                                                                        /* 0x040fe20009786670 */
        /*19d0*/                   ISETP.GE.OR P6, PT, R25, UR8, P1 ;                   /* 0x0000000819007c0c */
                                                                                        /* 0x000fe20008fc6670 */
        /*19e0*/              @!P0 IADD R5, R12.reuse, R30.reuse ;                      /* 0x0000001e0c058235 */
                                                                                        /* 0x0c0fe200078e0000 */
        /*19f0*/                   IADD.64 R12, R12, R30 ;                              /* 0x0000001e0c0c7235 */
                                                                                        /* 0x000fe400078e0200 */
        /*1a00*/                   ISETP.GE.OR P3, PT, R0.reuse, UR8, P3 ;              /* 0x0000000800007c0c */
                                                                                        /* 0x040fe20009f66670 */
        /*1a10*/                   ISETP.GE.OR P2, PT, R0.reuse, UR8, P2 ;              /* 0x0000000800007c0c */
                                                                                        /* 0x040fe20009746670 */
        /*1a20*/                   ISETP.GE.OR P1, PT, R0, UR8, P1 ;                    /* 0x0000000800007c0c */
                                                                                        /* 0x000fe20008f26670 */
        /*1a30*/              @!P5 STG.E desc[UR16][R14.64+0x4], R20 ;                  /* 0x000004140e00d986 */
                                                                                        /* 0x0007e2000c101910 */
        /*1a40*/                   LEA R4, P5, R12, UR6, 0x2 ;                          /* 0x000000060c047c11 */
                                                                                        /* 0x004fe2000f8a10ff */
        /*1a50*/              @!P0 IMAD.WIDE R2, R5, 0x4, R2 ;                          /* 0x0000000405028825 */
                                                                                        /* 0x002fc600078e0202 */
        /*1a60*/                   LEA.HI.X R5, R12, UR7, R13, 0x2, P5 ;                /* 0x000000070c057c11 */
                                                                                        /* 0x000fe2000a8f140d */
        /*1a70*/              @!P4 STG.E desc[UR16][R14.64+0x8], R21 ;                  /* 0x000008150e00c986 */
                                                                                        /* 0x0007e8000c101910 */
        /*1a80*/              @!P6 STG.E desc[UR16][R14.64+0xc], R22 ;                  /* 0x00000c160e00e986 */
                                                                                        /* 0x0007e8000c101910 */
        /*1a90*/              @!P0 STG.E desc[UR16][R2.64], R24 ;                       /* 0x0000001802008986 */
                                                                                        /* 0x0007e8000c101910 */
        /*1aa0*/              @!P3 STG.E desc[UR16][R4.64+0x4], R26 ;                   /* 0x0000041a0400b986 */
                                                                                        /* 0x0007e8000c101910 */
        /*1ab0*/              @!P2 STG.E desc[UR16][R4.64+0x8], R23 ;                   /* 0x000008170400a986 */
                                                                                        /* 0x0007e2000c101910 */
        /*1ac0*/               @P1 EXIT ;                                               /* 0x000000000000194d */
                                                                                        /* 0x000fea0003800000 */
        /*1ad0*/                   STG.E desc[UR16][R4.64+0xc], R28 ;                   /* 0x00000c1c04007986 */
                                                                                        /* 0x000fe2000c101910 */
        /*1ae0*/                   EXIT ;                                               /* 0x000000000000794d */
                                                                                        /* 0x000fea0003800000 */
        /*1af0*/                   BRA 0x1af0;                                          /* 0xfffffffc00fc7947 */
                                                                                        /* 0x000fc0000383ffff */
        /*1b00*/                   NOP;                                                 /* 0x0000000000007918 */
                                                                                        /* 0x000fc00000000000 */
        /*1b10*/                   NOP;                                                 /* 0x0000000000007918 */
                                                                                        /* 0x000fc00000000000 */
        /*1b20*/                   NOP;                                                 /* 0x0000000000007918 */
                                                                                        /* 0x000fc00000000000 */
        /*1b30*/                   NOP;                                                 /* 0x0000000000007918 */
                                                                                        /* 0x000fc00000000000 */
        /*1b40*/                   NOP;                                                 /* 0x0000000000007918 */
                                                                                        /* 0x000fc00000000000 */
        /*1b50*/                   NOP;                                                 /* 0x0000000000007918 */
                                                                                        /* 0x000fc00000000000 */
        /*1b60*/                   NOP;                                                 /* 0x0000000000007918 */
                                                                                        /* 0x000fc00000000000 */
        /*1b70*/                   NOP;                                                 /* 0x0000000000007918 */
                                                                                        /* 0x000fc00000000000 */
		..........


		Function : _Z19register_tiled_gemmILb0ELb1EEvPKfS1_PfiiiPK14CUtensorMap_st
	.headerflags	@"EF_CUDA_SM120 EF_CUDA_VIRTUAL_SM(EF_CUDA_SM120)"
        /*0000*/                   LDC R1, c[0x0][0x37c] ;                              /* 0x0000df00ff017b82 */
                                                                                        /* 0x000ff00000000800 */
        /*0010*/                   S2UR UR10, SR_CTAID.X ;                              /* 0x00000000000a79c3 */
                                                                                        /* 0x000e220000002500 */
        /*0020*/                   LDCU UR13, c[0x0][0x3a0] ;                           /* 0x00007400ff0d77ac */
                                                                                        /* 0x000e620008000800 */
        /*0030*/                   S2R R3, SR_TID.X ;                                   /* 0x0000000000037919 */
                                                                                        /* 0x000ea20000002100 */
        /*0040*/                   LDCU UR5, c[0x0][0x39c] ;                            /* 0x00007380ff0577ac */
                                                                                        /* 0x000ee20008000800 */
        /*0050*/                   S2R R0, SR_TID.Y ;                                   /* 0x0000000000007919 */
                                                                                        /* 0x000f220000002200 */
        /*0060*/                   ULOP3.LUT UP0, URZ, UR13, 0xf, URZ, 0xc0, !UPT ;     /* 0x0000000f0dff7892 */
                                                                                        /* 0x002fe2000f80c0ff */
        /*0070*/                   USHF.L.U32 UR10, UR10, 0x6, URZ ;                    /* 0x000000060a0a7899 */
                                                                                        /* 0x001fc800080006ff */
        /*0080*/                   UIADD3 UR4, UPT, UPT, UR10, 0x40, URZ ;              /* 0x000000400a047890 */
                                                                                        /* 0x000fc8000fffe0ff */
        /*0090*/                   UISETP.LE.AND UP0, UPT, UR4, UR5, !UP0 ;             /* 0x000000050400728c */
                                                                                        /* 0x008fd2000c703270 */
        /*00a0*/                   BRA.U !UP0, 0x320 ;                                  /* 0x00000001089c7547 */
                                                                                        /* 0x000fea000b800000 */
        /*00b0*/                   IMAD R2, R0, 0x10, R3 ;                              /* 0x0000001000027824 */
                                                                                        /* 0x014fe200078e0203 */
        /*00c0*/                   UMOV UR4, 0x1 ;                                      /* 0x0000000100047882 */
                                                                                        /* 0x000fe20000000000 */
        /*00d0*/                   BSSY.RECONVERGENT B0, 0x320 ;                        /* 0x0000024000007945 */
                                                                                        /* 0x000fe60003800200 */
        /*00e0*/                   ISETP.NE.U32.AND P0, PT, R2, RZ, PT ;                /* 0x000000ff0200720c */
                                                                                        /* 0x000fda0003f05070 */
        /*00f0*/              @!P0 S2R R5, SR_CgaCtaId ;                                /* 0x0000000000058919 */
                                                                                        /* 0x000e220000008800 */
        /*0100*/              @!P0 MOV R2, 0x400 ;                                      /* 0x0000040000028802 */
                                                                                        /* 0x000fe20000000f00 */
        /*0110*/                   VOTEU.ALL UP1, P0 ;                                  /* 0x0000000000ff7886 */
                                                                                        /* 0x000fe20000020000 */
        /*0120*/                   VOTEU.ALL UP2, P0 ;                                  /* 0x0000000000ff7886 */
                                                                                        /* 0x000fc60000040000 */
        /*0130*/              @!P0 IADD R2, R2, 0x3000 ;                                /* 0x0000300002028835 */
                                                                                        /* 0x000fe200078e0000 */
        /*0140*/                   @!UP1 UIADD3 UR4, UPT, UPT, -UR4, 0x100000, URZ ;    /* 0x0010000004049890 */
                                                                                        /* 0x000fc8000fffe1ff */
        /*0150*/                   @!UP1 USHF.L.U32 UR5, UR4, 0xb, URZ ;                /* 0x0000000b04059899 */
                                                                                        /* 0x000fe200080006ff */
        /*0160*/                   @!UP1 USHF.L.U32 UR4, UR4, 0x1, URZ ;                /* 0x0000000104049899 */
                                                                                        /* 0x000fe200080006ff */
        /*0170*/                   VOTEU.ALL UP1, P0 ;                                  /* 0x0000000000ff7886 */
                                                                                        /* 0x000fe20000020000 */
        /*0180*/              @!P0 LEA R2, R5, R2, 0x18 ;                               /* 0x0000000205028211 */
                                                                                        /* 0x001fc800078ec0ff */
        /*0190*/              @!P0 R2UR UR6, R2 ;                                       /* 0x00000000020682ca */
                                                                                        /* 0x000fe200000e0000 */
        /*01a0*/                   FENCE.VIEW.ASYNC.S ;                                 /* 0x00000000000073c6 */
                                                                                        /* 0x000e180000000000 */
        /*01b0*/                   @!UP1 SYNCS.EXCH.64 URZ, [UR6], UR4 ;                /* 0x0000000406ff95b2 */
                                                                                        /* 0x0010620008000100 */
        /*01c0*/                   @!UP2 SYNCS.EXCH.64 URZ, [UR6+0x8], UR4 ;            /* 0x0000080406ffa5b2 */
                                                                                        /* 0x0004640008000100 */
        /*01d0*/                   BAR.SYNC.DEFER_BLOCKING 0x0 ;                        /* 0x0000000000007b1d */
                                                                                        /* 0x002fec0000010000 */
        /*01e0*/               @P0 BRA 0x300 ;                                          /* 0x0000000000440947 */
                                                                                        /* 0x000fea0003800000 */
        /*01f0*/                   S2UR UR4, SR_CgaCtaId ;                              /* 0x00000000000479c3 */
                                                                                        /* 0x005e220000008800 */
        /*0200*/                   UMOV UR8, 0x400 ;                                    /* 0x0000040000087882 */
                                                                                        /* 0x000fe20000000000 */
        /*0210*/                   HFMA2 R2, -RZ, RZ, 0, 0.00048828125 ;                /* 0x00001000ff027431 */
                                                                                        /* 0x000fe200000001ff */
        /*0220*/                   UIADD3 UR9, UPT, UPT, UR8, 0x3000, URZ ;             /* 0x0000300008097890 */
                                                                                        /* 0x000fe2000fffe0ff */
        /*0230*/                   UIADD3 UR8, UPT, UPT, UR8, 0x1000, URZ ;             /* 0x0000100008087890 */
                                                                                        /* 0x000fe2000fffe0ff */
        /*0240*/                   PLOP3.LUT P0, PT, PT, PT, PT, 0x80, 0x8 ;            /* 0x000000000008781c */
                                                                                        /* 0x000fe20003f0f070 */
        /*0250*/                   LDCU.64 UR6, c[0x0][0x3a8] ;                         /* 0x00007500ff0677ac */
                                                                                        /* 0x000e620008000a00 */
        /*0260*/                   UMOV UR11, URZ ;                                     /* 0x000000ff000b7c82 */
                                                                                        /* 0x000fe20008000000 */
        /*0270*/                   UMOV UR12, URZ ;                                     /* 0x000000ff000c7c82 */
                                                                                        /* 0x000fe20008000000 */
        /*0280*/                   ULEA UR9, UR4, UR9, 0x18 ;                           /* 0x0000000904097291 */
                                                                                        /* 0x001fe2000f8ec0ff */
        /*0290*/                   ULEA UR8, UR4, UR8, 0x18 ;                           /* 0x0000000804087291 */
                                                                                        /* 0x000fd0000f8ec0ff */
        /*02a0*/                   SYNCS.ARRIVE.TRANS64 RZ, [UR9], R2 ;                 /* 0x00000002ffff79a7 */
                                                                                        /* 0x0021e80008000009 */
        /*02b0*/               @P0 ELECT P1, URZ, PT ;                                  /* 0x0000000000ff082f */
                                                                                        /* 0x000fe20003820000 */
        /*02c0*/                   UTMALDG.3D [UR8], [UR6] ;                            /* 0x00000008060075b4 */
                                                                                        /* 0x0023d80008010000 */
        /*02d0*/               @P1 PLOP3.LUT P0, PT, P1, PT, PT, 0x8, 0x80 ;            /* 0x000000000080181c */
                                                                                        /* 0x000fe40000f0e170 */
        /*02e0*/                   PLOP3.LUT P1, PT, PT, PT, PT, 0x8, 0x80 ;            /* 0x000000000080781c */
                                                                                        /* 0x000fd60003f2e170 */
        /*02f0*/               @P0 BRA.U.ANY 0x2b0 ;                                    /* 0xfffffffd00ec0947 */
                                                                                        /* 0x001fea000393ffff */
        /*0300*/                   NOP ;                                                /* 0x0000000000007918 */
                                                                                        /* 0x000fe20000000000 */
        /*0310*/                   BSYNC.RECONVERGENT B0 ;                              /* 0x0000000000007941 */
                                                                                        /* 0x007fea0003800200 */
        /*0320*/                   UISETP.GE.AND UP1, UPT, UR13, 0x1, UPT ;             /* 0x000000010d00788c */
                                                                                        /* 0x000fe2000bf26270 */
        /*0330*/                   HFMA2 R28, -RZ, RZ, 0, 0 ;                           /* 0x00000000ff1c7431 */
                                                                                        /* 0x000fe200000001ff */
        /*0340*/                   CS2R R22, SRZ ;                                      /* 0x0000000000167805 */
                                                                                        /* 0x000fe2000001ff00 */
        /*0350*/                   HFMA2 R24, -RZ, RZ, 0, 0 ;                           /* 0x00000000ff187431 */
                                                                                        /* 0x000fe200000001ff */
        /*0360*/                   MOV R26, RZ ;                                        /* 0x000000ff001a7202 */
                                                                                        /* 0x000fe20000000f00 */
        /*0370*/                   CS2R R20, SRZ ;                                      /* 0x0000000000147805 */
                                                                                        /* 0x000fe2000001ff00 */
        /*0380*/                   CS2R R10, SRZ ;                                      /* 0x00000000000a7805 */
                                                                                        /* 0x000fe2000001ff00 */
        /*0390*/                   CS2R R8, SRZ ;                                       /* 0x0000000000087805 */
                                                                                        /* 0x000fe2000001ff00 */
        /*03a0*/                   CS2R R4, SRZ ;                                       /* 0x0000000000047805 */
                                                                                        /* 0x000fe2000001ff00 */
        /*03b0*/                   CS2R R6, SRZ ;                                       /* 0x0000000000067805 */
                                                                                        /* 0x000fe2000001ff00 */
        /*03c0*/                   MOV R2, RZ ;                                         /* 0x000000ff00027202 */
                                                                                        /* 0x000fe20000000f00 */
        /*03d0*/                   LDCU.64 UR16, c[0x0][0x358] ;                        /* 0x00006b00ff1077ac */
                                                                                        /* 0x000e220008000a00 */
        /*03e0*/                   BRA.U !UP1, 0x1580 ;                                 /* 0x0000001109647547 */
                                                                                        /* 0x000fea000b800000 */
        /*03f0*/                   IMAD.SHL.U32 R3, R3, 0x4, RZ ;                       /* 0x0000000403037824 */
                                                                                        /* 0x004fe200078e00ff */
        /*0400*/                   MOV R28, RZ ;                                        /* 0x000000ff001c7202 */
                                                                                        /* 0x000fe20000000f00 */
        /*0410*/                   MOV R33, RZ ;                                        /* 0x000000ff00217202 */
                                                                                        /* 0x000fe20000000f00 */
        /*0420*/                   UMOV UR4, URZ ;                                      /* 0x000000ff00047c82 */
                                                                                        /* 0x000fe20008000000 */
        /*0430*/                   UMOV UR11, URZ ;                                     /* 0x000000ff000b7c82 */
                                                                                        /* 0x000fe20008000000 */
        /*0440*/                   LOP3.LUT R3, R3, 0x3c, RZ, 0xc0, !PT ;               /* 0x0000003c03037812 */
                                                                                        /* 0x000fca00078ec0ff */
        /*0450*/                   IADD R32, R3, UR10 ;                                 /* 0x0000000a03207c35 */
                                                                                        /* 0x010fce000f8e0000 */
        /*0460*/                   S2R R3, SR_TID.X ;                                   /* 0x0000000000037919 */
                                                                                        /* 0x002e620000002100 */
        /*0470*/                   S2UR UR5, SR_CTAID.Y ;                               /* 0x00000000000579c3 */
                                                                                        /* 0x004ea20000002600 */
        /*0480*/                   LDCU UR15, c[0x0][0x3a0] ;                           /* 0x00007400ff0f77ac */
                                                                                        /* 0x000ee20008000800 */
        /*0490*/                   S2R R0, SR_TID.Y ;                                   /* 0x0000000000007919 */
                                                                                        /* 0x000f220000002200 */
        /*04a0*/                   LDCU UR6, c[0x0][0x398] ;                            /* 0x00007300ff0677ac */
                                                                                        /* 0x000f620008000800 */
        /*04b0*/                   USHF.L.U32 UR5, UR5, 0x6, URZ ;                      /* 0x0000000605057899 */
                                                                                        /* 0x004fe200080006ff */
        /*04c0*/                   IMAD.SHL.U32 R34, R3, 0x4, RZ ;                      /* 0x0000000403227824 */
                                                                                        /* 0x002fe400078e00ff */
        /*04d0*/                   IMAD R25, R0, 0x10, R3 ;                             /* 0x0000001000197824 */
                                                                                        /* 0x011fc600078e0203 */
        /*04e0*/                   LOP3.LUT R34, R34, 0xc, RZ, 0xc0, !PT ;              /* 0x0000000c22227812 */
                                                                                        /* 0x000fe400078ec0ff */
        /*04f0*/                   LEA.HI R29, R25, UR5, RZ, 0x1e ;                     /* 0x00000005191d7c11 */
                                                                                        /* 0x000fc6000f8ff0ff */
        /*0500*/                   IADD R34, R34, UR11 ;                                /* 0x0000000b22227c35 */
                                                                                        /* 0x000fca000f8e0000 */
        /*0510*/                   IADD R12, R34, 0x3 ;                                 /* 0x00000003220c7835 */
                                                                                        /* 0x000fca00078e0000 */
        /*0520*/                   ISETP.GE.AND P0, PT, R12, UR15, PT ;                 /* 0x0000000f0c007c0c */
                                                                                        /* 0x008fca000bf06270 */
        /*0530*/                   ISETP.GE.OR P1, PT, R29, UR6, P0 ;                   /* 0x000000061d007c0c */
                                                                                        /* 0x020fda0008726670 */
        /*0540*/              @!P1 LDC.64 R12, c[0x0][0x380] ;                          /* 0x0000e000ff0c9b82 */
                                                                                        /* 0x000e620000000a00 */
        /*0550*/              @!P1 IMAD R15, R29, UR15, R34 ;                           /* 0x0000000f1d0f9c24 */
                                                                                        /* 0x000fc8000f8e0222 */
        /*0560*/              @!P1 IMAD.WIDE.U32 R12, R15, 0x4, R12 ;                   /* 0x000000040f0c9825 */
                                                                                        /* 0x002fca00078e000c */
        /*0570*/              @!P1 LDG.E.CONSTANT R16, desc[UR16][R12.64] ;             /* 0x000000100c109981 */
                                                                                        /* 0x001ea8000c1e9900 */
        /*0580*/              @!P1 LDG.E.CONSTANT R18, desc[UR16][R12.64+0x4] ;         /* 0x000004100c129981 */
                                                                                        /* 0x000ee8000c1e9900 */
        /*0590*/              @!P1 LDG.E.CONSTANT R30, desc[UR16][R12.64+0x8] ;         /* 0x000008100c1e9981 */
                                                                                        /* 0x000f28000c1e9900 */
        /*05a0*/              @!P1 LDG.E.CONSTANT R36, desc[UR16][R12.64+0xc] ;         /* 0x00000c100c249981 */
                                                                                        /* 0x000f62000c1e9900 */
        /*05b0*/                   S2UR UR14, SR_CgaCtaId ;                             /* 0x00000000000e79c3 */
                                                                                        /* 0x000e220000008800 */
        /*05c0*/                   IMAD.SHL.U32 R14, R3, 0x400, RZ ;                    /* 0x00000400030e7824 */
                                                                                        /* 0x000fe200078e00ff */
        /*05d0*/                   UMOV UR13, 0x400 ;                                   /* 0x00000400000d7882 */
                                                                                        /* 0x000fe20000000000 */
        /*05e0*/                   UIADD3 UR5, UPT, UPT, UR11, 0x10, URZ ;              /* 0x000000100b057890 */
                                                                                        /* 0x000fc4000fffe0ff */
        /*05f0*/                   UMOV UR7, UR11 ;                                     /* 0x0000000b00077c82 */
                                                                                        /* 0x000fe20008000000 */
        /*0600*/                   BSSY.RECONVERGENT B0, 0x990 ;                        /* 0x0000038000007945 */
                                                                                        /* 0x000fe20003800200 */
        /*0610*/                   LOP3.LUT R15, R14, 0xc00, RZ, 0xc0, !PT ;            /* 0x00000c000e0f7812 */
                                                                                        /* 0x000fe400078ec0ff */
        /*0620*/                   LOP3.LUT R14, R25, 0xfffffffc, RZ, 0xc0, !PT ;       /* 0xfffffffc190e7812 */
                                                                                        /* 0x000fe200078ec0ff */
        /*0630*/                   UMOV UR11, UR5 ;                                     /* 0x00000005000b7c82 */
                                                                                        /* 0x000fe20008000000 */
        /*0640*/                   ULEA UR18, UR14, UR13, 0x18 ;                        /* 0x0000000d0e127291 */
                                                                                        /* 0x001fcc000f8ec0ff */
        /*0650*/                   IADD3 R27, PT, PT, R15, UR18, R14 ;                  /* 0x000000120f1b7c10 */
                                                                                        /* 0x000fca000fffe00e */
        /*0660*/              @!P1 STS [R27], R16 ;                                     /* 0x000000101b009388 */
                                                                                        /* 0x0041e80000000800 */
        /*0670*/              @!P1 STS [R27+0x100], R18 ;                               /* 0x000100121b009388 */
                                                                                        /* 0x0081e80000000800 */
        /*0680*/              @!P1 STS [R27+0x200], R30 ;                               /* 0x0002001e1b009388 */
                                                                                        /* 0x0101e80000000800 */
        /*0690*/              @!P1 STS [R27+0x300], R36 ;                               /* 0x000300241b009388 */
                                                                                        /* 0x0201e20000000800 */
        /*06a0*/              @!P1 BRA 0x970 ;                                          /* 0x0000000000b09947 */
                                                                                        /* 0x000fea0003800000 */
        /*06b0*/                   ISETP.GE.AND P1, PT, R29, UR6, PT ;                  /* 0x000000061d007c0c */
                                                                                        /* 0x000fda000bf26270 */
        /*06c0*/               @P1 BRA 0x920 ;                                          /* 0x0000000000941947 */
                                                                                        /* 0x000fea0003800000 */
        /*06d0*/                   ISETP.GE.AND P1, PT, R34.reuse, UR15, PT ;           /* 0x0000000f22007c0c */
                                                                                        /* 0x040fe2000bf26270 */
        /*06e0*/                   IADD R12, R34.reuse, 0x1 ;                           /* 0x00000001220c7835 */
                                                                                        /* 0x040fe200078e0000 */
        /*06f0*/                   IADD R16, R34, 0x2 ;                                 /* 0x0000000222107835 */
                                                                                        /* 0x001fe200078e0000 */
        /*0700*/                   HFMA2 R30, -RZ, RZ, 0, 0 ;                           /* 0x00000000ff1e7431 */
                                                                                        /* 0x000fc600000001ff */
        /*0710*/                   ISETP.GE.AND P2, PT, R12, UR15, PT ;                 /* 0x0000000f0c007c0c */
                                                                                        /* 0x000fe2000bf46270 */
        /*0720*/                   ISETP.GE.AND P3, PT, R16, UR15, PT ;                 /* 0x0000000f10007c0c */
                                                                                        /* 0x000fcc000bf66270 */
        /*0730*/              @!P1 LDC.64 R14, c[0x0][0x380] ;                          /* 0x0000e000ff0e9b82 */
                                                                                        /* 0x000e220000000a00 */
        /*0740*/              @!P1 IMAD R17, R29, UR15, R34 ;                           /* 0x0000000f1d119c24 */
                                                                                        /* 0x000fce000f8e0222 */
        /*0750*/              @!P2 LDC.64 R12, c[0x0][0x380] ;                          /* 0x0000e000ff0cab82 */
                                                                                        /* 0x000e620000000a00 */
        /*0760*/              @!P2 MOV R35, RZ ;                                        /* 0x000000ff0023a202 */
                                                                                        /* 0x000fc60000000f00 */
        /*0770*/              @!P2 IMAD.WIDE.U32 R18, R29, UR15, R34 ;                  /* 0x0000000f1d12ac25 */
                                                                                        /* 0x000fc8000f8e0022 */
        /*0780*/              @!P1 IMAD.WIDE.U32 R14, R17, 0x4, R14 ;                   /* 0x00000004110e9825 */
                                                                                        /* 0x001fe400078e000e */
        /*0790*/              @!P0 LDC.64 R16, c[0x0][0x380] ;                          /* 0x0000e000ff108b82 */
                                                                                        /* 0x000e260000000a00 */
        /*07a0*/              @!P1 LDG.E.CONSTANT R30, desc[UR16][R14.64] ;             /* 0x000000100e1e9981 */
                                                                                        /* 0x0004e2000c1e9900 */
        /*07b0*/                   HFMA2 R36, -RZ, RZ, 0, 0 ;                           /* 0x00000000ff247431 */
                                                                                        /* 0x000fe200000001ff */
        /*07c0*/              @!P2 LEA R12, P1, R18, R12, 0x2 ;                         /* 0x0000000c120ca211 */
                                                                                        /* 0x002fe200078210ff */
        /*07d0*/              @!P3 MOV R35, RZ ;                                        /* 0x000000ff0023b202 */
                                                                                        /* 0x000fc60000000f00 */
        /*07e0*/              @!P2 LEA.HI.X R13, R18, R13, R19, 0x2, P1 ;               /* 0x0000000d120da211 */
                                                                                        /* 0x000fe200008f1413 */
        /*07f0*/              @!P3 LDC.64 R14, c[0x0][0x380] ;                          /* 0x0000e000ff0ebb82 */
                                                                                        /* 0x004e620000000a00 */
        /*0800*/              @!P3 IMAD.WIDE.U32 R18, R29, UR15, R34 ;                  /* 0x0000000f1d12bc25 */
                                                                                        /* 0x000fc6000f8e0022 */
        /*0810*/              @!P2 LDG.E.CONSTANT R36, desc[UR16][R12.64+0x4] ;         /* 0x000004100c24a981 */
                                                                                        /* 0x000524000c1e9900 */
        /*0820*/              @!P0 MOV R12, R34 ;                                       /* 0x00000022000c8202 */
                                                                                        /* 0x004fe20000000f00 */
        /*0830*/              @!P0 MOV R13, RZ ;                                        /* 0x000000ff000d8202 */
                                                                                        /* 0x000fc80000000f00 */
        /*0840*/              @!P0 IMAD.WIDE.U32 R34, R29, UR15, R12 ;                  /* 0x0000000f1d228c25 */
                                                                                        /* 0x000fe2000f8e000c */
        /*0850*/              @!P3 LEA R14, P1, R18, R14, 0x2 ;                         /* 0x0000000e120eb211 */
                                                                                        /* 0x002fc800078210ff */
        /*0860*/              @!P3 LEA.HI.X R15, R18, R15, R19, 0x2, P1 ;               /* 0x0000000f120fb211 */
                                                                                        /* 0x000fe200008f1413 */
        /*0870*/                   HFMA2 R18, -RZ, RZ, 0, 0 ;                           /* 0x00000000ff127431 */
                                                                                        /* 0x000fe200000001ff */
        /*0880*/              @!P0 LEA R16, P1, R34, R16, 0x2 ;                         /* 0x0000001022108211 */
                                                                                        /* 0x001fc800078210ff */
        /*0890*/              @!P0 LEA.HI.X R17, R34, R17, R35, 0x2, P1 ;               /* 0x0000001122118211 */
                                                                                        /* 0x000fe200008f1423 */
        /*08a0*/              @!P3 LDG.E.CONSTANT R18, desc[UR16][R14.64+0x8] ;         /* 0x000008100e12b981 */
                                                                                        /* 0x000ea2000c1e9900 */
        /*08b0*/                   MOV R34, RZ ;                                        /* 0x000000ff00227202 */
                                                                                        /* 0x000fcc0000000f00 */
        /*08c0*/              @!P0 LDG.E.CONSTANT R34, desc[UR16][R16.64+0xc] ;         /* 0x00000c1010228981 */
                                                                                        /* 0x000f68000c1e9900 */
        /*08d0*/                   STS [R27], R30 ;                                     /* 0x0000001e1b007388 */
                                                                                        /* 0x0087e80000000800 */
        /*08e0*/                   STS [R27+0x100], R36 ;                               /* 0x000100241b007388 */
                                                                                        /* 0x0107e80000000800 */
        /*08f0*/                   STS [R27+0x200], R18 ;                               /* 0x000200121b007388 */
                                                                                        /* 0x0047e80000000800 */
        /*0900*/                   STS [R27+0x300], R34 ;                               /* 0x000300221b007388 */
                                                                                        /* 0x0207e20000000800 */
        /*0910*/                   BRA 0x970 ;                                          /* 0x0000000000147947 */
                                                                                        /* 0x000fea0003800000 */
        /*0920*/                   IADD3 R14, PT, PT, R14, UR18, R15 ;                  /* 0x000000120e0e7c10 */
                                                                                        /* 0x000fca000fffe00f */
        /*0930*/                   STS [R14], RZ ;                                      /* 0x000000ff0e007388 */
                                                                                        /* 0x0003e80000000800 */
        /*0940*/                   STS [R14+0x100], RZ ;                                /* 0x000100ff0e007388 */
                                                                                        /* 0x0003e80000000800 */
        /*0950*/                   STS [R14+0x200], RZ ;                                /* 0x000200ff0e007388 */
                                                                                        /* 0x0003e80000000800 */
        /*0960*/                   STS [R14+0x300], RZ ;                                /* 0x000300ff0e007388 */
                                                                                        /* 0x0003e40000000800 */
        /*0970*/                   NOP ;                                                /* 0x0000000000007918 */
                                                                                        /* 0x000fe20000000000 */
        /*0980*/                   BSYNC.RECONVERGENT B0 ;                              /* 0x0000000000007941 */
                                                                                        /* 0x000fea0003800200 */
        /*0990*/                   BRA.U !UP0, 0xc40 ;                                  /* 0x0000000108a87547 */
                                                                                        /* 0x000fea000b800000 */
        /*09a0*/                   UISETP.GE.AND UP1, UPT, UR11, UR15, UPT ;            /* 0x0000000f0b00728c */
                                                                                        /* 0x000fe2000bf26270 */
        /*09b0*/                   BSSY.RECONVERGENT B0, 0xb60 ;                        /* 0x000001a000007945 */
                                                                                        /* 0x000fea0003800200 */
        /*09c0*/                   PLOP3.LUT P0, PT, PT, PT, UP1, 0x80, 0x8 ;           /* 0x000000000008781c */
                                                                                        /* 0x000fca0003f0f018 */
        /*09d0*/                   ISETP.NE.U32.OR P0, PT, R25, RZ, P0 ;                /* 0x000000ff1900720c */
                                                                                        /* 0x000fda0000705470 */
        /*09e0*/               @P0 BRA 0xb40 ;                                          /* 0x0000000000540947 */
                                                                                        /* 0x000fea0003800000 */
        /*09f0*/                   USHF.L.U32 UR5, UR4, 0x3, URZ ;                      /* 0x0000000304057899 */
                                                                                        /* 0x000fe200080006ff */
        /*0a00*/                   UIADD3 UR6, UPT, UPT, UR13, 0x3000, URZ ;            /* 0x000030000d067890 */
                                                                                        /* 0x000fe2000fffe0ff */
        /*0a10*/                   UIADD3 UR8, UPT, UPT, UR13, 0x1000, URZ ;            /* 0x000010000d087890 */
                                                                                        /* 0x000fe2000fffe0ff */
        /*0a20*/                   HFMA2 R12, -RZ, RZ, 0, 0.00048828125 ;               /* 0x00001000ff0c7431 */
                                                                                        /* 0x000fe200000001ff */
        /*0a30*/                   ULOP3.LUT UR5, UR5, 0x8, URZ, 0xc, !UPT ;            /* 0x0000000805057892 */
                                                                                        /* 0x000fe2000f8e0cff */
        /*0a40*/                   ULEA UR9, UR14, UR6, 0x18 ;                          /* 0x000000060e097291 */
                                                                                        /* 0x000fe2000f8ec0ff */
        /*0a50*/                   USHF.L.U32 UR6, UR4, 0xc, URZ ;                      /* 0x0000000c04067899 */
                                                                                        /* 0x000fe200080006ff */
        /*0a60*/                   ULEA UR8, UR14, UR8, 0x18 ;                          /* 0x000000080e087291 */
                                                                                        /* 0x000fe2000f8ec0ff */
        /*0a70*/                   PLOP3.LUT P0, PT, PT, PT, PT, 0x80, 0x8 ;            /* 0x000000000008781c */
                                                                                        /* 0x000fe20003f0f070 */
        /*0a80*/                   LDCU.64 UR20, c[0x0][0x3a8] ;                        /* 0x00007500ff1477ac */
                                                                                        /* 0x000ea20008000a00 */
        /*0a90*/                   MOV R13, UR5 ;                                       /* 0x00000005000d7c02 */
                                                                                        /* 0x000fe20008000f00 */
        /*0aa0*/                   ULOP3.LUT UR6, UR6, 0x1000, URZ, 0xc, !UPT ;         /* 0x0000100006067892 */
                                                                                        /* 0x000fc6000f8e0cff */
        /*0ab0*/                   SYNCS.ARRIVE.TRANS64 RZ, [R13+UR9], R12 ;            /* 0x0000000c0dff79a7 */
                                                                                        /* 0x0009e20008000009 */
        /*0ac0*/                   UIADD3 UR9, UPT, UPT, UR9, UR5, URZ ;                /* 0x0000000509097290 */
                                                                                        /* 0x000fe2000fffe0ff */
        /*0ad0*/                   UMOV UR12, URZ ;                                     /* 0x000000ff000c7c82 */
                                                                                        /* 0x000fe20008000000 */
        /*0ae0*/                   UIADD3 UR8, UPT, UPT, UR8, UR6, URZ ;                /* 0x0000000608087290 */
                                                                                        /* 0x00bfd8000fffe0ff */
        /*0af0*/               @P0 ELECT P1, URZ, PT ;                                  /* 0x0000000000ff082f */
                                                                                        /* 0x000fe20003820000 */
        /*0b00*/                   UTMALDG.3D [UR8], [UR20] ;                           /* 0x00000008140075b4 */
                                                                                        /* 0x0051d80008010000 */
        /*0b10*/               @P1 PLOP3.LUT P0, PT, P1, PT, PT, 0x8, 0x80 ;            /* 0x000000000080181c */
                                                                                        /* 0x000fe40000f0e170 */
        /*0b20*/                   PLOP3.LUT P1, PT, PT, PT, PT, 0x8, 0x80 ;            /* 0x000000000080781c */
                                                                                        /* 0x000fd60003f2e170 */
        /*0b30*/               @P0 BRA.U.ANY 0xaf0 ;                                    /* 0xfffffffd00ec0947 */
                                                                                        /* 0x010fea000393ffff */
        /*0b40*/                   NOP ;                                                /* 0x0000000000007918 */
                                                                                        /* 0x000fe20000000000 */
        /*0b50*/                   BSYNC.RECONVERGENT B0 ;                              /* 0x0000000000007941 */
                                                                                        /* 0x001fea0003800200 */
        /*0b60*/                   USHF.R.U32.HI UR5, URZ, 0x1, UR4 ;                   /* 0x00000001ff057899 */
                                                                                        /* 0x000fe20008011604 */
        /*0b70*/                   USHF.L.U32 UR8, UR4, 0x3, URZ ;                      /* 0x0000000304087899 */
                                                                                        /* 0x000fe200080006ff */
        /*0b80*/                   UIADD3 UR9, UPT, UPT, UR13, 0x3000, URZ ;            /* 0x000030000d097890 */
                                                                                        /* 0x000fe2000fffe0ff */
        /*0b90*/                   ULOP3.LUT UR12, UR4, 0x1, URZ, 0xc0, !UPT ;          /* 0x00000001040c7892 */
                                                                                        /* 0x000fe2000f8ec0ff */
        /*0ba0*/                   ULOP3.LUT UR6, UR5, 0x1, URZ, 0xc0, !UPT ;           /* 0x0000000105067892 */
                                                                                        /* 0x000fe2000f8ec0ff */
        /*0bb0*/                   ULOP3.LUT UR5, UR8, 0x8, URZ, 0xc0, !UPT ;           /* 0x0000000808057892 */
                                                                                        /* 0x000fe2000f8ec0ff */
        /*0bc0*/                   ULEA UR9, UR14, UR9, 0x18 ;                          /* 0x000000090e097291 */
                                                                                        /* 0x000fc8000f8ec0ff */
        /*0bd0*/                   MOV R12, UR6 ;                                       /* 0x00000006000c7c02 */
                                                                                        /* 0x010fca0008000f00 */
        /*0be0*/                   SHF.L.U32 R12, R12, 0x1f, RZ ;                       /* 0x0000001f0c0c7819 */
                                                                                        /* 0x000fce00000006ff */
        /*0bf0*/                   MOV R13, UR5 ;                                       /* 0x00000005000d7c02 */
                                                                                        /* 0x000fc80008000f00 */
        /*0c00*/                   SYNCS.PHASECHK.TRANS64.TRYWAIT P0, [R13+UR9], R12 ;  /* 0x0000000c0d0075a7 */
                                                                                        /* 0x000e240008001109 */
        /*0c10*/              @!P0 BRA 0xbf0 ;                                          /* 0xfffffffc00f48947 */
                                                                                        /* 0x00bfea000383ffff */
        /*0c20*/                   MOV R30, UR12 ;                                      /* 0x0000000c001e7c02 */
                                                                                        /* 0x008fe20008000f00 */
        /*0c30*/                   BRA 0xf80 ;                                          /* 0x0000000000d07947 */
                                                                                        /* 0x000fec0003800000 */
        /*0c40*/                   LDCU UR6, c[0x0][0x39c] ;                            /* 0x00007380ff0677ac */
                                                                                        /* 0x000ea20008000800 */
        /*0c50*/                   IADD R12, R32, 0x3 ;                                 /* 0x00000003200c7835 */
                                                                                        /* 0x000fe200078e0000 */
        /*0c60*/                   SHF.R.U32.HI R25, RZ, 0x4, R25 ;                     /* 0x00000004ff197819 */
                                                                                        /* 0x000fca0000011619 */
        /*0c70*/                   IADD R19, R25, UR7 ;                                 /* 0x0000000719137c35 */
                                                                                        /* 0x000fe2000f8e0000 */
        /*0c80*/                   ISETP.GE.AND P0, PT, R12, UR6, PT ;                  /* 0x000000060c007c0c */
                                                                                        /* 0x004fca000bf06270 */
        /*0c90*/                   ISETP.GE.OR P1, PT, R19, UR15, P0 ;                  /* 0x0000000f13007c0c */
                                                                                        /* 0x000fda0008726670 */
        /*0ca0*/              @!P1 LDC.64 R12, c[0x0][0x388] ;                          /* 0x0000e200ff0c9b82 */
                                                                                        /* 0x000ea20000000a00 */
        /*0cb0*/              @!P1 IMAD R15, R19, UR6, R32 ;                            /* 0x00000006130f9c24 */
                                                                                        /* 0x000fc8000f8e0220 */
        /*0cc0*/              @!P1 IMAD.WIDE R12, R15, 0x4, R12 ;                       /* 0x000000040f0c9825 */
                                                                                        /* 0x004fcc00078e020c */
        /*0cd0*/              @!P1 LDG.E.128.CONSTANT R12, desc[UR16][R12.64] ;         /* 0x000000100c0c9981 */
                                                                                        /* 0x002ea2000c1e9d00 */
        /*0ce0*/                   UIADD3 UR5, UPT, UPT, UR13, 0x1000, URZ ;            /* 0x000010000d057890 */
                                                                                        /* 0x000fe2000fffe0ff */
        /*0cf0*/                   IMAD.SHL.U32 R16, R3, 0x10, RZ ;                     /* 0x0000001003107824 */
                                                                                        /* 0x001fe200078e00ff */
        /*0d00*/                   BSSY.RECONVERGENT B0, 0xf80 ;                        /* 0x0000027000007945 */
                                                                                        /* 0x000fe20003800200 */
        /*0d10*/              @!P1 MOV R30, RZ ;                                        /* 0x000000ff001e9202 */
                                                                                        /* 0x008fe20000000f00 */
        /*0d20*/                   ULEA UR5, UR14, UR5, 0x18 ;                          /* 0x000000050e057291 */
                                                                                        /* 0x000fe4000f8ec0ff */
        /*0d30*/                   LOP3.LUT R16, R16, 0xf0, RZ, 0xc0, !PT ;             /* 0x000000f010107812 */
                                                                                        /* 0x000fc800078ec0ff */
        /*0d40*/                   LEA R25, R25, UR5, 0x8 ;                             /* 0x0000000519197c11 */
                                                                                        /* 0x000fca000f8e40ff */
        /*0d50*/                   IADD R25, R25, R16 ;                                 /* 0x0000001019197235 */
                                                                                        /* 0x000fca00078e0000 */
        /*0d60*/              @!P1 STS.128 [R25], R12 ;                                 /* 0x0000000c19009388 */
                                                                                        /* 0x0041e20000000c00 */
        /*0d70*/              @!P1 BRA 0xf60 ;                                          /* 0x0000000000789947 */
                                                                                        /* 0x000fea0003800000 */
        /*0d80*/                   ISETP.GE.AND P1, PT, R19, UR15, PT ;                 /* 0x0000000f13007c0c */
                                                                                        /* 0x000fda000bf26270 */
        /*0d90*/               @P1 BRA 0xf40 ;                                          /* 0x0000000000681947 */
                                                                                        /* 0x000fea0003800000 */
        /*0da0*/                   ISETP.GE.AND P1, PT, R32.reuse, UR6, PT ;            /* 0x0000000620007c0c */
                                                                                        /* 0x040fe2000bf26270 */
        /*0db0*/                   LDCU.64 UR8, c[0x0][0x388] ;                         /* 0x00007100ff0877ac */
                                                                                        /* 0x000e620008000a00 */
        /*0dc0*/                   IADD R14, R32.reuse, 0x1 ;                           /* 0x00000001200e7835 */
                                                                                        /* 0x041fe200078e0000 */
        /*0dd0*/                   IADD R15, R32, 0x2 ;                                 /* 0x00000002200f7835 */
                                                                                        /* 0x000fe200078e0000 */
        /*0de0*/                   IMAD.WIDE R16, R19, UR6, R32 ;                       /* 0x0000000613107c25 */
                                                                                        /* 0x000fc8000f8e0220 */
        /*0df0*/                   HFMA2 R18, -RZ, RZ, 0, 0 ;                           /* 0x00000000ff127431 */
                                                                                        /* 0x000fe200000001ff */
        /*0e00*/                   MOV R36, RZ ;                                        /* 0x000000ff00247202 */
                                                                                        /* 0x000fe20000000f00 */
        /*0e10*/                   ISETP.GE.AND P2, PT, R14, UR6, PT ;                  /* 0x000000060e007c0c */
                                                                                        /* 0x000fe2000bf46270 */
        /*0e20*/                   ISETP.GE.AND P3, PT, R15, UR6, PT ;                  /* 0x000000060f007c0c */
                                                                                        /* 0x000fe2000bf66270 */
        /*0e30*/                   HFMA2 R34, -RZ, RZ, 0, 0 ;                           /* 0x00000000ff227431 */
                                                                                        /* 0x000fe200000001ff */
        /*0e40*/              @!P1 LDC.64 R12, c[0x0][0x388] ;                          /* 0x0000e200ff0c9b82 */
                                                                                        /* 0x000e220000000a00 */
        /*0e50*/              @!P1 IMAD R19, R19, UR6, R32 ;                            /* 0x0000000613139c24 */
                                                                                        /* 0x000fe2000f8e0220 */
        /*0e60*/                   LEA R14, P4, R16, UR8, 0x2 ;                         /* 0x00000008100e7c11 */
                                                                                        /* 0x002fc8000f8810ff */
        /*0e70*/                   LEA.HI.X R15, R16, UR9, R17, 0x2, P4 ;               /* 0x00000009100f7c11 */
                                                                                        /* 0x000fe2000a0f1411 */
        /*0e80*/                   MOV R16, RZ ;                                        /* 0x000000ff00107202 */
                                                                                        /* 0x000fc80000000f00 */
        /*0e90*/              @!P3 LDG.E.CONSTANT R34, desc[UR16][R14.64+0x8] ;         /* 0x000008100e22b981 */
                                                                                        /* 0x000ea8000c1e9900 */
        /*0ea0*/              @!P2 LDG.E.CONSTANT R16, desc[UR16][R14.64+0x4] ;         /* 0x000004100e10a981 */
                                                                                        /* 0x000ee8000c1e9900 */
        /*0eb0*/              @!P0 LDG.E.CONSTANT R36, desc[UR16][R14.64+0xc] ;         /* 0x00000c100e248981 */
                                                                                        /* 0x000f22000c1e9900 */
        /*0ec0*/              @!P1 IMAD.WIDE R12, R19, 0x4, R12 ;                       /* 0x00000004130c9825 */
                                                                                        /* 0x001fca00078e020c */
        /*0ed0*/              @!P1 LDG.E.CONSTANT R18, desc[UR16][R12.64] ;             /* 0x000000100c129981 */
                                                                                        /* 0x000f62000c1e9900 */
        /*0ee0*/                   HFMA2 R30, -RZ, RZ, 0, 0 ;                           /* 0x00000000ff1e7431 */
                                                                                        /* 0x000fc600000001ff */
        /*0ef0*/                   STS [R25+0x8], R34 ;                                 /* 0x0000082219007388 */
                                                                                        /* 0x0043e80000000800 */
        /*0f00*/                   STS [R25+0x4], R16 ;                                 /* 0x0000041019007388 */
                                                                                        /* 0x0083e80000000800 */
        /*0f10*/                   STS [R25+0xc], R36 ;                                 /* 0x00000c2419007388 */
                                                                                        /* 0x0103e80000000800 */
        /*0f20*/                   STS [R25], R18 ;                                     /* 0x0000001219007388 */
                                                                                        /* 0x0203e20000000800 */
        /*0f30*/                   BRA 0xf60 ;                                          /* 0x0000000000087947 */
                                                                                        /* 0x000fea0003800000 */
        /*0f40*/                   STS.128 [R25], RZ ;                                  /* 0x000000ff19007388 */
                                                                                        /* 0x0005e20000000c00 */
        /*0f50*/                   MOV R30, RZ ;                                        /* 0x000000ff001e7202 */
                                                                                        /* 0x000fce0000000f00 */
        /*0f60*/                   NOP ;                                                /* 0x0000000000007918 */
                                                                                        /* 0x000fe20000000000 */
        /*0f70*/                   BSYNC.RECONVERGENT B0 ;                              /* 0x0000000000007941 */
                                                                                        /* 0x000fea0003800200 */
        /*0f80*/                   BAR.SYNC.DEFER_BLOCKING 0x0 ;                        /* 0x0000000000007b1d */
                                                                                        /* 0x000fe20000010000 */
        /*0f90*/                   UISETP.GE.AND UP1, UPT, UR7, UR15, UPT ;             /* 0x0000000f0700728c */
                                                                                        /* 0x000fd2000bf26270 */
        /*0fa0*/                   BRA.U UP1, 0x1510 ;                                  /* 0x0000000501587547 */
                                                                                        /* 0x000fea000b800000 */
        /*0fb0*/                   USHF.L.U32 UR5, UR4, 0x4, URZ ;                      /* 0x0000000404057899 */
                                                                                        /* 0x000fe200080006ff */
        /*0fc0*/                   UVIMNMX.S32 UR6, UR11, UR15, UPT ;                   /* 0x0000000f0b06724a */
                                                                                        /* 0x000fe2000bfe0100 */
        /*0fd0*/                   HFMA2 R25, -RZ, RZ, 0, 0 ;                           /* 0x00000000ff197431 */
                                                                                        /* 0x007fe400000001ff */
        /*0fe0*/                   UIADD3 UR7, UPT, UPT, UR5, 0x1, URZ ;                /* 0x0000000105077890 */
                                                                                        /* 0x000fc8000fffe0ff */
        /*0ff0*/                   UISETP.NE.U32.AND UP1, UPT, UR6, UR7, UPT ;          /* 0x000000070600728c */
                                                                                        /* 0x000fd2000bf25070 */
        /*1000*/                   BRA.U !UP1, 0x1380 ;                                 /* 0x0000000109dc7547 */
                                                                                        /* 0x000fea000b800000 */
        /*1010*/                   UIADD3 UR7, UPT, UPT, UR13, 0x1000, URZ ;            /* 0x000010000d077890 */
                                                                                        /* 0x000fe2000fffe0ff */
        /*1020*/                   LEA R27, R0, UR18, 0x4 ;                             /* 0x00000012001b7c11 */
                                                                                        /* 0x000fe2000f8e20ff */
        /*1030*/                   ULOP3.LUT UR5, UR5, 0x1, UR6, 0xf8, !UPT ;           /* 0x0000000105057892 */
                                                                                        /* 0x000fe2000f8ef806 */
        /*1040*/                   MOV R25, RZ ;                                        /* 0x000000ff00197202 */
                                                                                        /* 0x000fe20000000f00 */
        /*1050*/                   ULEA UR7, UR14, UR7, 0x18 ;                          /* 0x000000070e077291 */
                                                                                        /* 0x000fe4000f8ec0ff */
        /*1060*/                   IADD R27, R27, 0x100 ;                               /* 0x000001001b1b7835 */
                                                                                        /* 0x000fe200078e0000 */
        /*1070*/                   UIADD3 UR5, UPT, UPT, -UR6, UR5, URZ ;               /* 0x0000000506057290 */
                                                                                        /* 0x000fc6000fffe1ff */
        /*1080*/                   LEA R13, R3, UR7, 0x4 ;                              /* 0x00000007030d7c11 */
                                                                                        /* 0x000fca000f8e20ff */
        /*1090*/                   IMAD R13, R30, 0x1000, R13 ;                         /* 0x000010001e0d7824 */
                                                                                        /* 0x000fca00078e020d */
        /*10a0*/                   IADD R29, R13, 0x100 ;                               /* 0x000001000d1d7835 */
                                                                                        /* 0x000fce00078e0000 */
        /*10b0*/                   LDS.128 R12, [R27+-0x100] ;                          /* 0xffff00001b0c7984 */
                                                                                        /* 0x000fe20000000c00 */
        /*10c0*/                   UIADD3 UR5, UPT, UPT, UR5, 0x2, URZ ;                /* 0x0000000205057890 */
                                                                                        /* 0x000fe2000fffe0ff */
        /*10d0*/                   IADD R25, R25, 0x2 ;                                 /* 0x0000000219197835 */
                                                                                        /* 0x000fe400078e0000 */
        /*10e0*/                   LDS.128 R16, [R29+-0x100] ;                          /* 0xffff00001d107984 */
                                                                                        /* 0x000e220000000c00 */
        /*10f0*/                   UISETP.NE.U32.AND UP1, UPT, UR5, URZ, UPT ;          /* 0x000000ff0500728c */
                                                                                        /* 0x000fe2000bf25070 */
        /*1100*/                   FFMA.FTZ R7, R12.reuse, R16, R7 ;                    /* 0x000000100c077223 */
                                                                                        /* 0x041fe20000010007 */
        /*1110*/                   FFMA.FTZ R2, R12.reuse, R17, R2 ;                    /* 0x000000110c027223 */
                                                                                        /* 0x040fe20000010002 */
        /*1120*/                   FFMA.FTZ R5, R12.reuse, R18, R5 ;                    /* 0x000000120c057223 */
                                                                                        /* 0x040fe20000010005 */
        /*1130*/                   FFMA.FTZ R8, R12, R19, R8 ;                          /* 0x000000130c087223 */
                                                                                        /* 0x000fe20000010008 */
        /*1140*/                   FFMA.FTZ R6, R13.reuse, R16, R6 ;                    /* 0x000000100d067223 */
                                                                                        /* 0x040fe20000010006 */
        /*1150*/                   FFMA.FTZ R4, R13.reuse, R17, R4 ;                    /* 0x000000110d047223 */
                                                                                        /* 0x040fe20000010004 */
        /*1160*/                   FFMA.FTZ R9, R13.reuse, R18, R9 ;                    /* 0x000000120d097223 */
                                                                                        /* 0x040fe20000010009 */
        /*1170*/                   FFMA.FTZ R10, R13, R19, R10 ;                        /* 0x000000130d0a7223 */
                                                                                        /* 0x000fe2000001000a */
        /*1180*/                   FFMA.FTZ R11, R14.reuse, R16, R11 ;                  /* 0x000000100e0b7223 */
                                                                                        /* 0x040fe2000001000b */
        /*1190*/                   FFMA.FTZ R20, R14.reuse, R17, R20 ;                  /* 0x000000110e147223 */
                                                                                        /* 0x040fe20000010014 */
        /*11a0*/                   FFMA.FTZ R21, R14.reuse, R18, R21 ;                  /* 0x000000120e157223 */
                                                                                        /* 0x040fe20000010015 */
        /*11b0*/                   FFMA.FTZ R22, R14, R19, R22 ;                        /* 0x000000130e167223 */
                                                                                        /* 0x000fe20000010016 */
        /*11c0*/                   FFMA.FTZ R24, R15.reuse, R16, R24 ;                  /* 0x000000100f187223 */
                                                                                        /* 0x040fe20000010018 */
        /*11d0*/                   FFMA.FTZ R26, R15.reuse, R17, R26 ;                  /* 0x000000110f1a7223 */
                                                                                        /* 0x040fe2000001001a */
        /*11e0*/                   FFMA.FTZ R23, R15.reuse, R18, R23 ;                  /* 0x000000120f177223 */
                                                                                        /* 0x040fe20000010017 */
        /*11f0*/                   FFMA.FTZ R28, R15, R19, R28 ;                        /* 0x000000130f1c7223 */
                                                                                        /* 0x000fc4000001001c */
        /*1200*/                   LDS.128 R12, [R27] ;                                 /* 0x000000001b0c7984 */
                                                                                        /* 0x0001e80000000c00 */
        /*1210*/                   LDS.128 R16, [R29] ;                                 /* 0x000000001d107984 */
                                                                                        /* 0x0002a20000000c00 */
        /*1220*/                   IADD R27, R27, 0x200 ;                               /* 0x000002001b1b7835 */
                                                                                        /* 0x001fe200078e0000 */
        /*1230*/                   IADD R29, R29, 0x200 ;                               /* 0x000002001d1d7835 */
                                                                                        /* 0x002fe200078e0000 */
        /*1240*/                   FFMA.FTZ R7, R12.reuse, R16, R7 ;                    /* 0x000000100c077223 */
                                                                                        /* 0x044fe20000010007 */
        /*1250*/                   FFMA.FTZ R2, R12.reuse, R17, R2 ;                    /* 0x000000110c027223 */
                                                                                        /* 0x040fe20000010002 */
        /*1260*/                   FFMA.FTZ R5, R12.reuse, R18, R5 ;                    /* 0x000000120c057223 */
                                                                                        /* 0x040fe20000010005 */
        /*1270*/                   FFMA.FTZ R8, R12, R19, R8 ;                          /* 0x000000130c087223 */
                                                                                        /* 0x000fe20000010008 */
        /*1280*/                   FFMA.FTZ R6, R13.reuse, R16, R6 ;                    /* 0x000000100d067223 */
                                                                                        /* 0x040fe20000010006 */
        /*1290*/                   FFMA.FTZ R4, R13.reuse, R17, R4 ;                    /* 0x000000110d047223 */
                                                                                        /* 0x040fe20000010004 */
        /*12a0*/                   FFMA.FTZ R9, R13.reuse, R18, R9 ;                    /* 0x000000120d097223 */
                                                                                        /* 0x040fe20000010009 */
        /*12b0*/                   FFMA.FTZ R10, R13, R19, R10 ;                        /* 0x000000130d0a7223 */
                                                                                        /* 0x000fe2000001000a */
        /*12c0*/                   FFMA.FTZ R11, R14.reuse, R16, R11 ;                  /* 0x000000100e0b7223 */
                                                                                        /* 0x040fe2000001000b */
        /*12d0*/                   FFMA.FTZ R20, R14.reuse, R17, R20 ;                  /* 0x000000110e147223 */
                                                                                        /* 0x040fe20000010014 */
        /*12e0*/                   FFMA.FTZ R21, R14.reuse, R18, R21 ;                  /* 0x000000120e157223 */
                                                                                        /* 0x040fe20000010015 */
        /*12f0*/                   FFMA.FTZ R22, R14, R19, R22 ;                        /* 0x000000130e167223 */
                                                                                        /* 0x000fe20000010016 */
        /*1300*/                   FFMA.FTZ R24, R15.reuse, R16, R24 ;                  /* 0x000000100f187223 */
                                                                                        /* 0x040fe20000010018 */
        /*1310*/                   FFMA.FTZ R26, R15.reuse, R17, R26 ;                  /* 0x000000110f1a7223 */
                                                                                        /* 0x040fe2000001001a */
        /*1320*/                   FFMA.FTZ R23, R15.reuse, R18, R23 ;                  /* 0x000000120f177223 */
                                                                                        /* 0x040fe20000010017 */
        /*1330*/                   FFMA.FTZ R28, R15, R19, R28 ;                        /* 0x000000130f1c7223 */
                                                                                        /* 0x000fe2000001001c */
        /*1340*/                   BRA.U UP1, 0x10b0 ;                                  /* 0xfffffffd01587547 */
                                                                                        /* 0x000fec000b83ffff */
        /*1350*/                   UVIMNMX.S32 UR5, UR11, UR15, UPT ;                   /* 0x0000000f0b05724a */
                                                                                        /* 0x000fc8000bfe0100 */
        /*1360*/                   ULOP3.LUT UP1, URZ, UR5, 0x1, URZ, 0xc0, !UPT ;      /* 0x0000000105ff7892 */
                                                                                        /* 0x000fd2000f82c0ff */
        /*1370*/                   BRA.U !UP1, 0x1510 ;                                 /* 0x0000000109647547 */
                                                                                        /* 0x000fea000b800000 */
        /*1380*/                   UIADD3 UR13, UPT, UPT, UR13, 0x1000, URZ ;           /* 0x000010000d0d7890 */
                                                                                        /* 0x000fe2000fffe0ff */
        /*1390*/                   LEA R13, R25, UR18, 0x8 ;                            /* 0x00000012190d7c11 */
                                                                                        /* 0x000fc6000f8e40ff */
        /*13a0*/                   ULEA UR13, UR14, UR13, 0x18 ;                        /* 0x0000000d0e0d7291 */
                                                                                        /* 0x000fe4000f8ec0ff */
        /*13b0*/                   IMAD R13, R0, 0x10, R13 ;                            /* 0x00000010000d7824 */
                                                                                        /* 0x000fc800078e020d */
        /*13c0*/                   LEA R30, R30, UR13, 0xc ;                            /* 0x0000000d1e1e7c11 */
                                                                                        /* 0x000fe4000f8e60ff */
        /*13d0*/                   LDS.128 R12, [R13] ;                                 /* 0x000000000d0c7984 */
                                                                                        /* 0x000fe60000000c00 */
        /*13e0*/                   IMAD R30, R25, 0x100, R30 ;                          /* 0x00000100191e7824 */
                                                                                        /* 0x000fc800078e021e */
        /*13f0*/                   IMAD R16, R3, 0x10, R30 ;                            /* 0x0000001003107824 */
                                                                                        /* 0x000fcc00078e021e */
        /*1400*/                   LDS.128 R16, [R16] ;                                 /* 0x0000000010107984 */
                                                                                        /* 0x000e240000000c00 */
        /*1410*/                   FFMA.FTZ R7, R12.reuse, R16, R7 ;                    /* 0x000000100c077223 */
                                                                                        /* 0x041fe20000010007 */
        /*1420*/                   FFMA.FTZ R2, R12.reuse, R17, R2 ;                    /* 0x000000110c027223 */
                                                                                        /* 0x040fe20000010002 */
        /*1430*/                   FFMA.FTZ R5, R12.reuse, R18, R5 ;                    /* 0x000000120c057223 */
                                                                                        /* 0x040fe20000010005 */
        /*1440*/                   FFMA.FTZ R8, R12, R19, R8 ;                          /* 0x000000130c087223 */
                                                                                        /* 0x000fe20000010008 */
        /*1450*/                   FFMA.FTZ R6, R13.reuse, R16, R6 ;                    /* 0x000000100d067223 */
                                                                                        /* 0x040fe20000010006 */
        /*1460*/                   FFMA.FTZ R4, R13.reuse, R17, R4 ;                    /* 0x000000110d047223 */
                                                                                        /* 0x040fe20000010004 */
        /*1470*/                   FFMA.FTZ R9, R13.reuse, R18, R9 ;                    /* 0x000000120d097223 */
                                                                                        /* 0x040fe20000010009 */
        /*1480*/                   FFMA.FTZ R10, R13, R19, R10 ;                        /* 0x000000130d0a7223 */
                                                                                        /* 0x000fe2000001000a */
        /*1490*/                   FFMA.FTZ R11, R14.reuse, R16, R11 ;                  /* 0x000000100e0b7223 */
                                                                                        /* 0x040fe2000001000b */
        /*14a0*/                   FFMA.FTZ R20, R14.reuse, R17, R20 ;                  /* 0x000000110e147223 */
                                                                                        /* 0x040fe20000010014 */
        /*14b0*/                   FFMA.FTZ R21, R14.reuse, R18, R21 ;                  /* 0x000000120e157223 */
                                                                                        /* 0x040fe20000010015 */
        /*14c0*/                   FFMA.FTZ R22, R14, R19, R22 ;                        /* 0x000000130e167223 */
                                                                                        /* 0x000fe20000010016 */
        /*14d0*/                   FFMA.FTZ R24, R15.reuse, R16, R24 ;                  /* 0x000000100f187223 */
                                                                                        /* 0x040fe20000010018 */
        /*14e0*/                   FFMA.FTZ R26, R15.reuse, R17, R26 ;                  /* 0x000000110f1a7223 */
                                                                                        /* 0x040fe2000001001a */
        /*14f0*/                   FFMA.FTZ R23, R15.reuse, R18, R23 ;                  /* 0x000000120f177223 */
                                                                                        /* 0x040fe20000010017 */
        /*1500*/                   FFMA.FTZ R28, R15, R19, R28 ;                        /* 0x000000130f1c7223 */
                                                                                        /* 0x000fce000001001c */
        /*1510*/                   BAR.SYNC.DEFER_BLOCKING 0x0 ;                        /* 0x0000000000007b1d */
                                                                                        /* 0x000fe20000010000 */
        /*1520*/                   UIADD3 UR5, UPT, UPT, UR15, -0x1, URZ ;              /* 0xffffffff0f057890 */
                                                                                        /* 0x000fc8000fffe0ff */
        /*1530*/                   USHF.R.U32.HI UR6, URZ, 0x4, UR5 ;                   /* 0x00000004ff067899 */
                                                                                        /* 0x000fe20008011605 */
        /*1540*/                   UIADD3 UR5, UPT, UPT, UR4, 0x1, URZ ;                /* 0x0000000104057890 */
                                                                                        /* 0x000fc6000fffe0ff */
        /*1550*/                   UISETP.NE.U32.AND UP1, UPT, UR4, UR6, UPT ;          /* 0x000000060400728c */
                                                                                        /* 0x000fc8000bf25070 */
        /*1560*/                   UMOV UR4, UR5 ;                                      /* 0x0000000500047c82 */
                                                                                        /* 0x000fca0008000000 */
        /*1570*/                   BRA.U UP1, 0x460 ;                                   /* 0xffffffed01b87547 */
                                                                                        /* 0x000fea000b83ffff */
        /*1580*/                   S2R R13, SR_CTAID.Y ;                                /* 0x00000000000d7919 */
                                                                                        /* 0x001f220000002600 */
        /*1590*/                   LDCU.64 UR8, c[0x0][0x398] ;                         /* 0x00007300ff0877ac */
                                                                                        /* 0x000e220008000a00 */
        /*15a0*/                   LEA R12, R3, UR10, 0x2 ;                             /* 0x0000000a030c7c11 */
                                                                                        /* 0x004fe2000f8e10ff */
        /*15b0*/                   LDCU.64 UR6, c[0x0][0x390] ;                         /* 0x00007200ff0677ac */
                                                                                        /* 0x000ea80008000a00 */
        /*15c0*/                   IADD R14, R12.reuse, 0x1 ;                           /* 0x000000010c0e7835 */
                                                                                        /* 0x042fe200078e0000 */
        /*15d0*/                   IADD R25, R12.reuse, 0x3 ;                           /* 0x000000030c197835 */
                                                                                        /* 0x040fe200078e0000 */
        /*15e0*/                   ISETP.GE.AND P1, PT, R12.reuse, UR9, PT ;            /* 0x000000090c007c0c */
                                                                                        /* 0x041fe2000bf26270 */
        /*15f0*/                   ISETP.GE.AND P0, PT, R12, UR9, PT ;                  /* 0x000000090c007c0c */
                                                                                        /* 0x000fc4000bf06270 */
        /*1600*/                   ISETP.GE.AND P3, PT, R14, UR9, PT ;                  /* 0x000000090e007c0c */
                                                                                        /* 0x000fe2000bf66270 */
        /*1610*/                   IADD R14, R12, 0x2 ;                                 /* 0x000000020c0e7835 */
                                                                                        /* 0x000fca00078e0000 */
        /*1620*/                   ISETP.GE.AND P2, PT, R14, UR9, PT ;                  /* 0x000000090e007c0c */
                                                                                        /* 0x000fe2000bf46270 */
        /*1630*/                   IMAD R0, R13, 0x10, R0 ;                             /* 0x000000100d007824 */
                                                                                        /* 0x010fe200078e0200 */
        /*1640*/                   SHF.R.S32.HI R13, RZ, 0x1f, R12 ;                    /* 0x0000001fff0d7819 */
                                                                                        /* 0x000fc6000001140c */
        /*1650*/                   IMAD.SHL.U32 R0, R0, 0x4, RZ ;                       /* 0x0000000400007824 */
                                                                                        /* 0x000fc800078e00ff */
        /*1660*/                   IMAD R30, R0.reuse, UR9, RZ ;                        /* 0x00000009001e7c24 */
                                                                                        /* 0x040fe2000f8e02ff */
        /*1670*/                   ISETP.LT.AND P1, PT, R0.reuse, UR8, !P1 ;            /* 0x0000000800007c0c */
                                                                                        /* 0x040fe2000cf21270 */
        /*1680*/                   IADD R3, R0.reuse, 0x1 ;                             /* 0x0000000100037835 */
                                                                                        /* 0x040fe200078e0000 */
        /*1690*/                   ISETP.GE.OR P5, PT, R0, UR8, P3 ;                    /* 0x0000000800007c0c */
                                                                                        /* 0x000fe40009fa6670 */
        /*16a0*/                   SHF.R.S32.HI R31, RZ, 0x1f, R30 ;                    /* 0x0000001fff1f7819 */
                                                                                        /* 0x000fe4000001141e */
        /*16b0*/                   ISETP.GE.OR P6, PT, R3, UR8, P0 ;                    /* 0x0000000803007c0c */
                                                                                        /* 0x000fc600087c6670 */
        /*16c0*/                   IADD.64 R18, R30, R12 ;                              /* 0x0000000c1e127235 */
                                                                                        /* 0x000fc800078e0200 */
        /*16d0*/               @P1 LDC.64 R32, c[0x0][0x390] ;                          /* 0x0000e400ff201b82 */
                                                                                        /* 0x000e220000000a00 */
        /*16e0*/               @P1 IADD R15, R12, R30 ;                                 /* 0x0000001e0c0f1235 */
                                                                                        /* 0x000fe200078e0000 */
        /*16f0*/                   LEA R16, P4, R18, UR6, 0x2 ;                         /* 0x0000000612107c11 */
                                                                                        /* 0x004fe2000f8810ff */
        /*1700*/                   IADD R30, R30, UR9 ;                                 /* 0x000000091e1e7c35 */
                                                                                        /* 0x000fc6000f8e0000 */
        /*1710*/                   LEA.HI.X R17, R18, UR7, R19, 0x2, P4 ;               /* 0x0000000712117c11 */
                                                                                        /* 0x000fe2000a0f1413 */
        /*1720*/                   ISETP.GE.OR P4, PT, R0, UR8, P2 ;                    /* 0x0000000800007c0c */
                                                                                        /* 0x000fe20009786670 */
        /*1730*/              @!P6 IADD R19, R12, R30 ;                                 /* 0x0000001e0c13e235 */
                                                                                        /* 0x000fe200078e0000 */
        /*1740*/                   SHF.R.S32.HI R31, RZ, 0x1f, R30 ;                    /* 0x0000001fff1f7819 */
                                                                                        /* 0x000fe2000001141e */
        /*1750*/               @P1 IMAD.WIDE R32, R15, 0x4, R32 ;                       /* 0x000000040f201825 */
                                                                                        /* 0x001fe400078e0220 */
        /*1760*/              @!P6 LDC.64 R14, c[0x0][0x390] ;                          /* 0x0000e400ff0eeb82 */
                                                                                        /* 0x000e260000000a00 */
        /*1770*/               @P1 STG.E desc[UR16][R32.64], R7 ;                       /* 0x0000000720001986 */
                                                                                        /* 0x0003e2000c101910 */
        /*1780*/                   ISETP.GE.AND P1, PT, R25, UR9, PT ;                  /* 0x0000000919007c0c */
                                                                                        /* 0x000fe2000bf26270 */
        /*1790*/                   IADD R25, R0, 0x2 ;                                  /* 0x0000000200197835 */
                                                                                        /* 0x000fc400078e0000 */
        /*17a0*/              @!P5 STG.E desc[UR16][R16.64+0x4], R2 ;                   /* 0x000004021000d986 */
                                                                                        /* 0x000fe4000c101910 */
        /*17b0*/                   ISETP.GE.OR P5, PT, R0.reuse, UR8, P1 ;              /* 0x0000000800007c0c */
                                                                                        /* 0x040fe20008fa6670 */
        /*17c0*/                   IADD R0, R0, 0x3 ;                                   /* 0x0000000300007835 */
                                                                                        /* 0x000fe200078e0000 */
        /*17d0*/              @!P4 STG.E desc[UR16][R16.64+0x8], R5 ;                   /* 0x000008051000c986 */
                                                                                        /* 0x0005e2000c101910 */
        /*17e0*/                   ISETP.GE.OR P4, PT, R25, UR8, P0 ;                   /* 0x0000000819007c0c */
                                                                                        /* 0x000fc60008786670 */
        /*17f0*/                   ISETP.GE.OR P0, PT, R0, UR8, P0 ;                    /* 0x0000000800007c0c */
                                                                                        /* 0x000fce0008706670 */
        /*1800*/              @!P5 STG.E desc[UR16][R16.64+0xc], R8 ;                   /* 0x00000c081000d986 */
                                                                                        /* 0x000fe2000c101910 */
        /*1810*/                   ISETP.GE.OR P5, PT, R3, UR8, P3 ;                    /* 0x0000000803007c0c */
                                                                                        /* 0x000fe20009fa6670 */
        /*1820*/              @!P6 IMAD.WIDE R18, R19, 0x4, R14 ;                       /* 0x000000041312e825 */
                                                                                        /* 0x001fe200078e020e */
        /*1830*/                   IADD.64 R14, R12, R30 ;                              /* 0x0000001e0c0e7235 */
                                                                                        /* 0x000fe400078e0200 */
        /*1840*/              @!P4 LDC.64 R32, c[0x0][0x390] ;                          /* 0x0000e400ff20cb82 */
                                                                                        /* 0x002e220000000a00 */
        /*1850*/                   IADD R30, R30, UR9 ;                                 /* 0x000000091e1e7c35 */
                                                                                        /* 0x000fe2000f8e0000 */
        /*1860*/              @!P6 STG.E desc[UR16][R18.64], R6 ;                       /* 0x000000061200e986 */
                                                                                        /* 0x0003e2000c101910 */
        /*1870*/                   LEA R34, P6, R14, UR6, 0x2 ;                         /* 0x000000060e227c11 */
                                                                                        /* 0x000fc6000f8c10ff */
        /*1880*/                   SHF.R.S32.HI R31, RZ, 0x1f, R30 ;                    /* 0x0000001fff1f7819 */
                                                                                        /* 0x000fe4000001141e */
        /*1890*/                   LEA.HI.X R35, R14, UR7, R15, 0x2, P6 ;               /* 0x000000070e237c11 */
                                                                                        /* 0x000fe2000b0f140f */
        /*18a0*/                   ISETP.GE.OR P6, PT, R3, UR8, P2 ;                    /* 0x0000000803007c0c */
                                                                                        /* 0x000fe200097c6670 */
        /*18b0*/              @!P4 IADD R5, R12, R30 ;                                  /* 0x0000001e0c05c235 */
                                                                                        /* 0x004fc600078e0000 */
        /*18c0*/              @!P5 STG.E desc[UR16][R34.64+0x4], R4 ;                   /* 0x000004042200d986 */
                                                                                        /* 0x0005e2000c101910 */
        /*18d0*/                   ISETP.GE.OR P5, PT, R3, UR8, P1 ;                    /* 0x0000000803007c0c */
                                                                                        /* 0x000fe20008fa6670 */
        /*18e0*/                   IADD.64 R6, R12, R30 ;                               /* 0x0000001e0c067235 */
                                                                                        /* 0x002fe400078e0200 */
        /*18f0*/              @!P0 LDC.64 R2, c[0x0][0x390] ;                           /* 0x0000e400ff028b82 */
                                                                                        /* 0x000e620000000a00 */
        /*1900*/                   IADD R30, R30, UR9 ;                                 /* 0x000000091e1e7c35 */
                                                                                        /* 0x000fc8000f8e0000 */
        /*1910*/              @!P6 STG.E desc[UR16][R34.64+0x8], R9 ;                   /* 0x000008092200e986 */
                                                                                        /* 0x0007e2000c101910 */
        /*1920*/              @!P4 IMAD.WIDE R32, R5, 0x4, R32 ;                        /* 0x000000040520c825 */
                                                                                        /* 0x001fe200078e0220 */
        /*1930*/                   LEA R14, P6, R6, UR6, 0x2 ;                          /* 0x00000006060e7c11 */
                                                                                        /* 0x000fc6000f8c10ff */
        /*1940*/              @!P5 STG.E desc[UR16][R34.64+0xc], R10 ;                  /* 0x00000c0a2200d986 */
                                                                                        /* 0x0007e2000c101910 */
        /*1950*/                   ISETP.GE.OR P5, PT, R25.reuse, UR8, P3 ;             /* 0x0000000819007c0c */
                                                                                        /* 0x040fe20009fa6670 */
        /*1960*/                   SHF.R.S32.HI R31, RZ, 0x1f, R30 ;                    /* 0x0000001fff1f7819 */
                                                                                        /* 0x000fe4000001141e */
        /*1970*/                   LEA.HI.X R15, R6, UR7, R7, 0x2, P6 ;                 /* 0x00000007060f7c11 */
                                                                                        /* 0x000fe2000b0f1407 */
        /*1980*/              @!P4 STG.E desc[UR16][R32.64], R11 ;                      /* 0x0000000b2000c986 */
                                                                                        /* 0x0007e2000c101910 */
        /*1990*/                   ISETP.GE.OR P4, PT, R25.reuse, UR8, P2 ;             /* 0x0000000819007c0c */
                                                                                        /* 0x040fe20009786670 */
        /*19a0*/                   ISETP.GE.OR P6, PT, R25, UR8, P1 ;                   /* 0x0000000819007c0c */
                                                                                        /* 0x000fe20008fc6670 */
        /*19b0*/              @!P0 IADD R5, R12.reuse, R30.reuse ;                      /* 0x0000001e0c058235 */
                                                                                        /* 0x0c0fe200078e0000 */
        /*19c0*/                   IADD.64 R12, R12, R30 ;                              /* 0x0000001e0c0c7235 */
                                                                                        /* 0x000fe400078e0200 */
        /*19d0*/                   ISETP.GE.OR P3, PT, R0.reuse, UR8, P3 ;              /* 0x0000000800007c0c */
                                                                                        /* 0x040fe20009f66670 */
        /*19e0*/                   ISETP.GE.OR P2, PT, R0.reuse, UR8, P2 ;              /* 0x0000000800007c0c */
                                                                                        /* 0x040fe20009746670 */
        /*19f0*/                   ISETP.GE.OR P1, PT, R0, UR8, P1 ;                    /* 0x0000000800007c0c */
                                                                                        /* 0x000fe20008f26670 */
        /*1a00*/              @!P5 STG.E desc[UR16][R14.64+0x4], R20 ;                  /* 0x000004140e00d986 */
                                                                                        /* 0x0007e2000c101910 */
        /*1a10*/                   LEA R4, P5, R12, UR6, 0x2 ;                          /* 0x000000060c047c11 */
                                                                                        /* 0x004fe2000f8a10ff */
        /*1a20*/              @!P0 IMAD.WIDE R2, R5, 0x4, R2 ;                          /* 0x0000000405028825 */
                                                                                        /* 0x002fc600078e0202 */
        /*1a30*/                   LEA.HI.X R5, R12, UR7, R13, 0x2, P5 ;                /* 0x000000070c057c11 */
                                                                                        /* 0x000fe2000a8f140d */
        /*1a40*/              @!P4 STG.E desc[UR16][R14.64+0x8], R21 ;                  /* 0x000008150e00c986 */
                                                                                        /* 0x0007e8000c101910 */
        /*1a50*/              @!P6 STG.E desc[UR16][R14.64+0xc], R22 ;                  /* 0x00000c160e00e986 */
                                                                                        /* 0x0007e8000c101910 */
        /*1a60*/              @!P0 STG.E desc[UR16][R2.64], R24 ;                       /* 0x0000001802008986 */
                                                                                        /* 0x0007e8000c101910 */
        /*1a70*/              @!P3 STG.E desc[UR16][R4.64+0x4], R26 ;                   /* 0x0000041a0400b986 */
                                                                                        /* 0x0007e8000c101910 */
        /*1a80*/              @!P2 STG.E desc[UR16][R4.64+0x8], R23 ;                   /* 0x000008170400a986 */
                                                                                        /* 0x0007e2000c101910 */
        /*1a90*/               @P1 EXIT ;                                               /* 0x000000000000194d */
                                                                                        /* 0x000fea0003800000 */
        /*1aa0*/                   STG.E desc[UR16][R4.64+0xc], R28 ;                   /* 0x00000c1c04007986 */
                                                                                        /* 0x000fe2000c101910 */
        /*1ab0*/                   EXIT ;                                               /* 0x000000000000794d */
                                                                                        /* 0x000fea0003800000 */
        /*1ac0*/                   BRA 0x1ac0;                                          /* 0xfffffffc00fc7947 */
                                                                                        /* 0x000fc0000383ffff */
        /*1ad0*/                   NOP;                                                 /* 0x0000000000007918 */
                                                                                        /* 0x000fc00000000000 */
        /*1ae0*/                   NOP;                                                 /* 0x0000000000007918 */
                                                                                        /* 0x000fc00000000000 */
        /*1af0*/                   NOP;                                                 /* 0x0000000000007918 */
                                                                                        /* 0x000fc00000000000 */
        /*1b00*/                   NOP;                                                 /* 0x0000000000007918 */
                                                                                        /* 0x000fc00000000000 */
        /*1b10*/                   NOP;                                                 /* 0x0000000000007918 */
                                                                                        /* 0x000fc00000000000 */
        /*1b20*/                   NOP;                                                 /* 0x0000000000007918 */
                                                                                        /* 0x000fc00000000000 */
        /*1b30*/                   NOP;                                                 /* 0x0000000000007918 */
                                                                                        /* 0x000fc00000000000 */
        /*1b40*/                   NOP;                                                 /* 0x0000000000007918 */
                                                                                        /* 0x000fc00000000000 */
        /*1b50*/                   NOP;                                                 /* 0x0000000000007918 */
                                                                                        /* 0x000fc00000000000 */
        /*1b60*/                   NOP;                                                 /* 0x0000000000007918 */
                                                                                        /* 0x000fc00000000000 */
        /*1b70*/                   NOP;                                                 /* 0x0000000000007918 */
                                                                                        /* 0x000fc00000000000 */
		..........


		Function : _Z19register_tiled_gemmILb1ELb0EEvPKfS1_PfiiiPK14CUtensorMap_st
	.headerflags	@"EF_CUDA_SM120 EF_CUDA_VIRTUAL_SM(EF_CUDA_SM120)"
        /*0000*/                   LDC R1, c[0x0][0x37c] ;                              /* 0x0000df00ff017b82 */
                                                                                        /* 0x000ff00000000800 */
        /*0010*/                   S2UR UR10, SR_CTAID.X ;                              /* 0x00000000000a79c3 */
                                                                                        /* 0x000e220000002500 */
        /*0020*/                   LDCU UR13, c[0x0][0x3a0] ;                           /* 0x00007400ff0d77ac */
                                                                                        /* 0x000e620008000800 */
        /*0030*/                   S2R R0, SR_TID.X ;                                   /* 0x0000000000007919 */
                                                                                        /* 0x000ea20000002100 */
        /*0040*/                   LDCU UR5, c[0x0][0x39c] ;                            /* 0x00007380ff0577ac */
                                                                                        /* 0x000ee20008000800 */
        /*0050*/                   S2R R3, SR_TID.Y ;                                   /* 0x0000000000037919 */
                                                                                        /* 0x000f220000002200 */
        /*0060*/                   ULOP3.LUT UP0, URZ, UR13, 0xf, URZ, 0xc0, !UPT ;     /* 0x0000000f0dff7892 */
                                                                                        /* 0x002fe2000f80c0ff */
        /*0070*/                   USHF.L.U32 UR10, UR10, 0x6, URZ ;                    /* 0x000000060a0a7899 */
                                                                                        /* 0x001fc800080006ff */
        /*0080*/                   UIADD3 UR4, UPT, UPT, UR10, 0x40, URZ ;              /* 0x000000400a047890 */
                                                                                        /* 0x000fc8000fffe0ff */
        /*0090*/                   UISETP.LE.AND UP0, UPT, UR4, UR5, !UP0 ;             /* 0x000000050400728c */
                                                                                        /* 0x008fd2000c703270 */
        /*00a0*/                   BRA.U !UP0, 0x320 ;                                  /* 0x00000001089c7547 */
                                                                                        /* 0x000fea000b800000 */
        /*00b0*/                   IMAD R2, R3, 0x10, R0 ;                              /* 0x0000001003027824 */
                                                                                        /* 0x014fe200078e0200 */
        /*00c0*/                   UMOV UR4, 0x1 ;                                      /* 0x0000000100047882 */
                                                                                        /* 0x000fe20000000000 */
        /*00d0*/                   BSSY.RECONVERGENT B0, 0x320 ;                        /* 0x0000024000007945 */
                                                                                        /* 0x000fe60003800200 */
        /*00e0*/                   ISETP.NE.U32.AND P0, PT, R2, RZ, PT ;                /* 0x000000ff0200720c */
                                                                                        /* 0x000fda0003f05070 */
        /*00f0*/              @!P0 S2R R5, SR_CgaCtaId ;                                /* 0x0000000000058919 */
                                                                                        /* 0x000e220000008800 */
        /*0100*/              @!P0 MOV R2, 0x400 ;                                      /* 0x0000040000028802 */
                                                                                        /* 0x000fe20000000f00 */
        /*0110*/                   VOTEU.ALL UP1, P0 ;                                  /* 0x0000000000ff7886 */
                                                                                        /* 0x000fe20000020000 */
        /*0120*/                   VOTEU.ALL UP2, P0 ;                                  /* 0x0000000000ff7886 */
                                                                                        /* 0x000fc60000040000 */
        /*0130*/              @!P0 IADD R2, R2, 0x3000 ;                                /* 0x0000300002028835 */
                                                                                        /* 0x000fe200078e0000 */
        /*0140*/                   @!UP1 UIADD3 UR4, UPT, UPT, -UR4, 0x100000, URZ ;    /* 0x0010000004049890 */
                                                                                        /* 0x000fc8000fffe1ff */
        /*0150*/                   @!UP1 USHF.L.U32 UR5, UR4, 0xb, URZ ;                /* 0x0000000b04059899 */
                                                                                        /* 0x000fe200080006ff */
        /*0160*/                   @!UP1 USHF.L.U32 UR4, UR4, 0x1, URZ ;                /* 0x0000000104049899 */
                                                                                        /* 0x000fe200080006ff */
        /*0170*/                   VOTEU.ALL UP1, P0 ;                                  /* 0x0000000000ff7886 */
                                                                                        /* 0x000fe20000020000 */
        /*0180*/              @!P0 LEA R2, R5, R2, 0x18 ;                               /* 0x0000000205028211 */
                                                                                        /* 0x001fc800078ec0ff */
        /*0190*/              @!P0 R2UR UR6, R2 ;                                       /* 0x00000000020682ca */
                                                                                        /* 0x000fe200000e0000 */
        /*01a0*/                   FENCE.VIEW.ASYNC.S ;                                 /* 0x00000000000073c6 */
                                                                                        /* 0x000e180000000000 */
        /*01b0*/                   @!UP1 SYNCS.EXCH.64 URZ, [UR6], UR4 ;                /* 0x0000000406ff95b2 */
                                                                                        /* 0x0010620008000100 */
        /*01c0*/                   @!UP2 SYNCS.EXCH.64 URZ, [UR6+0x8], UR4 ;            /* 0x0000080406ffa5b2 */
                                                                                        /* 0x0004640008000100 */
        /*01d0*/                   BAR.SYNC.DEFER_BLOCKING 0x0 ;                        /* 0x0000000000007b1d */
                                                                                        /* 0x002fec0000010000 */
        /*01e0*/               @P0 BRA 0x300 ;                                          /* 0x0000000000440947 */
                                                                                        /* 0x000fea0003800000 */
        /*01f0*/                   S2UR UR4, SR_CgaCtaId ;                              /* 0x00000000000479c3 */
                                                                                        /* 0x005e220000008800 */
        /*0200*/                   UMOV UR8, 0x400 ;                                    /* 0x0000040000087882 */
                                                                                        /* 0x000fe20000000000 */
        /*0210*/                   HFMA2 R2, -RZ, RZ, 0, 0.00048828125 ;                /* 0x00001000ff027431 */
                                                                                        /* 0x000fe200000001ff */
        /*0220*/                   UIADD3 UR9, UPT, UPT, UR8, 0x3000, URZ ;             /* 0x0000300008097890 */
                                                                                        /* 0x000fe2000fffe0ff */
        /*0230*/                   UIADD3 UR8, UPT, UPT, UR8, 0x1000, URZ ;             /* 0x0000100008087890 */
                                                                                        /* 0x000fe2000fffe0ff */
        /*0240*/                   PLOP3.LUT P0, PT, PT, PT, PT, 0x80, 0x8 ;            /* 0x000000000008781c */
                                                                                        /* 0x000fe20003f0f070 */
        /*0250*/                   LDCU.64 UR6, c[0x0][0x3a8] ;                         /* 0x00007500ff0677ac */
                                                                                        /* 0x000e620008000a00 */
        /*0260*/                   UMOV UR11, URZ ;                                     /* 0x000000ff000b7c82 */
                                                                                        /* 0x000fe20008000000 */
        /*0270*/                   UMOV UR12, URZ ;                                     /* 0x000000ff000c7c82 */
                                                                                        /* 0x000fe20008000000 */
        /*0280*/                   ULEA UR9, UR4, UR9, 0x18 ;                           /* 0x0000000904097291 */
                                                                                        /* 0x001fe2000f8ec0ff */
        /*0290*/                   ULEA UR8, UR4, UR8, 0x18 ;                           /* 0x0000000804087291 */
                                                                                        /* 0x000fd0000f8ec0ff */
        /*02a0*/                   SYNCS.ARRIVE.TRANS64 RZ, [UR9], R2 ;                 /* 0x00000002ffff79a7 */
                                                                                        /* 0x0021e80008000009 */
        /*02b0*/               @P0 ELECT P1, URZ, PT ;                                  /* 0x0000000000ff082f */
                                                                                        /* 0x000fe20003820000 */
        /*02c0*/                   UTMALDG.3D [UR8], [UR6] ;                            /* 0x00000008060075b4 */
                                                                                        /* 0x0023d80008010000 */
        /*02d0*/               @P1 PLOP3.LUT P0, PT, P1, PT, PT, 0x8, 0x80 ;            /* 0x000000000080181c */
                                                                                        /* 0x000fe40000f0e170 */
        /*02e0*/                   PLOP3.LUT P1, PT, PT, PT, PT, 0x8, 0x80 ;            /* 0x000000000080781c */
                                                                                        /* 0x000fd60003f2e170 */
        /*02f0*/               @P0 BRA.U.ANY 0x2b0 ;                                    /* 0xfffffffd00ec0947 */
                                                                                        /* 0x001fea000393ffff */
        /*0300*/                   NOP ;                                                /* 0x0000000000007918 */
                                                                                        /* 0x000fe20000000000 */
        /*0310*/                   BSYNC.RECONVERGENT B0 ;                              /* 0x0000000000007941 */
                                                                                        /* 0x007fea0003800200 */
        /*0320*/                   UISETP.GE.AND UP1, UPT, UR13, 0x1, UPT ;             /* 0x000000010d00788c */
                                                                                        /* 0x000fe2000bf26270 */
        /*0330*/                   HFMA2 R28, -RZ, RZ, 0, 0 ;                           /* 0x00000000ff1c7431 */
                                                                                        /* 0x000fe200000001ff */
        /*0340*/                   CS2R R22, SRZ ;                                      /* 0x0000000000167805 */
                                                                                        /* 0x000fe2000001ff00 */
        /*0350*/                   HFMA2 R24, -RZ, RZ, 0, 0 ;                           /* 0x00000000ff187431 */
                                                                                        /* 0x000fe200000001ff */
        /*0360*/                   MOV R26, RZ ;                                        /* 0x000000ff001a7202 */
                                                                                        /* 0x000fe20000000f00 */
        /*0370*/                   CS2R R20, SRZ ;                                      /* 0x0000000000147805 */
                                                                                        /* 0x000fe2000001ff00 */
        /*0380*/                   CS2R R18, SRZ ;                                      /* 0x0000000000127805 */
                                                                                        /* 0x000fe2000001ff00 */
        /*0390*/                   CS2R R16, SRZ ;                                      /* 0x0000000000107805 */
                                                                                        /* 0x000fe2000001ff00 */
        /*03a0*/                   CS2R R4, SRZ ;                                       /* 0x0000000000047805 */
                                                                                        /* 0x000fe2000001ff00 */
        /*03b0*/                   CS2R R6, SRZ ;                                       /* 0x0000000000067805 */
                                                                                        /* 0x000fe2000001ff00 */
        /*03c0*/                   MOV R2, RZ ;                                         /* 0x000000ff00027202 */
                                                                                        /* 0x000fe20000000f00 */
        /*03d0*/                   LDCU.64 UR14, c[0x0][0x358] ;                        /* 0x00006b00ff0e77ac */
                                                                                        /* 0x000e220008000a00 */
        /*03e0*/                   BRA.U !UP1, 0x16e0 ;                                 /* 0x0000001109bc7547 */
                                                                                        /* 0x000fea000b800000 */
        /*03f0*/                   IMAD.SHL.U32 R0, R0, 0x4, RZ ;                       /* 0x0000000400007824 */
                                                                                        /* 0x004fe200078e00ff */
        /*0400*/                   MOV R28, RZ ;                                        /* 0x000000ff001c7202 */
                                                                                        /* 0x000fe20000000f00 */
        /*0410*/                   MOV R35, RZ ;                                        /* 0x000000ff00237202 */
                                                                                        /* 0x000fe20000000f00 */
        /*0420*/                   UMOV UR4, URZ ;                                      /* 0x000000ff00047c82 */
                                                                                        /* 0x000fe20008000000 */
        /*0430*/                   UMOV UR11, URZ ;                                     /* 0x000000ff000b7c82 */
                                                                                        /* 0x000fe20008000000 */
        /*0440*/                   LOP3.LUT R0, R0, 0x3c, RZ, 0xc0, !PT ;               /* 0x0000003c00007812 */
                                                                                        /* 0x000fca00078ec0ff */
        /*0450*/                   IADD R34, R0, UR10 ;                                 /* 0x0000000a00227c35 */
                                                                                        /* 0x010fce000f8e0000 */
        /*0460*/                   S2R R0, SR_TID.X ;                                   /* 0x0000000000007919 */
                                                                                        /* 0x002e620000002100 */
        /*0470*/                   S2UR UR5, SR_CTAID.Y ;                               /* 0x00000000000579c3 */
                                                                                        /* 0x004ea20000002600 */
        /*0480*/                   LDCU UR13, c[0x0][0x3a0] ;                           /* 0x00007400ff0d77ac */
                                                                                        /* 0x000ee20008000800 */
        /*0490*/                   BSSY.RECONVERGENT B0, 0xa90 ;                        /* 0x000005f000007945 */
                                                                                        /* 0x000fe20003800200 */
        /*04a0*/                   S2R R3, SR_TID.Y ;                                   /* 0x0000000000037919 */
                                                                                        /* 0x000f220000002200 */
        /*04b0*/                   LDCU UR6, c[0x0][0x398] ;                            /* 0x00007300ff0677ac */
                                                                                        /* 0x000f620008000800 */
        /*04c0*/                   UMOV UR7, UR11 ;                                     /* 0x0000000b00077c82 */
                                                                                        /* 0x000fe20008000000 */
        /*04d0*/                   USHF.L.U32 UR5, UR5, 0x6, URZ ;                      /* 0x0000000605057899 */
                                                                                        /* 0x004fe200080006ff */
        /*04e0*/                   IMAD.SHL.U32 R32, R0, 0x4, RZ ;                      /* 0x0000000400207824 */
                                                                                        /* 0x002fe400078e00ff */
        /*04f0*/                   IMAD R14, R3, 0x10, R0 ;                             /* 0x00000010030e7824 */
                                                                                        /* 0x011fc600078e0200 */
        /*0500*/                   LOP3.LUT R32, R32, 0xc, RZ, 0xc0, !PT ;              /* 0x0000000c20207812 */
                                                                                        /* 0x000fe400078ec0ff */
        /*0510*/                   LEA.HI R25, R14, UR5, RZ, 0x1e ;                     /* 0x000000050e197c11 */
                                                                                        /* 0x000fe2000f8ff0ff */
        /*0520*/                   UIADD3 UR5, UPT, UPT, UR11, 0x10, URZ ;              /* 0x000000100b057890 */
                                                                                        /* 0x000fe4000fffe0ff */
        /*0530*/                   IADD R32, R32, UR11 ;                                /* 0x0000000b20207c35 */
                                                                                        /* 0x000fe4000f8e0000 */
        /*0540*/                   ISETP.GE.AND P2, PT, R25, UR6, PT ;                  /* 0x0000000619007c0c */
                                                                                        /* 0x020fc6000bf46270 */
        /*0550*/                   IADD R8, R32, 0x3 ;                                  /* 0x0000000320087835 */
                                                                                        /* 0x000fe200078e0000 */
        /*0560*/                   UMOV UR11, UR5 ;                                     /* 0x00000005000b7c82 */
                                                                                        /* 0x000fc80008000000 */
        /*0570*/                   ISETP.GE.AND P0, PT, R8, UR13, PT ;                  /* 0x0000000d08007c0c */
                                                                                        /* 0x008fca000bf06270 */
        /*0580*/                   ISETP.GE.OR P1, PT, R25, UR6, P0 ;                   /* 0x0000000619007c0c */
                                                                                        /* 0x000fda0008726670 */
        /*0590*/               @P1 BRA 0x6c0 ;                                          /* 0x0000000000481947 */
                                                                                        /* 0x000fea0003800000 */
        /*05a0*/                   LDC.64 R8, c[0x0][0x380] ;                           /* 0x0000e000ff087b82 */
                                                                                        /* 0x000e620000000a00 */
        /*05b0*/                   IMAD R25, R25, UR13, R32 ;                           /* 0x0000000d19197c24 */
                                                                                        /* 0x000fc8000f8e0220 */
        /*05c0*/                   IMAD.WIDE.U32 R8, R25, 0x4, R8 ;                     /* 0x0000000419087825 */
                                                                                        /* 0x002fcc00078e0008 */
        /*05d0*/                   LDG.E.128.CONSTANT R8, desc[UR14][R8.64] ;           /* 0x0000000e08087981 */
                                                                                        /* 0x001ea2000c1e9d00 */
        /*05e0*/                   S2UR UR6, SR_CgaCtaId ;                              /* 0x00000000000679c3 */
                                                                                        /* 0x000e220000008800 */
        /*05f0*/                   UMOV UR5, 0x400 ;                                    /* 0x0000040000057882 */
                                                                                        /* 0x000fe20000000000 */
        /*0600*/                   IMAD.SHL.U32 R12, R0, 0x400, RZ ;                    /* 0x00000400000c7824 */
                                                                                        /* 0x000fe200078e00ff */
        /*0610*/                   MOV R30, UR5 ;                                       /* 0x00000005001e7c02 */
                                                                                        /* 0x000fe20008000f00 */
        /*0620*/                   LOP3.LUT R15, R14, 0xfffffffc, RZ, 0xc0, !PT ;       /* 0xfffffffc0e0f7812 */
                                                                                        /* 0x000fc600078ec0ff */
        /*0630*/                   LOP3.LUT R13, R12, 0xc00, RZ, 0xc0, !PT ;            /* 0x00000c000c0d7812 */
                                                                                        /* 0x000fe200078ec0ff */
        /*0640*/                   MOV R25, UR6 ;                                       /* 0x0000000600197c02 */
                                                                                        /* 0x001fca0008000f00 */
        /*0650*/                   LEA R32, R25, R30, 0x18 ;                            /* 0x0000001e19207211 */
                                                                                        /* 0x000fc800078ec0ff */
        /*0660*/                   IADD3 R13, PT, PT, R15, R32, R13 ;                   /* 0x000000200f0d7210 */
                                                                                        /* 0x000fca0007ffe00d */
        /*0670*/                   STS [R13], R8 ;                                      /* 0x000000080d007388 */
                                                                                        /* 0x0041e80000000800 */
        /*0680*/                   STS [R13+0x100], R9 ;                                /* 0x000100090d007388 */
                                                                                        /* 0x0001e80000000800 */
        /*0690*/                   STS [R13+0x200], R10 ;                               /* 0x0002000a0d007388 */
                                                                                        /* 0x0001e80000000800 */
        /*06a0*/                   STS [R13+0x300], R11 ;                               /* 0x0003000b0d007388 */
                                                                                        /* 0x0001e20000000800 */
        /*06b0*/                   BRA 0xa70 ;                                          /* 0x0000000000ec7947 */
                                                                                        /* 0x000fea0003800000 */
        /*06c0*/               @P2 BRA 0x9a0 ;                                          /* 0x0000000000b42947 */
                                                                                        /* 0x000fea0003800000 */
        /*06d0*/                   IADD R8, R32.reuse, 0x1 ;                            /* 0x0000000120087835 */
                                                                                        /* 0x040fe200078e0000 */
        /*06e0*/                   ISETP.GE.AND P1, PT, R32, UR13, PT ;                 /* 0x0000000d20007c0c */
                                                                                        /* 0x000fe2000bf26270 */
        /*06f0*/                   HFMA2 R15, -RZ, RZ, 0, 0 ;                           /* 0x00000000ff0f7431 */
                                                                                        /* 0x000fc600000001ff */
        /*0700*/                   ISETP.GE.AND P2, PT, R8, UR13, PT ;                  /* 0x0000000d08007c0c */
                                                                                        /* 0x000fe2000bf46270 */
        /*0710*/                   IADD R8, R32, 0x2 ;                                  /* 0x0000000220087835 */
                                                                                        /* 0x000fca00078e0000 */
        /*0720*/                   ISETP.GE.AND P3, PT, R8, UR13, PT ;                  /* 0x0000000d08007c0c */
                                                                                        /* 0x000fce000bf66270 */
        /*0730*/              @!P2 LDC.64 R10, c[0x0][0x380] ;                          /* 0x0000e000ff0aab82 */
                                                                                        /* 0x000e620000000a00 */
        /*0740*/              @!P2 MOV R33, RZ ;                                        /* 0x000000ff0021a202 */
                                                                                        /* 0x000fc60000000f00 */
        /*0750*/              @!P2 IMAD.WIDE.U32 R12, R25, UR13, R32 ;                  /* 0x0000000d190cac25 */
                                                                                        /* 0x000fc8000f8e0020 */
        /*0760*/              @!P3 LDC.64 R8, c[0x0][0x380] ;                           /* 0x0000e000ff08bb82 */
                                                                                        /* 0x000ea20000000a00 */
        /*0770*/              @!P3 MOV R33, RZ ;                                        /* 0x000000ff0021b202 */
                                                                                        /* 0x000fe20000000f00 */
        /*0780*/              @!P2 LEA R36, P4, R12, R10, 0x2 ;                         /* 0x0000000a0c24a211 */
                                                                                        /* 0x002fc800078810ff */
        /*0790*/              @!P2 LEA.HI.X R37, R12, R11, R13, 0x2, P4 ;               /* 0x0000000b0c25a211 */
                                                                                        /* 0x000fe400020f140d */
        /*07a0*/              @!P0 LDC.64 R10, c[0x0][0x380] ;                          /* 0x0000e000ff0a8b82 */
                                                                                        /* 0x000e620000000a00 */
        /*07b0*/              @!P3 IMAD.WIDE.U32 R30, R25, UR13, R32 ;                  /* 0x0000000d191ebc25 */
                                                                                        /* 0x000fce000f8e0020 */
        /*07c0*/              @!P1 LDC.64 R12, c[0x0][0x380] ;                          /* 0x0000e000ff0c9b82 */
                                                                                        /* 0x000ee20000000a00 */
        /*07d0*/              @!P2 LDG.E.CONSTANT R15, desc[UR14][R36.64+0x4] ;         /* 0x0000040e240fa981 */
                                                                                        /* 0x001122000c1e9900 */
        /*07e0*/              @!P3 LEA R8, P2, R30.reuse, R8, 0x2 ;                     /* 0x000000081e08b211 */
                                                                                        /* 0x044fe200078410ff */
        /*07f0*/                   HFMA2 R27, -RZ, RZ, 0, 0 ;                           /* 0x00000000ff1b7431 */
                                                                                        /* 0x000fe200000001ff */
        /*0800*/              @!P0 MOV R33, RZ ;                                        /* 0x000000ff00218202 */
                                                                                        /* 0x000fe20000000f00 */
        /*0810*/                   MOV R29, RZ ;                                        /* 0x000000ff001d7202 */
                                                                                        /* 0x000fe20000000f00 */
        /*0820*/              @!P3 LEA.HI.X R9, R30, R9, R31, 0x2, P2 ;                 /* 0x000000091e09b211 */
                                                                                        /* 0x000fe200010f141f */
        /*0830*/              @!P0 IMAD.WIDE.U32 R30, R25, UR13, R32 ;                  /* 0x0000000d191e8c25 */
                                                                                        /* 0x000fc8000f8e0020 */
        /*0840*/              @!P1 IMAD R25, R25, UR13, R32 ;                           /* 0x0000000d19199c24 */
                                                                                        /* 0x000fe2000f8e0220 */
        /*0850*/              @!P0 LEA R10, P2, R30, R10, 0x2 ;                         /* 0x0000000a1e0a8211 */
                                                                                        /* 0x002fc800078410ff */
        /*0860*/              @!P0 LEA.HI.X R11, R30, R11, R31, 0x2, P2 ;               /* 0x0000000b1e0b8211 */
                                                                                        /* 0x000fe200010f141f */
        /*0870*/                   HFMA2 R31, -RZ, RZ, 0, 0 ;                           /* 0x00000000ff1f7431 */
                                                                                        /* 0x000fe400000001ff */
        /*0880*/              @!P1 IMAD.WIDE.U32 R12, R25, 0x4, R12 ;                   /* 0x00000004190c9825 */
                                                                                        /* 0x008fe400078e000c */
        /*0890*/              @!P0 LDG.E.CONSTANT R27, desc[UR14][R10.64+0xc] ;         /* 0x00000c0e0a1b8981 */
                                                                                        /* 0x000ea8000c1e9900 */
        /*08a0*/              @!P3 LDG.E.CONSTANT R31, desc[UR14][R8.64+0x8] ;          /* 0x0000080e081fb981 */
                                                                                        /* 0x0002e8000c1e9900 */
        /*08b0*/              @!P1 LDG.E.CONSTANT R29, desc[UR14][R12.64] ;             /* 0x0000000e0c1d9981 */
                                                                                        /* 0x000f62000c1e9900 */
        /*08c0*/                   S2UR UR6, SR_CgaCtaId ;                              /* 0x00000000000679c3 */
                                                                                        /* 0x000e620000008800 */
        /*08d0*/                   UMOV UR5, 0x400 ;                                    /* 0x0000040000057882 */
                                                                                        /* 0x000fe20000000000 */
        /*08e0*/                   IMAD.SHL.U32 R32, R0, 0x400, RZ ;                    /* 0x0000040000207824 */
                                                                                        /* 0x000fe200078e00ff */
        /*08f0*/                   MOV R30, UR5 ;                                       /* 0x00000005001e7c02 */
                                                                                        /* 0x000fe20008000f00 */
        /*0900*/                   LOP3.LUT R33, R14, 0xfffffffc, RZ, 0xc0, !PT ;       /* 0xfffffffc0e217812 */
                                                                                        /* 0x000fc600078ec0ff */
        /*0910*/                   LOP3.LUT R36, R32, 0xc00, RZ, 0xc0, !PT ;            /* 0x00000c0020247812 */
                                                                                        /* 0x001fe200078ec0ff */
        /*0920*/                   MOV R25, UR6 ;                                       /* 0x0000000600197c02 */
                                                                                        /* 0x002fca0008000f00 */
        /*0930*/                   LEA R32, R25, R30, 0x18 ;                            /* 0x0000001e19207211 */
                                                                                        /* 0x000fc800078ec0ff */
        /*0940*/                   IADD3 R8, PT, PT, R36, R32, R33 ;                    /* 0x0000002024087210 */
                                                                                        /* 0x000fca0007ffe021 */
        /*0950*/                   STS [R8+0x100], R15 ;                                /* 0x0001000f08007388 */
                                                                                        /* 0x0103e80000000800 */
        /*0960*/                   STS [R8+0x300], R27 ;                                /* 0x0003001b08007388 */
                                                                                        /* 0x0043e80000000800 */
        /*0970*/                   STS [R8+0x200], R31 ;                                /* 0x0002001f08007388 */
                                                                                        /* 0x0083e80000000800 */
        /*0980*/                   STS [R8], R29 ;                                      /* 0x0000001d08007388 */
                                                                                        /* 0x0203e20000000800 */
        /*0990*/                   BRA 0xa70 ;                                          /* 0x0000000000347947 */
                                                                                        /* 0x000fea0003800000 */
        /*09a0*/                   S2UR UR6, SR_CgaCtaId ;                              /* 0x00000000000679c3 */
                                                                                        /* 0x000e620000008800 */
        /*09b0*/                   UMOV UR5, 0x400 ;                                    /* 0x0000040000057882 */
                                                                                        /* 0x000fe20000000000 */
        /*09c0*/                   IMAD.SHL.U32 R8, R0, 0x400, RZ ;                     /* 0x0000040000087824 */
                                                                                        /* 0x000fe200078e00ff */
        /*09d0*/                   MOV R30, UR5 ;                                       /* 0x00000005001e7c02 */
                                                                                        /* 0x000fe20008000f00 */
        /*09e0*/                   LOP3.LUT R10, R14, 0xfffffffc, RZ, 0xc0, !PT ;       /* 0xfffffffc0e0a7812 */
                                                                                        /* 0x000fc600078ec0ff */
        /*09f0*/                   LOP3.LUT R9, R8, 0xc00, RZ, 0xc0, !PT ;              /* 0x00000c0008097812 */
                                                                                        /* 0x000fe200078ec0ff */
        /*0a00*/                   MOV R25, UR6 ;                                       /* 0x0000000600197c02 */
                                                                                        /* 0x002fca0008000f00 */
        /*0a10*/                   LEA R32, R25, R30, 0x18 ;                            /* 0x0000001e19207211 */
                                                                                        /* 0x000fc800078ec0ff */
        /*0a20*/                   IADD3 R9, PT, PT, R10, R32, R9 ;                     /* 0x000000200a097210 */
                                                                                        /* 0x000fca0007ffe009 */
        /*0a30*/                   STS [R9], RZ ;                                       /* 0x000000ff09007388 */
                                                                                        /* 0x0005e80000000800 */
        /*0a40*/                   STS [R9+0x100], RZ ;                                 /* 0x000100ff09007388 */
                                                                                        /* 0x0005e80000000800 */
        /*0a50*/                   STS [R9+0x200], RZ ;                                 /* 0x000200ff09007388 */
                                                                                        /* 0x0005e80000000800 */
        /*0a60*/                   STS [R9+0x300], RZ ;                                 /* 0x000300ff09007388 */
                                                                                        /* 0x0005e40000000800 */
        /*0a70*/                   NOP ;                                                /* 0x0000000000007918 */
                                                                                        /* 0x000fe20000000000 */
        /*0a80*/                   BSYNC.RECONVERGENT B0 ;                              /* 0x0000000000007941 */
                                                                                        /* 0x001fea0003800200 */
        /*0a90*/                   BRA.U !UP0, 0xd70 ;                                  /* 0x0000000108b47547 */
                                                                                        /* 0x000fea000b800000 */
        /*0aa0*/                   UISETP.GE.AND UP1, UPT, UR11, UR13, UPT ;            /* 0x0000000d0b00728c */
                                                                                        /* 0x000fe2000bf26270 */
        /*0ab0*/                   BSSY.RECONVERGENT B0, 0xc70 ;                        /* 0x000001b000007945 */
                                                                                        /* 0x000fea0003800200 */
        /*0ac0*/                   PLOP3.LUT P0, PT, PT, PT, UP1, 0x80, 0x8 ;           /* 0x000000000008781c */
                                                                                        /* 0x000fca0003f0f018 */
        /*0ad0*/                   ISETP.NE.U32.OR P0, PT, R14, RZ, P0 ;                /* 0x000000ff0e00720c */
                                                                                        /* 0x000fda0000705470 */
        /*0ae0*/               @P0 BRA 0xc50 ;                                          /* 0x0000000000580947 */
                                                                                        /* 0x000fea0003800000 */
        /*0af0*/                   USHF.L.U32 UR5, UR4, 0x3, URZ ;                      /* 0x0000000304057899 */
                                                                                        /* 0x000fe200080006ff */
        /*0b00*/                   IADD R8, R30.reuse, 0x3000 ;                         /* 0x000030001e087835 */
                                                                                        /* 0x042fe200078e0000 */
        /*0b10*/                   MOV R9, 0x1000 ;                                     /* 0x0000100000097802 */
                                                                                        /* 0x004fe20000000f00 */
        /*0b20*/                   USHF.L.U32 UR6, UR4, 0xc, URZ ;                      /* 0x0000000c04067899 */
                                                                                        /* 0x000fe200080006ff */
        /*0b30*/                   ULOP3.LUT UR5, UR5, 0x8, URZ, 0xc, !UPT ;            /* 0x0000000805057892 */
                                                                                        /* 0x000fe2000f8e0cff */
        /*0b40*/                   IADD R10, R30, 0x1000 ;                              /* 0x000010001e0a7835 */
                                                                                        /* 0x000fe200078e0000 */
        /*0b50*/                   LEA R8, R25, R8, 0x18 ;                              /* 0x0000000819087211 */
                                                                                        /* 0x000fe200078ec0ff */
        /*0b60*/                   ULOP3.LUT UR6, UR6, 0x1000, URZ, 0xc, !UPT ;         /* 0x0000100006067892 */
                                                                                        /* 0x000fe2000f8e0cff */
        /*0b70*/                   PLOP3.LUT P0, PT, PT, PT, PT, 0x80, 0x8 ;            /* 0x000000000008781c */
                                                                                        /* 0x000fe20003f0f070 */
        /*0b80*/                   LDCU.64 UR16, c[0x0][0x3a8] ;                        /* 0x00007500ff1077ac */
                                                                                        /* 0x000e280008000a00 */
        /*0b90*/                   SYNCS.ARRIVE.TRANS64 RZ, [R8+UR5], R9 ;              /* 0x0000000908ff79a7 */
                                                                                        /* 0x0003e20008000005 */
        /*0ba0*/                   UMOV UR12, URZ ;                                     /* 0x000000ff000c7c82 */
                                                                                        /* 0x000fe20008000000 */
        /*0bb0*/                   LEA R9, R25, R10, 0x18 ;                             /* 0x0000000a19097211 */
                                                                                        /* 0x002fe200078ec0ff */
        /*0bc0*/                   IADD R8, R8, UR5 ;                                   /* 0x0000000508087c35 */
                                                                                        /* 0x000fc8000f8e0000 */
        /*0bd0*/                   IADD R9, R9, UR6 ;                                   /* 0x0000000609097c35 */
                                                                                        /* 0x001fce000f8e0000 */
        /*0be0*/               @P0 ELECT P1, URZ, PT ;                                  /* 0x0000000000ff082f */
                                                                                        /* 0x000fda0003820000 */
        /*0bf0*/               @P1 R2UR.BROADCAST UR9, R8 ;                             /* 0x00000000080912ca */
                                                                                        /* 0x001fe400008e0000 */
        /*0c00*/               @P1 R2UR.BROADCAST UR8, R9 ;                             /* 0x00000000090812ca */
                                                                                        /* 0x000fe400008e0000 */
        /*0c10*/               @P1 PLOP3.LUT P0, PT, P1, PT, PT, 0x8, 0x80 ;            /* 0x000000000080181c */
                                                                                        /* 0x000fe40000f0e170 */
        /*0c20*/                   PLOP3.LUT P1, PT, PT, PT, PT, 0x8, 0x80 ;            /* 0x000000000080781c */
                                                                                        /* 0x000fd20003f2e170 */
        /*0c30*/                   UTMALDG.3D [UR8], [UR16] ;                           /* 0x00000008100075b4 */
                                                                                        /* 0x0001e40008010000 */
        /*0c40*/               @P0 BRA.U.ANY 0xbe0 ;                                    /* 0xfffffffd00e40947 */
                                                                                        /* 0x000fea000393ffff */
        /*0c50*/                   NOP ;                                                /* 0x0000000000007918 */
                                                                                        /* 0x000fe20000000000 */
        /*0c60*/                   BSYNC.RECONVERGENT B0 ;                              /* 0x0000000000007941 */
                                                                                        /* 0x001fea0003800200 */
        /*0c70*/                   USHF.R.U32.HI UR5, URZ, 0x1, UR4 ;                   /* 0x00000001ff057899 */
                                                                                        /* 0x000fe20008011604 */
        /*0c80*/                   IADD R8, R30, 0x3000 ;                               /* 0x000030001e087835 */
                                                                                        /* 0x002fe200078e0000 */
        /*0c90*/                   BSSY.RECONVERGENT B0, 0xd50 ;                        /* 0x000000b000007945 */
                                                                                        /* 0x000fe20003800200 */
        /*0ca0*/                   ULOP3.LUT UR8, UR4, 0x1, URZ, 0xc0, !UPT ;           /* 0x0000000104087892 */
                                                                                        /* 0x000fe2000f8ec0ff */
        /*0cb0*/                   ULOP3.LUT UR6, UR5, 0x1, URZ, 0xc0, !UPT ;           /* 0x0000000105067892 */
                                                                                        /* 0x000fe2000f8ec0ff */
        /*0cc0*/                   USHF.L.U32 UR5, UR4, 0x3, URZ ;                      /* 0x0000000304057899 */
                                                                                        /* 0x000fe200080006ff */
        /*0cd0*/                   LEA R9, R25, R8, 0x18 ;                              /* 0x0000000819097211 */
                                                                                        /* 0x004fc600078ec0ff */
        /*0ce0*/                   ULOP3.LUT UR5, UR5, 0x8, URZ, 0xc0, !UPT ;           /* 0x0000000805057892 */
                                                                                        /* 0x000fe2000f8ec0ff */
        /*0cf0*/                   MOV R10, UR6 ;                                       /* 0x00000006000a7c02 */
                                                                                        /* 0x000fca0008000f00 */
        /*0d00*/                   SHF.L.U32 R8, R10, 0x1f, RZ ;                        /* 0x0000001f0a087819 */
                                                                                        /* 0x000fce00000006ff */
        /*0d10*/                   SYNCS.PHASECHK.TRANS64.TRYWAIT P0, [R9+UR5], R8 ;    /* 0x00000008090075a7 */
                                                                                        /* 0x000e240008001105 */
        /*0d20*/              @!P0 BRA 0xd10 ;                                          /* 0xfffffffc00f88947 */
                                                                                        /* 0x001fea000383ffff */
        /*0d30*/                   NOP ;                                                /* 0x0000000000007918 */
                                                                                        /* 0x000fe20000000000 */
        /*0d40*/                   BSYNC.RECONVERGENT B0 ;                              /* 0x0000000000007941 */
                                                                                        /* 0x000fea0003800200 */
        /*0d50*/                   MOV R33, UR8 ;                                       /* 0x0000000800217c02 */
                                                                                        /* 0x000fe20008000f00 */
        /*0d60*/                   BRA 0x10e0 ;                                         /* 0x0000000000dc7947 */
                                                                                        /* 0x000fec0003800000 */
        /*0d70*/                   LDCU UR5, c[0x0][0x39c] ;                            /* 0x00007380ff0577ac */
                                                                                        /* 0x000e220008000800 */
        /*0d80*/                   IADD R8, R34, 0x3 ;                                  /* 0x0000000322087835 */
                                                                                        /* 0x002fe200078e0000 */
        /*0d90*/                   SHF.R.U32.HI R14, RZ, 0x4, R14 ;                     /* 0x00000004ff0e7819 */
                                                                                        /* 0x000fca000001160e */
        /*0da0*/                   IADD R15, R14, UR7 ;                                 /* 0x000000070e0f7c35 */
                                                                                        /* 0x000fe2000f8e0000 */
        /*0db0*/                   ISETP.GE.AND P0, PT, R8, UR5, PT ;                   /* 0x0000000508007c0c */
                                                                                        /* 0x001fca000bf06270 */
        /*0dc0*/                   ISETP.GE.OR P1, PT, R15, UR13, P0 ;                  /* 0x0000000d0f007c0c */
                                                                                        /* 0x000fda0008726670 */
        /*0dd0*/              @!P1 LDC.64 R12, c[0x0][0x388] ;                          /* 0x0000e200ff0c9b82 */
                                                                                        /* 0x000e220000000a00 */
        /*0de0*/              @!P1 IMAD R9, R15, UR5, R34 ;                             /* 0x000000050f099c24 */
                                                                                        /* 0x004fc8000f8e0222 */
        /*0df0*/              @!P1 IMAD.WIDE R12, R9, 0x4, R12 ;                        /* 0x00000004090c9825 */
                                                                                        /* 0x001fca00078e020c */
        /*0e00*/              @!P1 LDG.E.CONSTANT R8, desc[UR14][R12.64] ;              /* 0x0000000e0c089981 */
                                                                                        /* 0x000ea8000c1e9900 */
        /*0e10*/              @!P1 LDG.E.CONSTANT R9, desc[UR14][R12.64+0x4] ;          /* 0x0000040e0c099981 */
                                                                                        /* 0x000ea8000c1e9900 */
        /*0e20*/              @!P1 LDG.E.CONSTANT R10, desc[UR14][R12.64+0x8] ;         /* 0x0000080e0c0a9981 */
                                                                                        /* 0x000ea8000c1e9900 */
        /*0e30*/              @!P1 LDG.E.CONSTANT R11, desc[UR14][R12.64+0xc] ;         /* 0x00000c0e0c0b9981 */
                                                                                        /* 0x000ea2000c1e9900 */
        /*0e40*/                   IADD R36, R30, 0x1000 ;                              /* 0x000010001e247835 */
                                                                                        /* 0x000fe200078e0000 */
        /*0e50*/                   IMAD.SHL.U32 R27, R0, 0x10, RZ ;                     /* 0x00000010001b7824 */
                                                                                        /* 0x000fe200078e00ff */
        /*0e60*/                   BSSY.RECONVERGENT B0, 0x10e0 ;                       /* 0x0000027000007945 */
                                                                                        /* 0x000fe20003800200 */
        /*0e70*/              @!P1 MOV R33, RZ ;                                        /* 0x000000ff00219202 */
                                                                                        /* 0x000fc40000000f00 */
        /*0e80*/                   LEA R29, R25, R36, 0x18 ;                            /* 0x00000024191d7211 */
                                                                                        /* 0x000fe400078ec0ff */
        /*0e90*/                   LOP3.LUT R27, R27, 0xf0, RZ, 0xc0, !PT ;             /* 0x000000f01b1b7812 */
                                                                                        /* 0x000fc600078ec0ff */
        /*0ea0*/                   IMAD R14, R14, 0x100, R29 ;                          /* 0x000001000e0e7824 */
                                                                                        /* 0x000fca00078e021d */
        /*0eb0*/                   IADD R14, R14, R27 ;                                 /* 0x0000001b0e0e7235 */
                                                                                        /* 0x000fca00078e0000 */
        /*0ec0*/              @!P1 STS.128 [R14], R8 ;                                  /* 0x000000080e009388 */
                                                                                        /* 0x0041e20000000c00 */
        /*0ed0*/              @!P1 BRA 0x10c0 ;                                         /* 0x0000000000789947 */
                                                                                        /* 0x000fea0003800000 */
        /*0ee0*/                   ISETP.GE.AND P1, PT, R15, UR13, PT ;                 /* 0x0000000d0f007c0c */
                                                                                        /* 0x000fda000bf26270 */
        /*0ef0*/               @P1 BRA 0x10a0 ;                                         /* 0x0000000000681947 */
                                                                                        /* 0x000fea0003800000 */
        /*0f00*/                   ISETP.GE.AND P1, PT, R34.reuse, UR5, PT ;            /* 0x0000000522007c0c */
                                                                                        /* 0x040fe2000bf26270 */
        /*0f10*/                   LDCU.64 UR8, c[0x0][0x388] ;                         /* 0x00007100ff0877ac */
                                                                                        /* 0x000e620008000a00 */
        /*0f20*/                   IADD R10, R34.reuse, 0x1 ;                           /* 0x00000001220a7835 */
                                                                                        /* 0x041fe200078e0000 */
        /*0f30*/                   IADD R27, R34, 0x2 ;                                 /* 0x00000002221b7835 */
                                                                                        /* 0x000fe200078e0000 */
        /*0f40*/                   IMAD.WIDE R12, R15, UR5, R34 ;                       /* 0x000000050f0c7c25 */
                                                                                        /* 0x000fc6000f8e0222 */
        /*0f50*/                   ISETP.GE.AND P2, PT, R10, UR5, PT ;                  /* 0x000000050a007c0c */
                                                                                        /* 0x000fe2000bf46270 */
        /*0f60*/                   ISETP.GE.AND P3, PT, R27, UR5, PT ;                  /* 0x000000051b007c0c */
                                                                                        /* 0x000fca000bf66270 */
        /*0f70*/              @!P1 LDC.64 R8, c[0x0][0x388] ;                           /* 0x0000e200ff089b82 */
                                                                                        /* 0x000e220000000a00 */
        /*0f80*/              @!P1 IMAD R11, R15, UR5, R34 ;                            /* 0x000000050f0b9c24 */
                                                                                        /* 0x000fe4000f8e0222 */
        /*0f90*/                   HFMA2 R15, -RZ, RZ, 0, 0 ;                           /* 0x00000000ff0f7431 */
                                                                                        /* 0x000fe200000001ff */
        /*0fa0*/                   LEA R10, P4, R12.reuse, UR8, 0x2 ;                   /* 0x000000080c0a7c11 */
                                                                                        /* 0x042fe2000f8810ff */
        /*0fb0*/                   HFMA2 R27, -RZ, RZ, 0, 0 ;                           /* 0x00000000ff1b7431 */
                                                                                        /* 0x000fe200000001ff */
        /*0fc0*/                   MOV R29, RZ ;                                        /* 0x000000ff001d7202 */
                                                                                        /* 0x000fe20000000f00 */
        /*0fd0*/              @!P1 IMAD.WIDE R8, R11, 0x4, R8 ;                         /* 0x000000040b089825 */
                                                                                        /* 0x001fe200078e0208 */
        /*0fe0*/                   LEA.HI.X R11, R12, UR9, R13, 0x2, P4 ;               /* 0x000000090c0b7c11 */
                                                                                        /* 0x000fe2000a0f140d */
        /*0ff0*/                   MOV R13, RZ ;                                        /* 0x000000ff000d7202 */
                                                                                        /* 0x000fc60000000f00 */
        /*1000*/              @!P1 LDG.E.CONSTANT R15, desc[UR14][R8.64] ;              /* 0x0000000e080f9981 */
                                                                                        /* 0x000ea8000c1e9900 */
        /*1010*/              @!P2 LDG.E.CONSTANT R13, desc[UR14][R10.64+0x4] ;         /* 0x0000040e0a0da981 */
                                                                                        /* 0x000ee8000c1e9900 */
        /*1020*/              @!P3 LDG.E.CONSTANT R27, desc[UR14][R10.64+0x8] ;         /* 0x0000080e0a1bb981 */
                                                                                        /* 0x000f28000c1e9900 */
        /*1030*/              @!P0 LDG.E.CONSTANT R29, desc[UR14][R10.64+0xc] ;         /* 0x00000c0e0a1d8981 */
                                                                                        /* 0x000f62000c1e9900 */
        /*1040*/                   HFMA2 R33, -RZ, RZ, 0, 0 ;                           /* 0x00000000ff217431 */
                                                                                        /* 0x000fc600000001ff */
        /*1050*/                   STS [R14], R15 ;                                     /* 0x0000000f0e007388 */
                                                                                        /* 0x0043e80000000800 */
        /*1060*/                   STS [R14+0x4], R13 ;                                 /* 0x0000040d0e007388 */
                                                                                        /* 0x0083e80000000800 */
        /*1070*/                   STS [R14+0x8], R27 ;                                 /* 0x0000081b0e007388 */
                                                                                        /* 0x0103e80000000800 */
        /*1080*/                   STS [R14+0xc], R29 ;                                 /* 0x00000c1d0e007388 */
                                                                                        /* 0x0203e20000000800 */
        /*1090*/                   BRA 0x10c0 ;                                         /* 0x0000000000087947 */
                                                                                        /* 0x000fea0003800000 */
        /*10a0*/                   STS.128 [R14], RZ ;                                  /* 0x000000ff0e007388 */
                                                                                        /* 0x0005e20000000c00 */
        /*10b0*/                   MOV R33, RZ ;                                        /* 0x000000ff00217202 */
                                                                                        /* 0x000fce0000000f00 */
        /*10c0*/                   NOP ;                                                /* 0x0000000000007918 */
                                                                                        /* 0x000fe20000000000 */
        /*10d0*/                   BSYNC.RECONVERGENT B0 ;                              /* 0x0000000000007941 */
                                                                                        /* 0x000fea0003800200 */
        /*10e0*/                   BAR.SYNC.DEFER_BLOCKING 0x0 ;                        /* 0x0000000000007b1d */
                                                                                        /* 0x000fe20000010000 */
        /*10f0*/                   UISETP.GE.AND UP1, UPT, UR7, UR13, UPT ;             /* 0x0000000d0700728c */
                                                                                        /* 0x000fd2000bf26270 */
        /*1100*/                   BRA.U UP1, 0x1670 ;                                  /* 0x0000000501587547 */
                                                                                        /* 0x000fea000b800000 */
        /*1110*/                   USHF.L.U32 UR5, UR4, 0x4, URZ ;                      /* 0x0000000404057899 */
                                                                                        /* 0x000fe200080006ff */
        /*1120*/                   UVIMNMX.S32 UR6, UR11, UR13, UPT ;                   /* 0x0000000d0b06724a */
                                                                                        /* 0x000fe2000bfe0100 */
        /*1130*/                   HFMA2 R31, -RZ, RZ, 0, 0 ;                           /* 0x00000000ff1f7431 */
                                                                                        /* 0x000fe400000001ff */
        /*1140*/                   UIADD3 UR7, UPT, UPT, UR5, 0x1, URZ ;                /* 0x0000000105077890 */
                                                                                        /* 0x000fc8000fffe0ff */
        /*1150*/                   UISETP.NE.U32.AND UP1, UPT, UR6, UR7, UPT ;          /* 0x000000070600728c */
                                                                                        /* 0x000fd2000bf25070 */
        /*1160*/                   BRA.U !UP1, 0x14e0 ;                                 /* 0x0000000109dc7547 */
                                                                                        /* 0x000fea000b800000 */
        /*1170*/                   IADD R8, R30, 0x1000 ;                               /* 0x000010001e087835 */
                                                                                        /* 0x001fe200078e0000 */
        /*1180*/                   IMAD R29, R3, 0x10, R32 ;                            /* 0x00000010031d7824 */
                                                                                        /* 0x002fe200078e0220 */
        /*1190*/                   ULOP3.LUT UR5, UR5, 0x1, UR6, 0xf8, !UPT ;           /* 0x0000000105057892 */
                                                                                        /* 0x000fe2000f8ef806 */
        /*11a0*/                   MOV R31, RZ ;                                        /* 0x000000ff001f7202 */
                                                                                        /* 0x000fe40000000f00 */
        /*11b0*/                   LEA R9, R25, R8, 0x18 ;                              /* 0x0000000819097211 */
                                                                                        /* 0x000fe200078ec0ff */
        /*11c0*/                   UIADD3 UR5, UPT, UPT, -UR6, UR5, URZ ;               /* 0x0000000506057290 */
                                                                                        /* 0x000fe2000fffe1ff */
        /*11d0*/                   IADD R29, R29, 0x100 ;                               /* 0x000001001d1d7835 */
                                                                                        /* 0x000fc600078e0000 */
        /*11e0*/                   IMAD R8, R0, 0x10, R9 ;                              /* 0x0000001000087824 */
                                                                                        /* 0x000fc800078e0209 */
        /*11f0*/                   IMAD R8, R33, 0x1000, R8 ;                           /* 0x0000100021087824 */
                                                                                        /* 0x000fca00078e0208 */
        /*1200*/                   IADD R27, R8, 0x100 ;                                /* 0x00000100081b7835 */
                                                                                        /* 0x004fce00078e0000 */
        /*1210*/                   LDS.128 R8, [R29+-0x100] ;                           /* 0xffff00001d087984 */
                                                                                        /* 0x000fe20000000c00 */
        /*1220*/                   UIADD3 UR5, UPT, UPT, UR5, 0x2, URZ ;                /* 0x0000000205057890 */
                                                                                        /* 0x000fe2000fffe0ff */
        /*1230*/                   IADD R31, R31, 0x2 ;                                 /* 0x000000021f1f7835 */
                                                                                        /* 0x000fe400078e0000 */
        /*1240*/                   LDS.128 R12, [R27+-0x100] ;                          /* 0xffff00001b0c7984 */
                                                                                        /* 0x000e220000000c00 */
        /*1250*/                   UISETP.NE.U32.AND UP1, UPT, UR5, URZ, UPT ;          /* 0x000000ff0500728c */
                                                                                        /* 0x000fe2000bf25070 */
        /*1260*/                   FFMA.FTZ R7, R8.reuse, R12, R7 ;                     /* 0x0000000c08077223 */
                                                                                        /* 0x041fe20000010007 */
        /*1270*/                   FFMA.FTZ R2, R8.reuse, R13, R2 ;                     /* 0x0000000d08027223 */
                                                                                        /* 0x040fe20000010002 */
        /*1280*/                   FFMA.FTZ R5, R8.reuse, R14, R5 ;                     /* 0x0000000e08057223 */
                                                                                        /* 0x040fe20000010005 */
        /*1290*/                   FFMA.FTZ R6, R8, R15, R6 ;                           /* 0x0000000f08067223 */
                                                                                        /* 0x000fe20000010006 */
        /*12a0*/                   FFMA.FTZ R4, R9.reuse, R12, R4 ;                     /* 0x0000000c09047223 */
                                                                                        /* 0x040fe20000010004 */
        /*12b0*/                   FFMA.FTZ R16, R9.reuse, R13, R16 ;                   /* 0x0000000d09107223 */
                                                                                        /* 0x040fe20000010010 */
        /*12c0*/                   FFMA.FTZ R17, R9.reuse, R14, R17 ;                   /* 0x0000000e09117223 */
                                                                                        /* 0x040fe20000010011 */
        /*12d0*/                   FFMA.FTZ R18, R9, R15, R18 ;                         /* 0x0000000f09127223 */
                                                                                        /* 0x000fe20000010012 */
        /*12e0*/                   FFMA.FTZ R19, R10.reuse, R12, R19 ;                  /* 0x0000000c0a137223 */
                                                                                        /* 0x040fe20000010013 */
        /*12f0*/                   FFMA.FTZ R20, R10.reuse, R13, R20 ;                  /* 0x0000000d0a147223 */
                                                                                        /* 0x040fe20000010014 */
        /*1300*/                   FFMA.FTZ R21, R10.reuse, R14, R21 ;                  /* 0x0000000e0a157223 */
                                                                                        /* 0x040fe20000010015 */
        /*1310*/                   FFMA.FTZ R22, R10, R15, R22 ;                        /* 0x0000000f0a167223 */
                                                                                        /* 0x000fe20000010016 */
        /*1320*/                   FFMA.FTZ R24, R11.reuse, R12, R24 ;                  /* 0x0000000c0b187223 */
                                                                                        /* 0x040fe20000010018 */
        /*1330*/                   FFMA.FTZ R26, R11.reuse, R13, R26 ;                  /* 0x0000000d0b1a7223 */
                                                                                        /* 0x040fe2000001001a */
        /*1340*/                   FFMA.FTZ R23, R11.reuse, R14, R23 ;                  /* 0x0000000e0b177223 */
                                                                                        /* 0x040fe20000010017 */
        /*1350*/                   FFMA.FTZ R28, R11, R15, R28 ;                        /* 0x0000000f0b1c7223 */
                                                                                        /* 0x000fc4000001001c */
        /*1360*/                   LDS.128 R8, [R29] ;                                  /* 0x000000001d087984 */
                                                                                        /* 0x0001e80000000c00 */
        /*1370*/                   LDS.128 R12, [R27] ;                                 /* 0x000000001b0c7984 */
                                                                                        /* 0x0002a20000000c00 */
        /*1380*/                   IADD R29, R29, 0x200 ;                               /* 0x000002001d1d7835 */
                                                                                        /* 0x001fe200078e0000 */
        /*1390*/                   IADD R27, R27, 0x200 ;                               /* 0x000002001b1b7835 */
                                                                                        /* 0x002fe200078e0000 */
        /*13a0*/                   FFMA.FTZ R7, R8.reuse, R12, R7 ;                     /* 0x0000000c08077223 */
                                                                                        /* 0x044fe20000010007 */
        /*13b0*/                   FFMA.FTZ R2, R8.reuse, R13, R2 ;                     /* 0x0000000d08027223 */
                                                                                        /* 0x040fe20000010002 */
        /*13c0*/                   FFMA.FTZ R5, R8.reuse, R14, R5 ;                     /* 0x0000000e08057223 */
                                                                                        /* 0x040fe20000010005 */
        /*13d0*/                   FFMA.FTZ R6, R8, R15, R6 ;                           /* 0x0000000f08067223 */
                                                                                        /* 0x000fe20000010006 */
        /*13e0*/                   FFMA.FTZ R4, R9.reuse, R12, R4 ;                     /* 0x0000000c09047223 */
                                                                                        /* 0x040fe20000010004 */
        /*13f0*/                   FFMA.FTZ R16, R9.reuse, R13, R16 ;                   /* 0x0000000d09107223 */
                                                                                        /* 0x040fe20000010010 */
        /*1400*/                   FFMA.FTZ R17, R9.reuse, R14, R17 ;                   /* 0x0000000e09117223 */
                                                                                        /* 0x040fe20000010011 */
        /*1410*/                   FFMA.FTZ R18, R9, R15, R18 ;                         /* 0x0000000f09127223 */
                                                                                        /* 0x000fe20000010012 */
        /*1420*/                   FFMA.FTZ R19, R10.reuse, R12, R19 ;                  /* 0x0000000c0a137223 */
                                                                                        /* 0x040fe20000010013 */
        /*1430*/                   FFMA.FTZ R20, R10.reuse, R13, R20 ;                  /* 0x0000000d0a147223 */
                                                                                        /* 0x040fe20000010014 */
        /*1440*/                   FFMA.FTZ R21, R10.reuse, R14, R21 ;                  /* 0x0000000e0a157223 */
                                                                                        /* 0x040fe20000010015 */
        /*1450*/                   FFMA.FTZ R22, R10, R15, R22 ;                        /* 0x0000000f0a167223 */
                                                                                        /* 0x000fe20000010016 */
        /*1460*/                   FFMA.FTZ R24, R11.reuse, R12, R24 ;                  /* 0x0000000c0b187223 */
                                                                                        /* 0x040fe20000010018 */
        /*1470*/                   FFMA.FTZ R26, R11.reuse, R13, R26 ;                  /* 0x0000000d0b1a7223 */
                                                                                        /* 0x040fe2000001001a */
        /*1480*/                   FFMA.FTZ R23, R11.reuse, R14, R23 ;                  /* 0x0000000e0b177223 */
                                                                                        /* 0x040fe20000010017 */
        /*1490*/                   FFMA.FTZ R28, R11, R15, R28 ;                        /* 0x0000000f0b1c7223 */
                                                                                        /* 0x000fe2000001001c */
        /*14a0*/                   BRA.U UP1, 0x1210 ;                                  /* 0xfffffffd01587547 */
                                                                                        /* 0x000fec000b83ffff */
        /*14b0*/                   UVIMNMX.S32 UR5, UR11, UR13, UPT ;                   /* 0x0000000d0b05724a */
                                                                                        /* 0x000fc8000bfe0100 */
        /*14c0*/                   ULOP3.LUT UP1, URZ, UR5, 0x1, URZ, 0xc0, !UPT ;      /* 0x0000000105ff7892 */
                                                                                        /* 0x000fd2000f82c0ff */
        /*14d0*/                   BRA.U !UP1, 0x1670 ;                                 /* 0x0000000109647547 */
                                                                                        /* 0x000fea000b800000 */
        /*14e0*/                   IADD R30, R30, 0x1000 ;                              /* 0x000010001e1e7835 */
                                                                                        /* 0x000fe200078e0000 */
        /*14f0*/                   IMAD R32, R31, 0x100, R32 ;                          /* 0x000001001f207824 */
                                                                                        /* 0x000fc800078e0220 */
        /*1500*/                   LEA R8, R25, R30, 0x18 ;                             /* 0x0000001e19087211 */
                                                                                        /* 0x001fca00078ec0ff */
        /*1510*/                   IMAD R8, R33, 0x1000, R8 ;                           /* 0x0000100021087824 */
                                                                                        /* 0x000fc800078e0208 */
        /*1520*/                   IMAD R31, R31, 0x100, R8 ;                           /* 0x000001001f1f7824 */
                                                                                        /* 0x000fe400078e0208 */
        /*1530*/                   IMAD R8, R3, 0x10, R32 ;                             /* 0x0000001003087824 */
                                                                                        /* 0x000fe400078e0220 */
        /*1540*/                   IMAD R12, R0, 0x10, R31 ;                            /* 0x00000010000c7824 */
                                                                                        /* 0x000fc800078e021f */
        /*1550*/                   LDS.128 R8, [R8] ;                                   /* 0x0000000008087984 */
                                                                                        /* 0x000fe80000000c00 */
        /*1560*/                   LDS.128 R12, [R12] ;                                 /* 0x000000000c0c7984 */
                                                                                        /* 0x006e240000000c00 */
        /*1570*/                   FFMA.FTZ R7, R8.reuse, R12, R7 ;                     /* 0x0000000c08077223 */
                                                                                        /* 0x041fe20000010007 */
        /*1580*/                   FFMA.FTZ R2, R8.reuse, R13, R2 ;                     /* 0x0000000d08027223 */
                                                                                        /* 0x040fe20000010002 */
        /*1590*/                   FFMA.FTZ R5, R8.reuse, R14, R5 ;                     /* 0x0000000e08057223 */
                                                                                        /* 0x040fe20000010005 */
        /*15a0*/                   FFMA.FTZ R6, R8, R15, R6 ;                           /* 0x0000000f08067223 */
                                                                                        /* 0x000fe20000010006 */
        /*15b0*/                   FFMA.FTZ R4, R9.reuse, R12, R4 ;                     /* 0x0000000c09047223 */
                                                                                        /* 0x040fe20000010004 */
        /*15c0*/                   FFMA.FTZ R16, R9.reuse, R13, R16 ;                   /* 0x0000000d09107223 */
                                                                                        /* 0x040fe20000010010 */
        /*15d0*/                   FFMA.FTZ R17, R9.reuse, R14, R17 ;                   /* 0x0000000e09117223 */
                                                                                        /* 0x040fe20000010011 */
        /*15e0*/                   FFMA.FTZ R18, R9, R15, R18 ;                         /* 0x0000000f09127223 */
                                                                                        /* 0x000fe20000010012 */
        /*15f0*/                   FFMA.FTZ R19, R10.reuse, R12, R19 ;                  /* 0x0000000c0a137223 */
                                                                                        /* 0x040fe20000010013 */
        /*1600*/                   FFMA.FTZ R20, R10.reuse, R13, R20 ;                  /* 0x0000000d0a147223 */
                                                                                        /* 0x040fe20000010014 */
        /*1610*/                   FFMA.FTZ R21, R10.reuse, R14, R21 ;                  /* 0x0000000e0a157223 */
                                                                                        /* 0x040fe20000010015 */
        /*1620*/                   FFMA.FTZ R22, R10, R15, R22 ;                        /* 0x0000000f0a167223 */
                                                                                        /* 0x000fe20000010016 */
        /*1630*/                   FFMA.FTZ R24, R11.reuse, R12, R24 ;                  /* 0x0000000c0b187223 */
                                                                                        /* 0x040fe20000010018 */
        /*1640*/                   FFMA.FTZ R26, R11.reuse, R13, R26 ;                  /* 0x0000000d0b1a7223 */
                                                                                        /* 0x040fe2000001001a */
        /*1650*/                   FFMA.FTZ R23, R11.reuse, R14, R23 ;                  /* 0x0000000e0b177223 */
                                                                                        /* 0x040fe20000010017 */
        /*1660*/                   FFMA.FTZ R28, R11, R15, R28 ;                        /* 0x0000000f0b1c7223 */
                                                                                        /* 0x000fce000001001c */
        /*1670*/                   BAR.SYNC.DEFER_BLOCKING 0x0 ;                        /* 0x0000000000007b1d */
                                                                                        /* 0x000fe20000010000 */
        /*1680*/                   UIADD3 UR5, UPT, UPT, UR13, -0x1, URZ ;              /* 0xffffffff0d057890 */
                                                                                        /* 0x000fc8000fffe0ff */
        /*1690*/                   USHF.R.U32.HI UR6, URZ, 0x4, UR5 ;                   /* 0x00000004ff067899 */
                                                                                        /* 0x000fe20008011605 */
        /*16a0*/                   UIADD3 UR5, UPT, UPT, UR4, 0x1, URZ ;                /* 0x0000000104057890 */
                                                                                        /* 0x000fc6000fffe0ff */
        /*16b0*/                   UISETP.NE.U32.AND UP1, UPT, UR4, UR6, UPT ;          /* 0x000000060400728c */
                                                                                        /* 0x000fc8000bf25070 */
        /*16c0*/                   UMOV UR4, UR5 ;                                      /* 0x0000000500047c82 */
                                                                                        /* 0x000fca0008000000 */
        /*16d0*/                   BRA.U UP1, 0x460 ;                                   /* 0xffffffed01607547 */
                                                                                        /* 0x000fea000b83ffff */
        /*16e0*/                   S2R R10, SR_CTAID.Y ;                                /* 0x00000000000a7919 */
                                                                                        /* 0x001f220000002600 */
        /*16f0*/                   LDCU.64 UR8, c[0x0][0x398] ;                         /* 0x00007300ff0877ac */
                                                                                        /* 0x000e220008000a00 */
        /*1700*/                   LEA R8, R0, UR10, 0x2 ;                              /* 0x0000000a00087c11 */
                                                                                        /* 0x004fe2000f8e10ff */
        /*1710*/                   LDCU.64 UR6, c[0x0][0x390] ;                         /* 0x00007200ff0677ac */
                                                                                        /* 0x000ea60008000a00 */
        /*1720*/                   SHF.R.S32.HI R9, RZ, 0x1f, R8 ;                      /* 0x0000001fff097819 */
                                                                                        /* 0x000fe20000011408 */
        /*1730*/                   IADD R25, R8.reuse, 0x3 ;                            /* 0x0000000308197835 */
                                                                                        /* 0x040fe200078e0000 */
        /*1740*/                   ISETP.GE.AND P1, PT, R8.reuse, UR9, PT ;             /* 0x0000000908007c0c */
                                                                                        /* 0x041fe2000bf26270 */
        /*1750*/                   ISETP.GE.AND P0, PT, R8, UR9, PT ;                   /* 0x0000000908007c0c */
                                                                                        /* 0x000fe2000bf06270 */
        /*1760*/                   IMAD R0, R10, 0x10, R3 ;                             /* 0x000000100a007824 */
                                                                                        /* 0x010fe200078e0203 */
        /*1770*/                   IADD R10, R8, 0x1 ;                                  /* 0x00000001080a7835 */
                                                                                        /* 0x000fc600078e0000 */
        /*1780*/                   IMAD.SHL.U32 R0, R0, 0x4, RZ ;                       /* 0x0000000400007824 */
                                                                                        /* 0x000fe400078e00ff */
        /*1790*/                   ISETP.GE.AND P3, PT, R10, UR9, PT ;                  /* 0x000000090a007c0c */
                                                                                        /* 0x000fe2000bf66270 */
        /*17a0*/                   IADD R10, R8, 0x2 ;                                  /* 0x00000002080a7835 */
                                                                                        /* 0x000fe200078e0000 */
        /*17b0*/                   IMAD R30, R0.reuse, UR9, RZ ;                        /* 0x00000009001e7c24 */
                                                                                        /* 0x040fe2000f8e02ff */
        /*17c0*/                   ISETP.LT.AND P1, PT, R0.reuse, UR8, !P1 ;            /* 0x0000000800007c0c */
                                                                                        /* 0x040fe2000cf21270 */
        /*17d0*/                   IADD R3, R0.reuse, 0x1 ;                             /* 0x0000000100037835 */
                                                                                        /* 0x040fe200078e0000 */
        /*17e0*/                   ISETP.GE.OR P5, PT, R0, UR8, P3 ;                    /* 0x0000000800007c0c */
                                                                                        /* 0x000fe20009fa6670 */
        /*17f0*/                   ISETP.GE.AND P2, PT, R10, UR9, PT ;                  /* 0x000000090a007c0c */
                                                                                        /* 0x000fe2000bf46270 */
        /*1800*/                   SHF.R.S32.HI R31, RZ, 0x1f, R30 ;                    /* 0x0000001fff1f7819 */
                                                                                        /* 0x000fe4000001141e */
        /*1810*/                   ISETP.GE.OR P6, PT, R3, UR8, P0 ;                    /* 0x0000000803007c0c */
                                                                                        /* 0x000fc600087c6670 */
        /*1820*/                   IADD.64 R14, R30, R8 ;                               /* 0x000000081e0e7235 */
                                                                                        /* 0x002fc800078e0200 */
        /*1830*/               @P1 LDC.64 R32, c[0x0][0x390] ;                          /* 0x0000e400ff201b82 */
                                                                                        /* 0x000e220000000a00 */
        /*1840*/               @P1 IADD R11, R8, R30 ;                                  /* 0x0000001e080b1235 */
                                                                                        /* 0x000fe200078e0000 */
        /*1850*/                   LEA R12, P4, R14, UR6, 0x2 ;                         /* 0x000000060e0c7c11 */
                                                                                        /* 0x004fe2000f8810ff */
        /*1860*/                   IADD R30, R30, UR9 ;                                 /* 0x000000091e1e7c35 */
                                                                                        /* 0x000fc6000f8e0000 */
        /*1870*/                   LEA.HI.X R13, R14, UR7, R15, 0x2, P4 ;               /* 0x000000070e0d7c11 */
                                                                                        /* 0x000fe2000a0f140f */
        /*1880*/                   ISETP.GE.OR P4, PT, R0, UR8, P2 ;                    /* 0x0000000800007c0c */
                                                                                        /* 0x000fe20009786670 */
        /*1890*/              @!P6 IADD R15, R8, R30 ;                                  /* 0x0000001e080fe235 */
                                                                                        /* 0x000fe200078e0000 */
        /*18a0*/                   SHF.R.S32.HI R31, RZ, 0x1f, R30 ;                    /* 0x0000001fff1f7819 */
                                                                                        /* 0x000fe2000001141e */
        /*18b0*/               @P1 IMAD.WIDE R32, R11, 0x4, R32 ;                       /* 0x000000040b201825 */
                                                                                        /* 0x001fe400078e0220 */
        /*18c0*/              @!P6 LDC.64 R10, c[0x0][0x390] ;                          /* 0x0000e400ff0aeb82 */
                                                                                        /* 0x000e260000000a00 */
        /*18d0*/               @P1 STG.E desc[UR14][R32.64], R7 ;                       /* 0x0000000720001986 */
                                                                                        /* 0x0003e2000c10190e */
        /*18e0*/                   ISETP.GE.AND P1, PT, R25, UR9, PT ;                  /* 0x0000000919007c0c */
                                                                                        /* 0x000fe2000bf26270 */
        /*18f0*/                   IADD R25, R0, 0x2 ;                                  /* 0x0000000200197835 */
                                                                                        /* 0x000fc400078e0000 */
        /*1900*/              @!P5 STG.E desc[UR14][R12.64+0x4], R2 ;                   /* 0x000004020c00d986 */
                                                                                        /* 0x000fe4000c10190e */
        /*1910*/                   ISETP.GE.OR P5, PT, R0.reuse, UR8, P1 ;              /* 0x0000000800007c0c */
                                                                                        /* 0x040fe20008fa6670 */
        /*1920*/                   IADD R0, R0, 0x3 ;                                   /* 0x0000000300007835 */
                                                                                        /* 0x000fe200078e0000 */
        /*1930*/              @!P4 STG.E desc[UR14][R12.64+0x8], R5 ;                   /* 0x000008050c00c986 */
                                                                                        /* 0x000fe2000c10190e */
        /*1940*/                   ISETP.GE.OR P4, PT, R25, UR8, P0 ;                   /* 0x0000000819007c0c */
                                                                                        /* 0x000fc60008786670 */
        /*1950*/                   ISETP.GE.OR P0, PT, R0, UR8, P0 ;                    /* 0x0000000800007c0c */
                                                                                        /* 0x000fce0008706670 */
        /*1960*/              @!P5 STG.E desc[UR14][R12.64+0xc], R6 ;                   /* 0x00000c060c00d986 */
                                                                                        /* 0x000fe2000c10190e */
        /*1970*/                   ISETP.GE.OR P5, PT, R3, UR8, P3 ;                    /* 0x0000000803007c0c */
                                                                                        /* 0x000fe20009fa6670 */
        /*1980*/              @!P6 IMAD.WIDE R14, R15, 0x4, R10 ;                       /* 0x000000040f0ee825 */
                                                                                        /* 0x001fe200078e020a */
        /*1990*/                   IADD.64 R10, R8, R30 ;                               /* 0x0000001e080a7235 */
                                                                                        /* 0x000fe400078e0200 */
        /*19a0*/              @!P4 LDC.64 R32, c[0x0][0x390] ;                          /* 0x0000e400ff20cb82 */
                                                                                        /* 0x002e220000000a00 */
        /*19b0*/                   IADD R30, R30, UR9 ;                                 /* 0x000000091e1e7c35 */
                                                                                        /* 0x000fe2000f8e0000 */
        /*19c0*/              @!P6 STG.E desc[UR14][R14.64], R4 ;                       /* 0x000000040e00e986 */
                                                                                        /* 0x0003e2000c10190e */
        /*19d0*/                   LEA R34, P6, R10, UR6, 0x2 ;                         /* 0x000000060a227c11 */
                                                                                        /* 0x000fc6000f8c10ff */
        /*19e0*/                   SHF.R.S32.HI R31, RZ, 0x1f, R30 ;                    /* 0x0000001fff1f7819 */
                                                                                        /* 0x000fe4000001141e */
        /*19f0*/                   LEA.HI.X R35, R10, UR7, R11, 0x2, P6 ;               /* 0x000000070a237c11 */
                                                                                        /* 0x000fe2000b0f140b */
        /*1a00*/                   ISETP.GE.OR P6, PT, R3, UR8, P2 ;                    /* 0x0000000803007c0c */
                                                                                        /* 0x000fe200097c6670 */
        /*1a10*/              @!P4 IADD R7, R8, R30 ;                                   /* 0x0000001e0807c235 */
                                                                                        /* 0x000fc600078e0000 */
        /*1a20*/              @!P5 STG.E desc[UR14][R34.64+0x4], R16 ;                  /* 0x000004102200d986 */
                                                                                        /* 0x0005e2000c10190e */
        /*1a30*/                   ISETP.GE.OR P5, PT, R3, UR8, P1 ;                    /* 0x0000000803007c0c */
                                                                                        /* 0x000fe20008fa6670 */
        /*1a40*/                   IADD.64 R4, R8, R30 ;                                /* 0x0000001e08047235 */
                                                                                        /* 0x002fe400078e0200 */
        /*1a50*/              @!P0 LDC.64 R2, c[0x0][0x390] ;                           /* 0x0000e400ff028b82 */
                                                                                        /* 0x000e620000000a00 */
        /*1a60*/                   IADD R30, R30, UR9 ;                                 /* 0x000000091e1e7c35 */
                                                                                        /* 0x000fc8000f8e0000 */
        /*1a70*/              @!P6 STG.E desc[UR14][R34.64+0x8], R17 ;                  /* 0x000008112200e986 */
                                                                                        /* 0x0005e2000c10190e */
        /*1a80*/              @!P4 IMAD.WIDE R32, R7, 0x4, R32 ;                        /* 0x000000040720c825 */
                                                                                        /* 0x001fe200078e0220 */
        /*1a90*/                   LEA R6, P6, R4, UR6, 0x2 ;                           /* 0x0000000604067c11 */
                                                                                        /* 0x000fc6000f8c10ff */
        /*1aa0*/              @!P5 STG.E desc[UR14][R34.64+0xc], R18 ;                  /* 0x00000c122200d986 */
                                                                                        /* 0x0005e2000c10190e */
        /*1ab0*/                   ISETP.GE.OR P5, PT, R25.reuse, UR8, P3 ;             /* 0x0000000819007c0c */
                                                                                        /* 0x040fe20009fa6670 */
        /*1ac0*/                   SHF.R.S32.HI R31, RZ, 0x1f, R30 ;                    /* 0x0000001fff1f7819 */
                                                                                        /* 0x000fe4000001141e */
        /*1ad0*/                   LEA.HI.X R7, R4, UR7, R5, 0x2, P6 ;                  /* 0x0000000704077c11 */
                                                                                        /* 0x000fe2000b0f1405 */
        /*1ae0*/              @!P4 STG.E desc[UR14][R32.64], R19 ;                      /* 0x000000132000c986 */
                                                                                        /* 0x0005e2000c10190e */
        /*1af0*/                   ISETP.GE.OR P4, PT, R25.reuse, UR8, P2 ;             /* 0x0000000819007c0c */
                                                                                        /* 0x040fe20009786670 */
        /*1b00*/                   ISETP.GE.OR P6, PT, R25, UR8, P1 ;                   /* 0x0000000819007c0c */
                                                                                        /* 0x000fe20008fc6670 */
        /*1b10*/              @!P0 IADD R5, R8.reuse, R30.reuse ;                       /* 0x0000001e08058235 */
                                                                                        /* 0x0c0fe200078e0000 */
        /*1b20*/                   IADD.64 R8, R8, R30 ;                                /* 0x0000001e08087235 */
                                                                                        /* 0x000fe400078e0200 */
        /*1b30*/                   ISETP.GE.OR P3, PT, R0.reuse, UR8, P3 ;              /* 0x0000000800007c0c */
                                                                                        /* 0x040fe20009f66670 */
        /*1b40*/                   ISETP.GE.OR P2, PT, R0.reuse, UR8, P2 ;              /* 0x0000000800007c0c */
                                                                                        /* 0x040fe20009746670 */
        /*1b50*/                   ISETP.GE.OR P1, PT, R0, UR8, P1 ;                    /* 0x0000000800007c0c */
                                                                                        /* 0x000fe20008f26670 */
        /*1b60*/              @!P5 STG.E desc[UR14][R6.64+0x4], R20 ;                   /* 0x000004140600d986 */
                                                                                        /* 0x0005e2000c10190e */
        /*1b70*/                   LEA R4, P5, R8, UR6, 0x2 ;                           /* 0x0000000608047c11 */
                                                                                        /* 0x000fe2000f8a10ff */
        /*1b80*/              @!P0 IMAD.WIDE R2, R5, 0x4, R2 ;                          /* 0x0000000405028825 */
                                                                                        /* 0x002fc600078e0202 */
        /*1b90*/                   LEA.HI.X R5, R8, UR7, R9, 0x2, P5 ;                  /* 0x0000000708057c11 */
                                                                                        /* 0x000fe2000a8f1409 */
        /*1ba0*/              @!P4 STG.E desc[UR14][R6.64+0x8], R21 ;                   /* 0x000008150600c986 */
                                                                                        /* 0x0005e8000c10190e */
        /*1bb0*/              @!P6 STG.E desc[UR14][R6.64+0xc], R22 ;                   /* 0x00000c160600e986 */
                                                                                        /* 0x0005e8000c10190e */
        /*1bc0*/              @!P0 STG.E desc[UR14][R2.64], R24 ;                       /* 0x0000001802008986 */
                                                                                        /* 0x0005e8000c10190e */
        /*1bd0*/              @!P3 STG.E desc[UR14][R4.64+0x4], R26 ;                   /* 0x0000041a0400b986 */
                                                                                        /* 0x0005e8000c10190e */
        /*1be0*/              @!P2 STG.E desc[UR14][R4.64+0x8], R23 ;                   /* 0x000008170400a986 */
                                                                                        /* 0x0005e2000c10190e */
        /*1bf0*/               @P1 EXIT ;                                               /* 0x000000000000194d */
                                                                                        /* 0x000fea0003800000 */
        /*1c00*/                   STG.E desc[UR14][R4.64+0xc], R28 ;                   /* 0x00000c1c04007986 */
                                                                                        /* 0x000fe2000c10190e */
        /*1c10*/                   EXIT ;                                               /* 0x000000000000794d */
                                                                                        /* 0x000fea0003800000 */
        /*1c20*/                   BRA 0x1c20;                                          /* 0xfffffffc00fc7947 */
                                                                                        /* 0x000fc0000383ffff */
        /*1c30*/                   NOP;                                                 /* 0x0000000000007918 */
                                                                                        /* 0x000fc00000000000 */
        /*1c40*/                   NOP;                                                 /* 0x0000000000007918 */
                                                                                        /* 0x000fc00000000000 */
        /*1c50*/                   NOP;                                                 /* 0x0000000000007918 */
                                                                                        /* 0x000fc00000000000 */
        /*1c60*/                   NOP;                                                 /* 0x0000000000007918 */
                                                                                        /* 0x000fc00000000000 */
        /*1c70*/                   NOP;                                                 /* 0x0000000000007918 */
                                                                                        /* 0x000fc00000000000 */
        /*1c80*/                   NOP;                                                 /* 0x0000000000007918 */
                                                                                        /* 0x000fc00000000000 */
        /*1c90*/                   NOP;                                                 /* 0x0000000000007918 */
                                                                                        /* 0x000fc00000000000 */
        /*1ca0*/                   NOP;                                                 /* 0x0000000000007918 */
                                                                                        /* 0x000fc00000000000 */
        /*1cb0*/                   NOP;                                                 /* 0x0000000000007918 */
                                                                                        /* 0x000fc00000000000 */
        /*1cc0*/                   NOP;                                                 /* 0x0000000000007918 */
                                                                                        /* 0x000fc00000000000 */
        /*1cd0*/                   NOP;                                                 /* 0x0000000000007918 */
                                                                                        /* 0x000fc00000000000 */
        /*1ce0*/                   NOP;                                                 /* 0x0000000000007918 */
                                                                                        /* 0x000fc00000000000 */
        /*1cf0*/                   NOP;                                                 /* 0x0000000000007918 */
                                                                                        /* 0x000fc00000000000 */
		..........


		Function : _Z19register_tiled_gemmILb1ELb1EEvPKfS1_PfiiiPK14CUtensorMap_st
	.headerflags	@"EF_CUDA_SM120 EF_CUDA_VIRTUAL_SM(EF_CUDA_SM120)"
        /*0000*/                   LDC R1, c[0x0][0x37c] ;                              /* 0x0000df00ff017b82 */
                                                                                        /* 0x000ff00000000800 */
        /*0010*/                   S2UR UR10, SR_CTAID.X ;                              /* 0x00000000000a79c3 */
                                                                                        /* 0x000e220000002500 */
        /*0020*/                   LDCU UR13, c[0x0][0x3a0] ;                           /* 0x00007400ff0d77ac */
                                                                                        /* 0x000e620008000800 */
        /*0030*/                   S2R R0, SR_TID.X ;                                   /* 0x0000000000007919 */
                                                                                        /* 0x000ea20000002100 */
        /*0040*/                   LDCU UR5, c[0x0][0x39c] ;                            /* 0x00007380ff0577ac */
                                                                                        /* 0x000ee20008000800 */
        /*0050*/                   S2R R3, SR_TID.Y ;                                   /* 0x0000000000037919 */
                                                                                        /* 0x000f220000002200 */
        /*0060*/                   ULOP3.LUT UP0, URZ, UR13, 0xf, URZ, 0xc0, !UPT ;     /* 0x0000000f0dff7892 */
                                                                                        /* 0x002fe2000f80c0ff */
        /*0070*/                   USHF.L.U32 UR10, UR10, 0x6, URZ ;                    /* 0x000000060a0a7899 */
                                                                                        /* 0x001fc800080006ff */
        /*0080*/                   UIADD3 UR4, UPT, UPT, UR10, 0x40, URZ ;              /* 0x000000400a047890 */
                                                                                        /* 0x000fc8000fffe0ff */
        /*0090*/                   UISETP.LE.AND UP0, UPT, UR4, UR5, !UP0 ;             /* 0x000000050400728c */
                                                                                        /* 0x008fd2000c703270 */
        /*00a0*/                   BRA.U !UP0, 0x320 ;                                  /* 0x00000001089c7547 */
                                                                                        /* 0x000fea000b800000 */
        /*00b0*/                   IMAD R2, R3, 0x10, R0 ;                              /* 0x0000001003027824 */
                                                                                        /* 0x014fe200078e0200 */
        /*00c0*/                   UMOV UR4, 0x1 ;                                      /* 0x0000000100047882 */
                                                                                        /* 0x000fe20000000000 */
        /*00d0*/                   BSSY.RECONVERGENT B0, 0x320 ;                        /* 0x0000024000007945 */
                                                                                        /* 0x000fe60003800200 */
        /*00e0*/                   ISETP.NE.U32.AND P0, PT, R2, RZ, PT ;                /* 0x000000ff0200720c */
                                                                                        /* 0x000fda0003f05070 */
        /*00f0*/              @!P0 S2R R5, SR_CgaCtaId ;                                /* 0x0000000000058919 */
                                                                                        /* 0x000e220000008800 */
        /*0100*/              @!P0 MOV R2, 0x400 ;                                      /* 0x0000040000028802 */
                                                                                        /* 0x000fe20000000f00 */
        /*0110*/                   VOTEU.ALL UP1, P0 ;                                  /* 0x0000000000ff7886 */
                                                                                        /* 0x000fe20000020000 */
        /*0120*/                   VOTEU.ALL UP2, P0 ;                                  /* 0x0000000000ff7886 */
                                                                                        /* 0x000fc60000040000 */
        /*0130*/              @!P0 IADD R2, R2, 0x3000 ;                                /* 0x0000300002028835 */
                                                                                        /* 0x000fe200078e0000 */
        /*0140*/                   @!UP1 UIADD3 UR4, UPT, UPT, -UR4, 0x100000, URZ ;    /* 0x0010000004049890 */
                                                                                        /* 0x000fc8000fffe1ff */
        /*0150*/                   @!UP1 USHF.L.U32 UR5, UR4, 0xb, URZ ;                /* 0x0000000b04059899 */
                                                                                        /* 0x000fe200080006ff */
        /*0160*/                   @!UP1 USHF.L.U32 UR4, UR4, 0x1, URZ ;                /* 0x0000000104049899 */
                                                                                        /* 0x000fe200080006ff */
        /*0170*/                   VOTEU.ALL UP1, P0 ;                                  /* 0x0000000000ff7886 */
                                                                                        /* 0x000fe20000020000 */
        /*0180*/              @!P0 LEA R2, R5, R2, 0x18 ;                               /* 0x0000000205028211 */
                                                                                        /* 0x001fc800078ec0ff */
        /*0190*/              @!P0 R2UR UR6, R2 ;                                       /* 0x00000000020682ca */
                                                                                        /* 0x000fe200000e0000 */
        /*01a0*/                   FENCE.VIEW.ASYNC.S ;                                 /* 0x00000000000073c6 */
                                                                                        /* 0x000e180000000000 */
        /*01b0*/                   @!UP1 SYNCS.EXCH.64 URZ, [UR6], UR4 ;                /* 0x0000000406ff95b2 */
                                                                                        /* 0x0010620008000100 */
        /*01c0*/                   @!UP2 SYNCS.EXCH.64 URZ, [UR6+0x8], UR4 ;            /* 0x0000080406ffa5b2 */
                                                                                        /* 0x0004640008000100 */
        /*01d0*/                   BAR.SYNC.DEFER_BLOCKING 0x0 ;                        /* 0x0000000000007b1d */
                                                                                        /* 0x002fec0000010000 */
        /*01e0*/               @P0 BRA 0x300 ;                                          /* 0x0000000000440947 */
                                                                                        /* 0x000fea0003800000 */
        /*01f0*/                   S2UR UR4, SR_CgaCtaId ;                              /* 0x00000000000479c3 */
                                                                                        /* 0x005e220000008800 */
        /*0200*/                   UMOV UR8, 0x400 ;                                    /* 0x0000040000087882 */
                                                                                        /* 0x000fe20000000000 */
        /*0210*/                   HFMA2 R2, -RZ, RZ, 0, 0.00048828125 ;                /* 0x00001000ff027431 */
                                                                                        /* 0x000fe200000001ff */
        /*0220*/                   UIADD3 UR9, UPT, UPT, UR8, 0x3000, URZ ;             /* 0x0000300008097890 */
                                                                                        /* 0x000fe2000fffe0ff */
        /*0230*/                   UIADD3 UR8, UPT, UPT, UR8, 0x1000, URZ ;             /* 0x0000100008087890 */
                                                                                        /* 0x000fe2000fffe0ff */
        /*0240*/                   PLOP3.LUT P0, PT, PT, PT, PT, 0x80, 0x8 ;            /* 0x000000000008781c */
                                                                                        /* 0x000fe20003f0f070 */
        /*0250*/                   LDCU.64 UR6, c[0x0][0x3a8] ;                         /* 0x00007500ff0677ac */
                                                                                        /* 0x000e620008000a00 */
        /*0260*/                   UMOV UR11, URZ ;                                     /* 0x000000ff000b7c82 */
                                                                                        /* 0x000fe20008000000 */
        /*0270*/                   UMOV UR12, URZ ;                                     /* 0x000000ff000c7c82 */
                                                                                        /* 0x000fe20008000000 */
        /*0280*/                   ULEA UR9, UR4, UR9, 0x18 ;                           /* 0x0000000904097291 */
                                                                                        /* 0x001fe2000f8ec0ff */
        /*0290*/                   ULEA UR8, UR4, UR8, 0x18 ;                           /* 0x0000000804087291 */
                                                                                        /* 0x000fd0000f8ec0ff */
        /*02a0*/                   SYNCS.ARRIVE.TRANS64 RZ, [UR9], R2 ;                 /* 0x00000002ffff79a7 */
                                                                                        /* 0x0021e80008000009 */
        /*02b0*/               @P0 ELECT P1, URZ, PT ;                                  /* 0x0000000000ff082f */
                                                                                        /* 0x000fe20003820000 */
        /*02c0*/                   UTMALDG.3D [UR8], [UR6] ;                            /* 0x00000008060075b4 */
                                                                                        /* 0x0023d80008010000 */
        /*02d0*/               @P1 PLOP3.LUT P0, PT, P1, PT, PT, 0x8, 0x80 ;            /* 0x000000000080181c */
                                                                                        /* 0x000fe40000f0e170 */
        /*02e0*/                   PLOP3.LUT P1, PT, PT, PT, PT, 0x8, 0x80 ;            /* 0x000000000080781c */
                                                                                        /* 0x000fd60003f2e170 */
        /*02f0*/               @P0 BRA.U.ANY 0x2b0 ;                                    /* 0xfffffffd00ec0947 */
                                                                                        /* 0x001fea000393ffff */
        /*0300*/                   NOP ;                                                /* 0x0000000000007918 */
                                                                                        /* 0x000fe20000000000 */
        /*0310*/                   BSYNC.RECONVERGENT B0 ;                              /* 0x0000000000007941 */
                                                                                        /* 0x007fea0003800200 */
        /*0320*/                   UISETP.GE.AND UP1, UPT, UR13, 0x1, UPT ;             /* 0x000000010d00788c */
                                                                                        /* 0x000fe2000bf26270 */
        /*0330*/                   HFMA2 R28, -RZ, RZ, 0, 0 ;                           /* 0x00000000ff1c7431 */
                                                                                        /* 0x000fe200000001ff */
        /*0340*/                   CS2R R22, SRZ ;                                      /* 0x0000000000167805 */
                                                                                        /* 0x000fe2000001ff00 */
        /*0350*/                   HFMA2 R24, -RZ, RZ, 0, 0 ;                           /* 0x00000000ff187431 */
                                                                                        /* 0x000fe200000001ff */
        /*0360*/                   MOV R26, RZ ;                                        /* 0x000000ff001a7202 */
                                                                                        /* 0x000fe20000000f00 */
        /*0370*/                   CS2R R20, SRZ ;                                      /* 0x0000000000147805 */
                                                                                        /* 0x000fe2000001ff00 */
        /*0380*/                   CS2R R18, SRZ ;                                      /* 0x0000000000127805 */
                                                                                        /* 0x000fe2000001ff00 */
        /*0390*/                   CS2R R16, SRZ ;                                      /* 0x0000000000107805 */
                                                                                        /* 0x000fe2000001ff00 */
        /*03a0*/                   MOV R2, RZ ;                                         /* 0x000000ff00027202 */
                                                                                        /* 0x000fe20000000f00 */
        /*03b0*/                   CS2R R6, SRZ ;                                       /* 0x0000000000067805 */
                                                                                        /* 0x000fe2000001ff00 */
        /*03c0*/                   CS2R R4, SRZ ;                                       /* 0x0000000000047805 */
                                                                                        /* 0x000fe2000001ff00 */
        /*03d0*/                   LDCU.64 UR14, c[0x0][0x358] ;                        /* 0x00006b00ff0e77ac */
                                                                                        /* 0x000e220008000a00 */
        /*03e0*/                   BRA.U !UP1, 0x16a0 ;                                 /* 0x0000001109ac7547 */
                                                                                        /* 0x000fea000b800000 */
        /*03f0*/                   IMAD.SHL.U32 R0, R0, 0x4, RZ ;                       /* 0x0000000400007824 */
                                                                                        /* 0x004fe200078e00ff */
        /*0400*/                   MOV R28, RZ ;                                        /* 0x000000ff001c7202 */
                                                                                        /* 0x000fe20000000f00 */
        /*0410*/                   MOV R35, RZ ;                                        /* 0x000000ff00237202 */
                                                                                        /* 0x000fe20000000f00 */
        /*0420*/                   UMOV UR4, URZ ;                                      /* 0x000000ff00047c82 */
                                                                                        /* 0x000fe20008000000 */
        /*0430*/                   UMOV UR11, URZ ;                                     /* 0x000000ff000b7c82 */
                                                                                        /* 0x000fe20008000000 */
        /*0440*/                   LOP3.LUT R0, R0, 0x3c, RZ, 0xc0, !PT ;               /* 0x0000003c00007812 */
                                                                                        /* 0x000fca00078ec0ff */
        /*0450*/                   IADD R34, R0, UR10 ;                                 /* 0x0000000a00227c35 */
                                                                                        /* 0x010fce000f8e0000 */
        /*0460*/                   S2R R0, SR_TID.X ;                                   /* 0x0000000000007919 */
                                                                                        /* 0x002e620000002100 */
        /*0470*/                   S2UR UR5, SR_CTAID.Y ;                               /* 0x00000000000579c3 */
                                                                                        /* 0x004ea20000002600 */
        /*0480*/                   LDCU UR13, c[0x0][0x3a0] ;                           /* 0x00007400ff0d77ac */
                                                                                        /* 0x000ee20008000800 */
        /*0490*/                   BSSY.RECONVERGENT B0, 0xa90 ;                        /* 0x000005f000007945 */
                                                                                        /* 0x000fe20003800200 */
        /*04a0*/                   S2R R3, SR_TID.Y ;                                   /* 0x0000000000037919 */
                                                                                        /* 0x000f220000002200 */
        /*04b0*/                   LDCU UR6, c[0x0][0x398] ;                            /* 0x00007300ff0677ac */
                                                                                        /* 0x000f620008000800 */
        /*04c0*/                   UMOV UR7, UR11 ;                                     /* 0x0000000b00077c82 */
                                                                                        /* 0x000fe20008000000 */
        /*04d0*/                   USHF.L.U32 UR5, UR5, 0x6, URZ ;                      /* 0x0000000605057899 */
                                                                                        /* 0x004fe200080006ff */
        /*04e0*/                   IMAD.SHL.U32 R32, R0, 0x4, RZ ;                      /* 0x0000000400207824 */
                                                                                        /* 0x002fe400078e00ff */
        /*04f0*/                   IMAD R14, R3, 0x10, R0 ;                             /* 0x00000010030e7824 */
                                                                                        /* 0x010fc600078e0200 */
        /*0500*/                   LOP3.LUT R32, R32, 0xc, RZ, 0xc0, !PT ;              /* 0x0000000c20207812 */
                                                                                        /* 0x000fe400078ec0ff */
        /*0510*/                   LEA.HI R25, R14, UR5, RZ, 0x1e ;                     /* 0x000000050e197c11 */
                                                                                        /* 0x000fe2000f8ff0ff */
        /*0520*/                   UIADD3 UR5, UPT, UPT, UR11, 0x10, URZ ;              /* 0x000000100b057890 */
                                                                                        /* 0x000fe4000fffe0ff */
        /*0530*/                   IADD R32, R32, UR11 ;                                /* 0x0000000b20207c35 */
                                                                                        /* 0x000fe4000f8e0000 */
        /*0540*/                   ISETP.GE.AND P2, PT, R25, UR6, PT ;                  /* 0x0000000619007c0c */
                                                                                        /* 0x020fc6000bf46270 */
        /*0550*/                   IADD R8, R32, 0x3 ;                                  /* 0x0000000320087835 */
                                                                                        /* 0x001fe200078e0000 */
        /*0560*/                   UMOV UR11, UR5 ;                                     /* 0x00000005000b7c82 */
                                                                                        /* 0x000fc80008000000 */
        /*0570*/                   ISETP.GE.AND P0, PT, R8, UR13, PT ;                  /* 0x0000000d08007c0c */
                                                                                        /* 0x008fca000bf06270 */
        /*0580*/                   ISETP.GE.OR P1, PT, R25, UR6, P0 ;                   /* 0x0000000619007c0c */
                                                                                        /* 0x000fda0008726670 */
        /*0590*/               @P1 BRA 0x6c0 ;                                          /* 0x0000000000481947 */
                                                                                        /* 0x000fea0003800000 */
        /*05a0*/                   LDC.64 R8, c[0x0][0x380] ;                           /* 0x0000e000ff087b82 */
                                                                                        /* 0x000e620000000a00 */
        /*05b0*/                   IMAD R25, R25, UR13, R32 ;                           /* 0x0000000d19197c24 */
                                                                                        /* 0x000fc8000f8e0220 */
        /*05c0*/                   IMAD.WIDE.U32 R8, R25, 0x4, R8 ;                     /* 0x0000000419087825 */
                                                                                        /* 0x002fcc00078e0008 */
        /*05d0*/                   LDG.E.128.CONSTANT R8, desc[UR14][R8.64] ;           /* 0x0000000e08087981 */
                                                                                        /* 0x001ea2000c1e9d00 */
        /*05e0*/                   S2UR UR6, SR_CgaCtaId ;                              /* 0x00000000000679c3 */
                                                                                        /* 0x000e220000008800 */
        /*05f0*/                   UMOV UR5, 0x400 ;                                    /* 0x0000040000057882 */
                                                                                        /* 0x000fe20000000000 */
        /*0600*/                   IMAD.SHL.U32 R12, R0, 0x400, RZ ;                    /* 0x00000400000c7824 */
                                                                                        /* 0x000fe200078e00ff */
        /*0610*/                   MOV R30, UR5 ;                                       /* 0x00000005001e7c02 */
                                                                                        /* 0x000fe20008000f00 */
        /*0620*/                   LOP3.LUT R15, R14, 0xfffffffc, RZ, 0xc0, !PT ;       /* 0xfffffffc0e0f7812 */
                                                                                        /* 0x000fc600078ec0ff */
        /*0630*/                   LOP3.LUT R13, R12, 0xc00, RZ, 0xc0, !PT ;            /* 0x00000c000c0d7812 */
                                                                                        /* 0x000fe200078ec0ff */
        /*0640*/                   MOV R25, UR6 ;                                       /* 0x0000000600197c02 */
                                                                                        /* 0x001fca0008000f00 */
        /*0650*/                   LEA R32, R25, R30, 0x18 ;                            /* 0x0000001e19207211 */
                                                                                        /* 0x000fc800078ec0ff */
        /*0660*/                   IADD3 R13, PT, PT, R15, R32, R13 ;                   /* 0x000000200f0d7210 */
                                                                                        /* 0x000fca0007ffe00d */
        /*0670*/                   STS [R13], R8 ;                                      /* 0x000000080d007388 */
                                                                                        /* 0x0041e80000000800 */
        /*0680*/                   STS [R13+0x100], R9 ;                                /* 0x000100090d007388 */
                                                                                        /* 0x0001e80000000800 */
        /*0690*/                   STS [R13+0x200], R10 ;                               /* 0x0002000a0d007388 */
                                                                                        /* 0x0001e80000000800 */
        /*06a0*/                   STS [R13+0x300], R11 ;                               /* 0x0003000b0d007388 */
                                                                                        /* 0x0001e20000000800 */
        /*06b0*/                   BRA 0xa70 ;                                          /* 0x0000000000ec7947 */
                                                                                        /* 0x000fea0003800000 */
        /*06c0*/               @P2 BRA 0x9a0 ;                                          /* 0x0000000000b42947 */
                                                                                        /* 0x000fea0003800000 */
        /*06d0*/                   IADD R8, R32.reuse, 0x1 ;                            /* 0x0000000120087835 */
                                                                                        /* 0x040fe200078e0000 */
        /*06e0*/                   ISETP.GE.AND P1, PT, R32, UR13, PT ;                 /* 0x0000000d20007c0c */
                                                                                        /* 0x000fe2000bf26270 */
        /*06f0*/                   HFMA2 R15, -RZ, RZ, 0, 0 ;                           /* 0x00000000ff0f7431 */
                                                                                        /* 0x000fc600000001ff */
        /*0700*/                   ISETP.GE.AND P2, PT, R8, UR13, PT ;                  /* 0x0000000d08007c0c */
                                                                                        /* 0x000fe2000bf46270 */
        /*0710*/                   IADD R8, R32, 0x2 ;                                  /* 0x0000000220087835 */
                                                                                        /* 0x000fca00078e0000 */
        /*0720*/                   ISETP.GE.AND P3, PT, R8, UR13, PT ;                  /* 0x0000000d08007c0c */
                                                                                        /* 0x000fce000bf66270 */
        /*0730*/              @!P2 LDC.64 R10, c[0x0][0x380] ;                          /* 0x0000e000ff0aab82 */
                                                                                        /* 0x000e620000000a00 */
        /*0740*/              @!P2 MOV R33, RZ ;                                        /* 0x000000ff0021a202 */
                                                                                        /* 0x000fc60000000f00 */
        /*0750*/              @!P2 IMAD.WIDE.U32 R12, R25, UR13, R32 ;                  /* 0x0000000d190cac25 */
                                                                                        /* 0x000fc8000f8e0020 */
        /*0760*/              @!P3 LDC.64 R8, c[0x0][0x380] ;                           /* 0x0000e000ff08bb82 */
                                                                                        /* 0x000ea20000000a00 */
        /*0770*/              @!P3 MOV R33, RZ ;                                        /* 0x000000ff0021b202 */
                                                                                        /* 0x000fe20000000f00 */
        /*0780*/              @!P2 LEA R36, P4, R12, R10, 0x2 ;                         /* 0x0000000a0c24a211 */
                                                                                        /* 0x002fc800078810ff */
        /*0790*/              @!P2 LEA.HI.X R37, R12, R11, R13, 0x2, P4 ;               /* 0x0000000b0c25a211 */
                                                                                        /* 0x000fe400020f140d */
        /*07a0*/              @!P0 LDC.64 R10, c[0x0][0x380] ;                          /* 0x0000e000ff0a8b82 */
                                                                                        /* 0x000e620000000a00 */
        /*07b0*/              @!P3 IMAD.WIDE.U32 R30, R25, UR13, R32 ;                  /* 0x0000000d191ebc25 */
                                                                                        /* 0x000fce000f8e0020 */
        /*07c0*/              @!P1 LDC.64 R12, c[0x0][0x380] ;                          /* 0x0000e000ff0c9b82 */
                                                                                        /* 0x000ee20000000a00 */
        /*07d0*/              @!P2 LDG.E.CONSTANT R15, desc[UR14][R36.64+0x4] ;         /* 0x0000040e240fa981 */
                                                                                        /* 0x001122000c1e9900 */
        /*07e0*/              @!P3 LEA R8, P2, R30.reuse, R8, 0x2 ;                     /* 0x000000081e08b211 */
                                                                                        /* 0x044fe200078410ff */
        /*07f0*/                   HFMA2 R27, -RZ, RZ, 0, 0 ;                           /* 0x00000000ff1b7431 */
                                                                                        /* 0x000fe200000001ff */
        /*0800*/              @!P0 MOV R33, RZ ;                                        /* 0x000000ff00218202 */
                                                                                        /* 0x000fe20000000f00 */
        /*0810*/                   MOV R29, RZ ;                                        /* 0x000000ff001d7202 */
                                                                                        /* 0x000fe20000000f00 */
        /*0820*/              @!P3 LEA.HI.X R9, R30, R9, R31, 0x2, P2 ;                 /* 0x000000091e09b211 */
                                                                                        /* 0x000fe200010f141f */
        /*0830*/              @!P0 IMAD.WIDE.U32 R30, R25, UR13, R32 ;                  /* 0x0000000d191e8c25 */
                                                                                        /* 0x000fc8000f8e0020 */
        /*0840*/              @!P1 IMAD R25, R25, UR13, R32 ;                           /* 0x0000000d19199c24 */
                                                                                        /* 0x000fe2000f8e0220 */
        /*0850*/              @!P0 LEA R10, P2, R30, R10, 0x2 ;                         /* 0x0000000a1e0a8211 */
                                                                                        /* 0x002fc800078410ff */
        /*0860*/              @!P0 LEA.HI.X R11, R30, R11, R31, 0x2, P2 ;               /* 0x0000000b1e0b8211 */
                                                                                        /* 0x000fe200010f141f */
        /*0870*/                   HFMA2 R31, -RZ, RZ, 0, 0 ;                           /* 0x00000000ff1f7431 */
                                                                                        /* 0x000fe400000001ff */
        /*0880*/              @!P1 IMAD.WIDE.U32 R12, R25, 0x4, R12 ;                   /* 0x00000004190c9825 */
                                                                                        /* 0x008fe400078e000c */
        /*0890*/              @!P0 LDG.E.CONSTANT R27, desc[UR14][R10.64+0xc] ;         /* 0x00000c0e0a1b8981 */
                                                                                        /* 0x000ea8000c1e9900 */
        /*08a0*/              @!P3 LDG.E.CONSTANT R31, desc[UR14][R8.64+0x8] ;          /* 0x0000080e081fb981 */
                                                                                        /* 0x0002e8000c1e9900 */
        /*08b0*/              @!P1 LDG.E.CONSTANT R29, desc[UR14][R12.64] ;             /* 0x0000000e0c1d9981 */
                                                                                        /* 0x000f62000c1e9900 */
        /*08c0*/                   S2UR UR6, SR_CgaCtaId ;                              /* 0x00000000000679c3 */
                                                                                        /* 0x000e620000008800 */
        /*08d0*/                   UMOV UR5, 0x400 ;                                    /* 0x0000040000057882 */
                                                                                        /* 0x000fe20000000000 */
        /*08e0*/                   IMAD.SHL.U32 R32, R0, 0x400, RZ ;                    /* 0x0000040000207824 */
                                                                                        /* 0x000fe200078e00ff */
        /*08f0*/                   MOV R30, UR5 ;                                       /* 0x00000005001e7c02 */
                                                                                        /* 0x000fe20008000f00 */
        /*0900*/                   LOP3.LUT R33, R14, 0xfffffffc, RZ, 0xc0, !PT ;       /* 0xfffffffc0e217812 */
                                                                                        /* 0x000fc600078ec0ff */
        /*0910*/                   LOP3.LUT R36, R32, 0xc00, RZ, 0xc0, !PT ;            /* 0x00000c0020247812 */
                                                                                        /* 0x001fe200078ec0ff */
        /*0920*/                   MOV R25, UR6 ;                                       /* 0x0000000600197c02 */
                                                                                        /* 0x002fca0008000f00 */
        /*0930*/                   LEA R32, R25, R30, 0x18 ;                            /* 0x0000001e19207211 */
                                                                                        /* 0x000fc800078ec0ff */
        /*0940*/                   IADD3 R8, PT, PT, R36, R32, R33 ;                    /* 0x0000002024087210 */
                                                                                        /* 0x000fca0007ffe021 */
        /*0950*/                   STS [R8+0x100], R15 ;                                /* 0x0001000f08007388 */
                                                                                        /* 0x0103e80000000800 */
        /*0960*/                   STS [R8+0x300], R27 ;                                /* 0x0003001b08007388 */
                                                                                        /* 0x0043e80000000800 */
        /*0970*/                   STS [R8+0x200], R31 ;                                /* 0x0002001f08007388 */
                                                                                        /* 0x0083e80000000800 */
        /*0980*/                   STS [R8], R29 ;                                      /* 0x0000001d08007388 */
                                                                                        /* 0x0203e20000000800 */
        /*0990*/                   BRA 0xa70 ;                                          /* 0x0000000000347947 */
                                                                                        /* 0x000fea0003800000 */
        /*09a0*/                   S2UR UR6, SR_CgaCtaId ;                              /* 0x00000000000679c3 */
                                                                                        /* 0x000e620000008800 */
        /*09b0*/                   UMOV UR5, 0x400 ;                                    /* 0x0000040000057882 */
                                                                                        /* 0x000fe20000000000 */
        /*09c0*/                   IMAD.SHL.U32 R8, R0, 0x400, RZ ;                     /* 0x0000040000087824 */
                                                                                        /* 0x000fe200078e00ff */
        /*09d0*/                   MOV R30, UR5 ;                                       /* 0x00000005001e7c02 */
                                                                                        /* 0x000fe20008000f00 */
        /*09e0*/                   LOP3.LUT R10, R14, 0xfffffffc, RZ, 0xc0, !PT ;       /* 0xfffffffc0e0a7812 */
                                                                                        /* 0x000fc600078ec0ff */
        /*09f0*/                   LOP3.LUT R9, R8, 0xc00, RZ, 0xc0, !PT ;              /* 0x00000c0008097812 */
                                                                                        /* 0x000fe200078ec0ff */
        /*0a00*/                   MOV R25, UR6 ;                                       /* 0x0000000600197c02 */
                                                                                        /* 0x002fca0008000f00 */
        /*0a10*/                   LEA R32, R25, R30, 0x18 ;                            /* 0x0000001e19207211 */
                                                                                        /* 0x000fc800078ec0ff */
        /*0a20*/                   IADD3 R9, PT, PT, R10, R32, R9 ;                     /* 0x000000200a097210 */
                                                                                        /* 0x000fca0007ffe009 */
        /*0a30*/                   STS [R9], RZ ;                                       /* 0x000000ff09007388 */
                                                                                        /* 0x0005e80000000800 */
        /*0a40*/                   STS [R9+0x100], RZ ;                                 /* 0x000100ff09007388 */
                                                                                        /* 0x0005e80000000800 */
        /*0a50*/                   STS [R9+0x200], RZ ;                                 /* 0x000200ff09007388 */
                                                                                        /* 0x0005e80000000800 */
        /*0a60*/                   STS [R9+0x300], RZ ;                                 /* 0x000300ff09007388 */
                                                                                        /* 0x0005e40000000800 */
        /*0a70*/                   NOP ;                                                /* 0x0000000000007918 */
                                                                                        /* 0x000fe20000000000 */
        /*0a80*/                   BSYNC.RECONVERGENT B0 ;                              /* 0x0000000000007941 */
                                                                                        /* 0x001fea0003800200 */
        /*0a90*/                   BRA.U !UP0, 0xd70 ;                                  /* 0x0000000108b47547 */
                                                                                        /* 0x000fea000b800000 */
        /*0aa0*/                   UISETP.GE.AND UP1, UPT, UR11, UR13, UPT ;            /* 0x0000000d0b00728c */
                                                                                        /* 0x000fe2000bf26270 */
        /*0ab0*/                   BSSY.RECONVERGENT B0, 0xc70 ;                        /* 0x000001b000007945 */
                                                                                        /* 0x000fea0003800200 */
        /*0ac0*/                   PLOP3.LUT P0, PT, PT, PT, UP1, 0x80, 0x8 ;           /* 0x000000000008781c */
                                                                                        /* 0x000fca0003f0f018 */
        /*0ad0*/                   ISETP.NE.U32.OR P0, PT, R14, RZ, P0 ;                /* 0x000000ff0e00720c */
                                                                                        /* 0x000fda0000705470 */
        /*0ae0*/               @P0 BRA 0xc50 ;                                          /* 0x0000000000580947 */
                                                                                        /* 0x000fea0003800000 */
        /*0af0*/                   USHF.L.U32 UR5, UR4, 0x3, URZ ;                      /* 0x0000000304057899 */
                                                                                        /* 0x000fe200080006ff */
        /*0b00*/                   IADD R8, R30.reuse, 0x3000 ;                         /* 0x000030001e087835 */
                                                                                        /* 0x042fe200078e0000 */
        /*0b10*/                   MOV R9, 0x1000 ;                                     /* 0x0000100000097802 */
                                                                                        /* 0x004fe20000000f00 */
        /*0b20*/                   USHF.L.U32 UR6, UR4, 0xc, URZ ;                      /* 0x0000000c04067899 */
                                                                                        /* 0x000fe200080006ff */
        /*0b30*/                   ULOP3.LUT UR5, UR5, 0x8, URZ, 0xc, !UPT ;            /* 0x0000000805057892 */
                                                                                        /* 0x000fe2000f8e0cff */
        /*0b40*/                   IADD R10, R30, 0x1000 ;                              /* 0x000010001e0a7835 */
                                                                                        /* 0x000fe200078e0000 */
        /*0b50*/                   LEA R8, R25, R8, 0x18 ;                              /* 0x0000000819087211 */
                                                                                        /* 0x000fe200078ec0ff */
        /*0b60*/                   ULOP3.LUT UR6, UR6, 0x1000, URZ, 0xc, !UPT ;         /* 0x0000100006067892 */
                                                                                        /* 0x000fe2000f8e0cff */
        /*0b70*/                   PLOP3.LUT P0, PT, PT, PT, PT, 0x80, 0x8 ;            /* 0x000000000008781c */
                                                                                        /* 0x000fe20003f0f070 */
        /*0b80*/                   LDCU.64 UR16, c[0x0][0x3a8] ;                        /* 0x00007500ff1077ac */
                                                                                        /* 0x000e280008000a00 */
        /*0b90*/                   SYNCS.ARRIVE.TRANS64 RZ, [R8+UR5], R9 ;              /* 0x0000000908ff79a7 */
                                                                                        /* 0x0003e20008000005 */
        /*0ba0*/                   UMOV UR12, URZ ;                                     /* 0x000000ff000c7c82 */
                                                                                        /* 0x000fe20008000000 */
        /*0bb0*/                   LEA R9, R25, R10, 0x18 ;                             /* 0x0000000a19097211 */
                                                                                        /* 0x002fe200078ec0ff */
        /*0bc0*/                   IADD R8, R8, UR5 ;                                   /* 0x0000000508087c35 */
                                                                                        /* 0x000fc8000f8e0000 */
        /*0bd0*/                   IADD R9, R9, UR6 ;                                   /* 0x0000000609097c35 */
                                                                                        /* 0x001fce000f8e0000 */
        /*0be0*/               @P0 ELECT P1, URZ, PT ;                                  /* 0x0000000000ff082f */
                                                                                        /* 0x000fda0003820000 */
        /*0bf0*/               @P1 R2UR.BROADCAST UR9, R8 ;                             /* 0x00000000080912ca */
                                                                                        /* 0x001fe400008e0000 */
        /*0c00*/               @P1 R2UR.BROADCAST UR8, R9 ;                             /* 0x00000000090812ca */
                                                                                        /* 0x000fe400008e0000 */
        /*0c10*/               @P1 PLOP3.LUT P0, PT, P1, PT, PT, 0x8, 0x80 ;            /* 0x000000000080181c */
                                                                                        /* 0x000fe40000f0e170 */
        /*0c20*/                   PLOP3.LUT P1, PT, PT, PT, PT, 0x8, 0x80 ;            /* 0x000000000080781c */
                                                                                        /* 0x000fd20003f2e170 */
        /*0c30*/                   UTMALDG.3D [UR8], [UR16] ;                           /* 0x00000008100075b4 */
                                                                                        /* 0x0001e40008010000 */
        /*0c40*/               @P0 BRA.U.ANY 0xbe0 ;                                    /* 0xfffffffd00e40947 */
                                                                                        /* 0x000fea000393ffff */
        /*0c50*/                   NOP ;                                                /* 0x0000000000007918 */
                                                                                        /* 0x000fe20000000000 */
        /*0c60*/                   BSYNC.RECONVERGENT B0 ;                              /* 0x0000000000007941 */
                                                                                        /* 0x001fea0003800200 */
        /*0c70*/                   USHF.R.U32.HI UR5, URZ, 0x1, UR4 ;                   /* 0x00000001ff057899 */
                                                                                        /* 0x000fe20008011604 */
        /*0c80*/                   IADD R8, R30, 0x3000 ;                               /* 0x000030001e087835 */
                                                                                        /* 0x002fe200078e0000 */
        /*0c90*/                   BSSY.RECONVERGENT B0, 0xd50 ;                        /* 0x000000b000007945 */
                                                                                        /* 0x000fe20003800200 */
        /*0ca0*/                   ULOP3.LUT UR8, UR4, 0x1, URZ, 0xc0, !UPT ;           /* 0x0000000104087892 */
                                                                                        /* 0x000fe2000f8ec0ff */
        /*0cb0*/                   ULOP3.LUT UR6, UR5, 0x1, URZ, 0xc0, !UPT ;           /* 0x0000000105067892 */
                                                                                        /* 0x000fe2000f8ec0ff */
        /*0cc0*/                   USHF.L.U32 UR5, UR4, 0x3, URZ ;                      /* 0x0000000304057899 */
                                                                                        /* 0x000fe200080006ff */
        /*0cd0*/                   LEA R9, R25, R8, 0x18 ;                              /* 0x0000000819097211 */
                                                                                        /* 0x004fc600078ec0ff */
        /*0ce0*/                   ULOP3.LUT UR5, UR5, 0x8, URZ, 0xc0, !UPT ;           /* 0x0000000805057892 */
                                                                                        /* 0x000fe2000f8ec0ff */
        /*0cf0*/                   MOV R10, UR6 ;                                       /* 0x00000006000a7c02 */
                                                                                        /* 0x000fca0008000f00 */
        /*0d00*/                   SHF.L.U32 R8, R10, 0x1f, RZ ;                        /* 0x0000001f0a087819 */
                                                                                        /* 0x000fce00000006ff */
        /*0d10*/                   SYNCS.PHASECHK.TRANS64.TRYWAIT P0, [R9+UR5], R8 ;    /* 0x00000008090075a7 */
                                                                                        /* 0x000e240008001105 */
        /*0d20*/              @!P0 BRA 0xd10 ;                                          /* 0xfffffffc00f88947 */
                                                                                        /* 0x001fea000383ffff */
        /*0d30*/                   NOP ;                                                /* 0x0000000000007918 */
                                                                                        /* 0x000fe20000000000 */
        /*0d40*/                   BSYNC.RECONVERGENT B0 ;                              /* 0x0000000000007941 */
                                                                                        /* 0x000fea0003800200 */
        /*0d50*/                   MOV R33, UR8 ;                                       /* 0x0000000800217c02 */
                                                                                        /* 0x000fe20008000f00 */
        /*0d60*/                   BRA 0x10a0 ;                                         /* 0x0000000000cc7947 */
                                                                                        /* 0x000fec0003800000 */
        /*0d70*/                   LDCU UR5, c[0x0][0x39c] ;                            /* 0x00007380ff0577ac */
                                                                                        /* 0x000e220008000800 */
        /*0d80*/                   IADD R8, R34, 0x3 ;                                  /* 0x0000000322087835 */
                                                                                        /* 0x002fe200078e0000 */
        /*0d90*/                   SHF.R.U32.HI R14, RZ, 0x4, R14 ;                     /* 0x00000004ff0e7819 */
                                                                                        /* 0x000fca000001160e */
        /*0da0*/                   IADD R13, R14, UR7 ;                                 /* 0x000000070e0d7c35 */
                                                                                        /* 0x000fe2000f8e0000 */
        /*0db0*/                   ISETP.GE.AND P0, PT, R8, UR5, PT ;                   /* 0x0000000508007c0c */
                                                                                        /* 0x001fca000bf06270 */
        /*0dc0*/                   ISETP.GE.OR P1, PT, R13, UR13, P0 ;                  /* 0x0000000d0d007c0c */
                                                                                        /* 0x000fda0008726670 */
        /*0dd0*/              @!P1 LDC.64 R8, c[0x0][0x388] ;                           /* 0x0000e200ff089b82 */
                                                                                        /* 0x004e220000000a00 */
        /*0de0*/              @!P1 IMAD R11, R13, UR5, R34 ;                            /* 0x000000050d0b9c24 */
                                                                                        /* 0x000fc8000f8e0222 */
        /*0df0*/              @!P1 IMAD.WIDE R8, R11, 0x4, R8 ;                         /* 0x000000040b089825 */
                                                                                        /* 0x001fcc00078e0208 */
        /*0e00*/              @!P1 LDG.E.128.CONSTANT R8, desc[UR14][R8.64] ;           /* 0x0000000e08089981 */
                                                                                        /* 0x000ea2000c1e9d00 */
        /*0e10*/                   IADD R12, R30, 0x1000 ;                              /* 0x000010001e0c7835 */
                                                                                        /* 0x000fe200078e0000 */
        /*0e20*/                   BSSY.RECONVERGENT B0, 0x10a0 ;                       /* 0x0000027000007945 */
                                                                                        /* 0x000fe20003800200 */
        /*0e30*/              @!P1 MOV R33, RZ ;                                        /* 0x000000ff00219202 */
                                                                                        /* 0x000fc60000000f00 */
        /*0e40*/                   LEA R15, R25, R12, 0x18 ;                            /* 0x0000000c190f7211 */
                                                                                        /* 0x000fe200078ec0ff */
        /*0e50*/                   IMAD.SHL.U32 R12, R0, 0x10, RZ ;                     /* 0x00000010000c7824 */
                                                                                        /* 0x000fc800078e00ff */
        /*0e60*/                   IMAD R15, R14, 0x100, R15 ;                          /* 0x000001000e0f7824 */
                                                                                        /* 0x000fe200078e020f */
        /*0e70*/                   LOP3.LUT R12, R12, 0xf0, RZ, 0xc0, !PT ;             /* 0x000000f00c0c7812 */
                                                                                        /* 0x000fca00078ec0ff */
        /*0e80*/                   IADD R15, R15, R12 ;                                 /* 0x0000000c0f0f7235 */
                                                                                        /* 0x000fca00078e0000 */
        /*0e90*/              @!P1 STS.128 [R15], R8 ;                                  /* 0x000000080f009388 */
                                                                                        /* 0x0041e20000000c00 */
        /*0ea0*/              @!P1 BRA 0x1080 ;                                         /* 0x0000000000749947 */
                                                                                        /* 0x000fea0003800000 */
        /*0eb0*/                   ISETP.GE.AND P1, PT, R13, UR13, PT ;                 /* 0x0000000d0d007c0c */
                                                                                        /* 0x000fda000bf26270 */
        /*0ec0*/               @P1 BRA 0x1060 ;                                         /* 0x0000000000641947 */
                                                                                        /* 0x000fea0003800000 */
        /*0ed0*/                   ISETP.GE.AND P1, PT, R34.reuse, UR5, PT ;            /* 0x0000000522007c0c */
                                                                                        /* 0x040fe2000bf26270 */
        /*0ee0*/                   LDCU.64 UR8, c[0x0][0x388] ;                         /* 0x00007100ff0877ac */
                                                                                        /* 0x000e620008000a00 */
        /*0ef0*/                   IADD R10, R34.reuse, 0x1 ;                           /* 0x00000001220a7835 */
                                                                                        /* 0x041fe200078e0000 */
        /*0f00*/                   IADD R14, R34, 0x2 ;                                 /* 0x00000002220e7835 */
                                                                                        /* 0x000fc800078e0000 */
        /*0f10*/                   ISETP.GE.AND P2, PT, R10, UR5, PT ;                  /* 0x000000050a007c0c */
                                                                                        /* 0x000fe2000bf46270 */
        /*0f20*/                   ISETP.GE.AND P3, PT, R14, UR5, PT ;                  /* 0x000000050e007c0c */
                                                                                        /* 0x000fe2000bf66270 */
        /*0f30*/                   HFMA2 R14, -RZ, RZ, 0, 0 ;                           /* 0x00000000ff0e7431 */
                                                                                        /* 0x000fc800000001ff */
        /*0f40*/              @!P1 LDC.64 R8, c[0x0][0x388] ;                           /* 0x0000e200ff089b82 */
                                                                                        /* 0x000e220000000a00 */
        /*0f50*/              @!P1 IMAD R11, R13.reuse, UR5, R34.reuse ;                /* 0x000000050d0b9c24 */
                                                                                        /* 0x140fe4000f8e0222 */
        /*0f60*/                   IMAD.WIDE R12, R13, UR5, R34 ;                       /* 0x000000050d0c7c25 */
                                                                                        /* 0x000fc6000f8e0222 */
        /*0f70*/                   LEA R10, P4, R12.reuse, UR8, 0x2 ;                   /* 0x000000080c0a7c11 */
                                                                                        /* 0x042fe2000f8810ff */
        /*0f80*/                   MOV R36, RZ ;                                        /* 0x000000ff00247202 */
                                                                                        /* 0x000fe20000000f00 */
        /*0f90*/              @!P1 IMAD.WIDE R8, R11, 0x4, R8 ;                         /* 0x000000040b089825 */
                                                                                        /* 0x001fe400078e0208 */
        /*0fa0*/                   LEA.HI.X R11, R12, UR9, R13, 0x2, P4 ;               /* 0x000000090c0b7c11 */
                                                                                        /* 0x000fe2000a0f140d */
        /*0fb0*/                   CS2R R12, SRZ ;                                      /* 0x00000000000c7805 */
                                                                                        /* 0x000fe4000001ff00 */
        /*0fc0*/              @!P1 LDG.E.CONSTANT R14, desc[UR14][R8.64] ;              /* 0x0000000e080e9981 */
                                                                                        /* 0x000ea8000c1e9900 */
        /*0fd0*/              @!P2 LDG.E.CONSTANT R12, desc[UR14][R10.64+0x4] ;         /* 0x0000040e0a0ca981 */
                                                                                        /* 0x000ee8000c1e9900 */
        /*0fe0*/              @!P3 LDG.E.CONSTANT R36, desc[UR14][R10.64+0x8] ;         /* 0x0000080e0a24b981 */
                                                                                        /* 0x000f28000c1e9900 */
        /*0ff0*/              @!P0 LDG.E.CONSTANT R13, desc[UR14][R10.64+0xc] ;         /* 0x00000c0e0a0d8981 */
                                                                                        /* 0x000f62000c1e9900 */
        /*1000*/                   HFMA2 R33, -RZ, RZ, 0, 0 ;                           /* 0x00000000ff217431 */
                                                                                        /* 0x000fc600000001ff */
        /*1010*/                   STS [R15], R14 ;                                     /* 0x0000000e0f007388 */
                                                                                        /* 0x0043e80000000800 */
        /*1020*/                   STS [R15+0x4], R12 ;                                 /* 0x0000040c0f007388 */
                                                                                        /* 0x0083e80000000800 */
        /*1030*/                   STS [R15+0x8], R36 ;                                 /* 0x000008240f007388 */
                                                                                        /* 0x0103e80000000800 */
        /*1040*/                   STS [R15+0xc], R13 ;                                 /* 0x00000c0d0f007388 */
                                                                                        /* 0x0203e20000000800 */
        /*1050*/                   BRA 0x1080 ;                                         /* 0x0000000000087947 */
                                                                                        /* 0x000fea0003800000 */
        /*1060*/                   STS.128 [R15], RZ ;                                  /* 0x000000ff0f007388 */
                                                                                        /* 0x0005e20000000c00 */
        /*1070*/                   MOV R33, RZ ;                                        /* 0x000000ff00217202 */
                                                                                        /* 0x000fce0000000f00 */
        /*1080*/                   NOP ;                                                /* 0x0000000000007918 */
                                                                                        /* 0x000fe20000000000 */
        /*1090*/                   BSYNC.RECONVERGENT B0 ;                              /* 0x0000000000007941 */
                                                                                        /* 0x000fea0003800200 */
        /*10a0*/                   BAR.SYNC.DEFER_BLOCKING 0x0 ;                        /* 0x0000000000007b1d */
                                                                                        /* 0x000fe20000010000 */
        /*10b0*/                   UISETP.GE.AND UP1, UPT, UR7, UR13, UPT ;             /* 0x0000000d0700728c */
                                                                                        /* 0x000fd2000bf26270 */
        /*10c0*/                   BRA.U UP1, 0x1630 ;                                  /* 0x0000000501587547 */
                                                                                        /* 0x000fea000b800000 */
        /*10d0*/                   USHF.L.U32 UR5, UR4, 0x4, URZ ;                      /* 0x0000000404057899 */
                                                                                        /* 0x000fe200080006ff */
        /*10e0*/                   UVIMNMX.S32 UR6, UR11, UR13, UPT ;                   /* 0x0000000d0b06724a */
                                                                                        /* 0x000fe2000bfe0100 */
        /*10f0*/                   HFMA2 R31, -RZ, RZ, 0, 0 ;                           /* 0x00000000ff1f7431 */
                                                                                        /* 0x000fe400000001ff */
        /*1100*/                   UIADD3 UR7, UPT, UPT, UR5, 0x1, URZ ;                /* 0x0000000105077890 */
                                                                                        /* 0x000fc8000fffe0ff */
        /*1110*/                   UISETP.NE.U32.AND UP1, UPT, UR6, UR7, UPT ;          /* 0x000000070600728c */
                                                                                        /* 0x000fd2000bf25070 */
        /*1120*/                   BRA.U !UP1, 0x14a0 ;                                 /* 0x0000000109dc7547 */
                                                                                        /* 0x000fea000b800000 */
        /*1130*/                   IADD R8, R30, 0x1000 ;                               /* 0x000010001e087835 */
                                                                                        /* 0x001fe200078e0000 */
        /*1140*/                   IMAD R29, R3, 0x10, R32 ;                            /* 0x00000010031d7824 */
                                                                                        /* 0x000fe200078e0220 */
        /*1150*/                   ULOP3.LUT UR5, UR5, 0x1, UR6, 0xf8, !UPT ;           /* 0x0000000105057892 */
                                                                                        /* 0x000fe2000f8ef806 */
        /*1160*/                   MOV R31, RZ ;                                        /* 0x000000ff001f7202 */
                                                                                        /* 0x000fe40000000f00 */
        /*1170*/                   LEA R9, R25, R8, 0x18 ;                              /* 0x0000000819097211 */
                                                                                        /* 0x000fe200078ec0ff */
        /*1180*/                   UIADD3 UR5, UPT, UPT, -UR6, UR5, URZ ;               /* 0x0000000506057290 */
                                                                                        /* 0x000fe2000fffe1ff */
        /*1190*/                   IADD R29, R29, 0x100 ;                               /* 0x000001001d1d7835 */
                                                                                        /* 0x000fc600078e0000 */
        /*11a0*/                   IMAD R8, R0, 0x10, R9 ;                              /* 0x0000001000087824 */
                                                                                        /* 0x000fc800078e0209 */
        /*11b0*/                   IMAD R8, R33, 0x1000, R8 ;                           /* 0x0000100021087824 */
                                                                                        /* 0x000fca00078e0208 */
        /*11c0*/                   IADD R27, R8, 0x100 ;                                /* 0x00000100081b7835 */
                                                                                        /* 0x006fce00078e0000 */
        /*11d0*/                   LDS.128 R8, [R29+-0x100] ;                           /* 0xffff00001d087984 */
                                                                                        /* 0x000fe20000000c00 */
        /*11e0*/                   UIADD3 UR5, UPT, UPT, UR5, 0x2, URZ ;                /* 0x0000000205057890 */
                                                                                        /* 0x000fe2000fffe0ff */
        /*11f0*/                   IADD R31, R31, 0x2 ;                                 /* 0x000000021f1f7835 */
                                                                                        /* 0x000fe400078e0000 */
        /*1200*/                   LDS.128 R12, [R27+-0x100] ;                          /* 0xffff00001b0c7984 */
                                                                                        /* 0x000e220000000c00 */
        /*1210*/                   UISETP.NE.U32.AND UP1, UPT, UR5, URZ, UPT ;          /* 0x000000ff0500728c */
                                                                                        /* 0x000fe2000bf25070 */
        /*1220*/                   FFMA.FTZ R7, R8.reuse, R12, R7 ;                     /* 0x0000000c08077223 */
                                                                                        /* 0x041fe20000010007 */
        /*1230*/                   FFMA.FTZ R4, R8.reuse, R13, R4 ;                     /* 0x0000000d08047223 */
                                                                                        /* 0x040fe20000010004 */
        /*1240*/                   FFMA.FTZ R5, R8.reuse, R14, R5 ;                     /* 0x0000000e08057223 */
                                                                                        /* 0x040fe20000010005 */
        /*1250*/                   FFMA.FTZ R6, R8, R15, R6 ;                           /* 0x0000000f08067223 */
                                                                                        /* 0x000fe20000010006 */
        /*1260*/                   FFMA.FTZ R2, R9.reuse, R12, R2 ;                     /* 0x0000000c09027223 */
                                                                                        /* 0x040fe20000010002 */
        /*1270*/                   FFMA.FTZ R16, R9.reuse, R13, R16 ;                   /* 0x0000000d09107223 */
                                                                                        /* 0x040fe20000010010 */
        /*1280*/                   FFMA.FTZ R17, R9.reuse, R14, R17 ;                   /* 0x0000000e09117223 */
                                                                                        /* 0x040fe20000010011 */
        /*1290*/                   FFMA.FTZ R18, R9, R15, R18 ;                         /* 0x0000000f09127223 */
                                                                                        /* 0x000fe20000010012 */
        /*12a0*/                   FFMA.FTZ R19, R10.reuse, R12, R19 ;                  /* 0x0000000c0a137223 */
                                                                                        /* 0x040fe20000010013 */
        /*12b0*/                   FFMA.FTZ R20, R10.reuse, R13, R20 ;                  /* 0x0000000d0a147223 */
                                                                                        /* 0x040fe20000010014 */
        /*12c0*/                   FFMA.FTZ R21, R10.reuse, R14, R21 ;                  /* 0x0000000e0a157223 */
                                                                                        /* 0x040fe20000010015 */
        /*12d0*/                   FFMA.FTZ R22, R10, R15, R22 ;                        /* 0x0000000f0a167223 */
                                                                                        /* 0x000fe20000010016 */
        /*12e0*/                   FFMA.FTZ R24, R11.reuse, R12, R24 ;                  /* 0x0000000c0b187223 */
                                                                                        /* 0x040fe20000010018 */
        /*12f0*/                   FFMA.FTZ R26, R11.reuse, R13, R26 ;                  /* 0x0000000d0b1a7223 */
                                                                                        /* 0x040fe2000001001a */
        /*1300*/                   FFMA.FTZ R23, R11.reuse, R14, R23 ;                  /* 0x0000000e0b177223 */
                                                                                        /* 0x040fe20000010017 */
        /*1310*/                   FFMA.FTZ R28, R11, R15, R28 ;                        /* 0x0000000f0b1c7223 */
                                                                                        /* 0x000fc4000001001c */
        /*1320*/                   LDS.128 R8, [R29] ;                                  /* 0x000000001d087984 */
                                                                                        /* 0x0001e80000000c00 */
        /*1330*/                   LDS.128 R12, [R27] ;                                 /* 0x000000001b0c7984 */
                                                                                        /* 0x0002a20000000c00 */
        /*1340*/                   IADD R29, R29, 0x200 ;                               /* 0x000002001d1d7835 */
                                                                                        /* 0x001fe200078e0000 */
        /*1350*/                   IADD R27, R27, 0x200 ;                               /* 0x000002001b1b7835 */
                                                                                        /* 0x002fe200078e0000 */
        /*1360*/                   FFMA.FTZ R7, R8.reuse, R12, R7 ;                     /* 0x0000000c08077223 */
                                                                                        /* 0x044fe20000010007 */
        /*1370*/                   FFMA.FTZ R4, R8.reuse, R13, R4 ;                     /* 0x0000000d08047223 */
                                                                                        /* 0x040fe20000010004 */
        /*1380*/                   FFMA.FTZ R5, R8.reuse, R14, R5 ;                     /* 0x0000000e08057223 */
                                                                                        /* 0x040fe20000010005 */
        /*1390*/                   FFMA.FTZ R6, R8, R15, R6 ;                           /* 0x0000000f08067223 */
                                                                                        /* 0x000fe20000010006 */
        /*13a0*/                   FFMA.FTZ R2, R9.reuse, R12, R2 ;                     /* 0x0000000c09027223 */
                                                                                        /* 0x040fe20000010002 */
        /*13b0*/                   FFMA.FTZ R16, R9.reuse, R13, R16 ;                   /* 0x0000000d09107223 */
                                                                                        /* 0x040fe20000010010 */
        /*13c0*/                   FFMA.FTZ R17, R9.reuse, R14, R17 ;                   /* 0x0000000e09117223 */
                                                                                        /* 0x040fe20000010011 */
        /*13d0*/                   FFMA.FTZ R18, R9, R15, R18 ;                         /* 0x0000000f09127223 */
                                                                                        /* 0x000fe20000010012 */
        /*13e0*/                   FFMA.FTZ R19, R10.reuse, R12, R19 ;                  /* 0x0000000c0a137223 */
                                                                                        /* 0x040fe20000010013 */
        /*13f0*/                   FFMA.FTZ R20, R10.reuse, R13, R20 ;                  /* 0x0000000d0a147223 */
                                                                                        /* 0x040fe20000010014 */
        /*1400*/                   FFMA.FTZ R21, R10.reuse, R14, R21 ;                  /* 0x0000000e0a157223 */
                                                                                        /* 0x040fe20000010015 */
        /*1410*/                   FFMA.FTZ R22, R10, R15, R22 ;                        /* 0x0000000f0a167223 */
                                                                                        /* 0x000fe20000010016 */
        /*1420*/                   FFMA.FTZ R24, R11.reuse, R12, R24 ;                  /* 0x0000000c0b187223 */
                                                                                        /* 0x040fe20000010018 */
        /*1430*/                   FFMA.FTZ R26, R11.reuse, R13, R26 ;                  /* 0x0000000d0b1a7223 */
                                                                                        /* 0x040fe2000001001a */
        /*1440*/                   FFMA.FTZ R23, R11.reuse, R14, R23 ;                  /* 0x0000000e0b177223 */
                                                                                        /* 0x040fe20000010017 */
        /*1450*/                   FFMA.FTZ R28, R11, R15, R28 ;                        /* 0x0000000f0b1c7223 */
                                                                                        /* 0x000fe2000001001c */
        /*1460*/                   BRA.U UP1, 0x11d0 ;                                  /* 0xfffffffd01587547 */
                                                                                        /* 0x000fec000b83ffff */
        /*1470*/                   UVIMNMX.S32 UR5, UR11, UR13, UPT ;                   /* 0x0000000d0b05724a */
                                                                                        /* 0x000fc8000bfe0100 */
        /*1480*/                   ULOP3.LUT UP1, URZ, UR5, 0x1, URZ, 0xc0, !UPT ;      /* 0x0000000105ff7892 */
                                                                                        /* 0x000fd2000f82c0ff */
        /*1490*/                   BRA.U !UP1, 0x1630 ;                                 /* 0x0000000109647547 */
                                                                                        /* 0x000fea000b800000 */
        /*14a0*/                   IADD R30, R30, 0x1000 ;                              /* 0x000010001e1e7835 */
                                                                                        /* 0x000fe200078e0000 */
        /*14b0*/                   IMAD R32, R31, 0x100, R32 ;                          /* 0x000001001f207824 */
                                                                                        /* 0x000fc800078e0220 */
        /*14c0*/                   LEA R8, R25, R30, 0x18 ;                             /* 0x0000001e19087211 */
                                                                                        /* 0x001fca00078ec0ff */
        /*14d0*/                   IMAD R8, R33, 0x1000, R8 ;                           /* 0x0000100021087824 */
                                                                                        /* 0x000fc800078e0208 */
        /*14e0*/                   IMAD R31, R31, 0x100, R8 ;                           /* 0x000001001f1f7824 */
                                                                                        /* 0x000fe400078e0208 */
        /*14f0*/                   IMAD R8, R3, 0x10, R32 ;                             /* 0x0000001003087824 */
                                                                                        /* 0x000fe400078e0220 */
        /*1500*/                   IMAD R12, R0, 0x10, R31 ;                            /* 0x00000010000c7824 */
                                                                                        /* 0x002fc800078e021f */
        /*1510*/                   LDS.128 R8, [R8] ;                                   /* 0x0000000008087984 */
                                                                                        /* 0x000fe80000000c00 */
        /*1520*/                   LDS.128 R12, [R12] ;                                 /* 0x000000000c0c7984 */
                                                                                        /* 0x004e240000000c00 */
        /*1530*/                   FFMA.FTZ R7, R8.reuse, R12, R7 ;                     /* 0x0000000c08077223 */
                                                                                        /* 0x041fe20000010007 */
        /*1540*/                   FFMA.FTZ R4, R8.reuse, R13, R4 ;                     /* 0x0000000d08047223 */
                                                                                        /* 0x040fe20000010004 */
        /*1550*/                   FFMA.FTZ R5, R8.reuse, R14, R5 ;                     /* 0x0000000e08057223 */
                                                                                        /* 0x040fe20000010005 */
        /*1560*/                   FFMA.FTZ R6, R8, R15, R6 ;                           /* 0x0000000f08067223 */
                                                                                        /* 0x000fe20000010006 */
        /*1570*/                   FFMA.FTZ R2, R9.reuse, R12, R2 ;                     /* 0x0000000c09027223 */
                                                                                        /* 0x040fe20000010002 */
        /*1580*/                   FFMA.FTZ R16, R9.reuse, R13, R16 ;                   /* 0x0000000d09107223 */
                                                                                        /* 0x040fe20000010010 */
        /*1590*/                   FFMA.FTZ R17, R9.reuse, R14, R17 ;                   /* 0x0000000e09117223 */
                                                                                        /* 0x040fe20000010011 */
        /*15a0*/                   FFMA.FTZ R18, R9, R15, R18 ;                         /* 0x0000000f09127223 */
                                                                                        /* 0x000fe20000010012 */
        /*15b0*/                   FFMA.FTZ R19, R10.reuse, R12, R19 ;                  /* 0x0000000c0a137223 */
                                                                                        /* 0x040fe20000010013 */
        /*15c0*/                   FFMA.FTZ R20, R10.reuse, R13, R20 ;                  /* 0x0000000d0a147223 */
                                                                                        /* 0x040fe20000010014 */
        /*15d0*/                   FFMA.FTZ R21, R10.reuse, R14, R21 ;                  /* 0x0000000e0a157223 */
                                                                                        /* 0x040fe20000010015 */
        /*15e0*/                   FFMA.FTZ R22, R10, R15, R22 ;                        /* 0x0000000f0a167223 */
                                                                                        /* 0x000fe20000010016 */
        /*15f0*/                   FFMA.FTZ R24, R11.reuse, R12, R24 ;                  /* 0x0000000c0b187223 */
                                                                                        /* 0x040fe20000010018 */
        /*1600*/                   FFMA.FTZ R26, R11.reuse, R13, R26 ;                  /* 0x0000000d0b1a7223 */
                                                                                        /* 0x040fe2000001001a */
        /*1610*/                   FFMA.FTZ R23, R11.reuse, R14, R23 ;                  /* 0x0000000e0b177223 */
                                                                                        /* 0x040fe20000010017 */
        /*1620*/                   FFMA.FTZ R28, R11, R15, R28 ;                        /* 0x0000000f0b1c7223 */
                                                                                        /* 0x000fce000001001c */
        /*1630*/                   BAR.SYNC.DEFER_BLOCKING 0x0 ;                        /* 0x0000000000007b1d */
                                                                                        /* 0x000fe20000010000 */
        /*1640*/                   UIADD3 UR5, UPT, UPT, UR13, -0x1, URZ ;              /* 0xffffffff0d057890 */
                                                                                        /* 0x000fc8000fffe0ff */
        /*1650*/                   USHF.R.U32.HI UR6, URZ, 0x4, UR5 ;                   /* 0x00000004ff067899 */
                                                                                        /* 0x000fe20008011605 */
        /*1660*/                   UIADD3 UR5, UPT, UPT, UR4, 0x1, URZ ;                /* 0x0000000104057890 */
                                                                                        /* 0x000fc6000fffe0ff */
        /*1670*/                   UISETP.NE.U32.AND UP1, UPT, UR4, UR6, UPT ;          /* 0x000000060400728c */
                                                                                        /* 0x000fc8000bf25070 */
        /*1680*/                   UMOV UR4, UR5 ;                                      /* 0x0000000500047c82 */
                                                                                        /* 0x000fca0008000000 */
        /*1690*/                   BRA.U UP1, 0x460 ;                                   /* 0xffffffed01707547 */
                                                                                        /* 0x000fea000b83ffff */
        /*16a0*/                   S2R R10, SR_CTAID.Y ;                                /* 0x00000000000a7919 */
                                                                                        /* 0x001f220000002600 */
        /*16b0*/                   LDCU.64 UR8, c[0x0][0x398] ;                         /* 0x00007300ff0877ac */
                                                                                        /* 0x000e220008000a00 */
        /*16c0*/                   LEA R8, R0, UR10, 0x2 ;                              /* 0x0000000a00087c11 */
                                                                                        /* 0x004fe2000f8e10ff */
        /*16d0*/                   LDCU.64 UR6, c[0x0][0x390] ;                         /* 0x00007200ff0677ac */
                                                                                        /* 0x000ea60008000a00 */
        /*16e0*/                   SHF.R.S32.HI R9, RZ, 0x1f, R8 ;                      /* 0x0000001fff097819 */
                                                                                        /* 0x000fe20000011408 */
        /*16f0*/                   IADD R25, R8.reuse, 0x3 ;                            /* 0x0000000308197835 */
                                                                                        /* 0x040fe200078e0000 */
        /*1700*/                   ISETP.GE.AND P1, PT, R8.reuse, UR9, PT ;             /* 0x0000000908007c0c */
                                                                                        /* 0x041fe2000bf26270 */
        /*1710*/                   ISETP.GE.AND P0, PT, R8, UR9, PT ;                   /* 0x0000000908007c0c */
                                                                                        /* 0x000fe2000bf06270 */
        /*1720*/                   IMAD R0, R10, 0x10, R3 ;                             /* 0x000000100a007824 */
                                                                                        /* 0x010fe200078e0203 */
        /*1730*/                   IADD R10, R8, 0x1 ;                                  /* 0x00000001080a7835 */
                                                                                        /* 0x000fc600078e0000 */
        /*1740*/                   IMAD.SHL.U32 R0, R0, 0x4, RZ ;                       /* 0x0000000400007824 */
                                                                                        /* 0x000fe400078e00ff */
        /*1750*/                   ISETP.GE.AND P3, PT, R10, UR9, PT ;                  /* 0x000000090a007c0c */
                                                                                        /* 0x000fe2000bf66270 */
        /*1760*/                   IADD R10, R8, 0x2 ;                                  /* 0x00000002080a7835 */
                                                                                        /* 0x000fe200078e0000 */
        /*1770*/                   IMAD R30, R0.reuse, UR9, RZ ;                        /* 0x00000009001e7c24 */
                                                                                        /* 0x040fe2000f8e02ff */
        /*1780*/                   ISETP.LT.AND P1, PT, R0.reuse, UR8, !P1 ;            /* 0x0000000800007c0c */
                                                                                        /* 0x040fe2000cf21270 */
        /*1790*/                   IADD R3, R0.reuse, 0x1 ;                             /* 0x0000000100037835 */
                                                                                        /* 0x040fe200078e0000 */
        /*17a0*/                   ISETP.GE.OR P5, PT, R0, UR8, P3 ;                    /* 0x0000000800007c0c */
                                                                                        /* 0x000fe20009fa6670 */
        /*17b0*/                   ISETP.GE.AND P2, PT, R10, UR9, PT ;                  /* 0x000000090a007c0c */
                                                                                        /* 0x000fe2000bf46270 */
        /*17c0*/                   SHF.R.S32.HI R31, RZ, 0x1f, R30 ;                    /* 0x0000001fff1f7819 */
                                                                                        /* 0x000fe4000001141e */
        /*17d0*/                   ISETP.GE.OR P6, PT, R3, UR8, P0 ;                    /* 0x0000000803007c0c */
                                                                                        /* 0x000fc600087c6670 */
        /*17e0*/                   IADD.64 R14, R30, R8 ;                               /* 0x000000081e0e7235 */
                                                                                        /* 0x002fc800078e0200 */
        /*17f0*/               @P1 LDC.64 R32, c[0x0][0x390] ;                          /* 0x0000e400ff201b82 */
                                                                                        /* 0x000e220000000a00 */
        /*1800*/               @P1 IADD R11, R8, R30 ;                                  /* 0x0000001e080b1235 */
                                                                                        /* 0x000fe200078e0000 */
        /*1810*/                   LEA R12, P4, R14, UR6, 0x2 ;                         /* 0x000000060e0c7c11 */
                                                                                        /* 0x004fe2000f8810ff */
        /*1820*/                   IADD R30, R30, UR9 ;                                 /* 0x000000091e1e7c35 */
                                                                                        /* 0x000fc6000f8e0000 */
        /*1830*/                   LEA.HI.X R13, R14, UR7, R15, 0x2, P4 ;               /* 0x000000070e0d7c11 */
                                                                                        /* 0x000fe2000a0f140f */
        /*1840*/                   ISETP.GE.OR P4, PT, R0, UR8, P2 ;                    /* 0x0000000800007c0c */
                                                                                        /* 0x000fe20009786670 */
        /*1850*/              @!P6 IADD R15, R8, R30 ;                                  /* 0x0000001e080fe235 */
                                                                                        /* 0x000fe200078e0000 */
        /*1860*/                   SHF.R.S32.HI R31, RZ, 0x1f, R30 ;                    /* 0x0000001fff1f7819 */
                                                                                        /* 0x000fe2000001141e */
        /*1870*/               @P1 IMAD.WIDE R32, R11, 0x4, R32 ;                       /* 0x000000040b201825 */
                                                                                        /* 0x001fe400078e0220 */
        /*1880*/              @!P6 LDC.64 R10, c[0x0][0x390] ;                          /* 0x0000e400ff0aeb82 */
                                                                                        /* 0x000e260000000a00 */
        /*1890*/               @P1 STG.E desc[UR14][R32.64], R7 ;                       /* 0x0000000720001986 */
                                                                                        /* 0x0003e2000c10190e */
        /*18a0*/                   ISETP.GE.AND P1, PT, R25, UR9, PT ;                  /* 0x0000000919007c0c */
                                                                                        /* 0x000fe2000bf26270 */
        /*18b0*/                   IADD R25, R0, 0x2 ;                                  /* 0x0000000200197835 */
                                                                                        /* 0x000fc400078e0000 */
        /*18c0*/              @!P5 STG.E desc[UR14][R12.64+0x4], R4 ;                   /* 0x000004040c00d986 */
                                                                                        /* 0x0005e4000c10190e */
        /*18d0*/                   ISETP.GE.OR P5, PT, R0.reuse, UR8, P1 ;              /* 0x0000000800007c0c */
                                                                                        /* 0x040fe20008fa6670 */
        /*18e0*/                   IADD R0, R0, 0x3 ;                                   /* 0x0000000300007835 */
                                                                                        /* 0x000fe200078e0000 */
        /*18f0*/              @!P4 STG.E desc[UR14][R12.64+0x8], R5 ;                   /* 0x000008050c00c986 */
                                                                                        /* 0x0007e2000c10190e */
        /*1900*/                   ISETP.GE.OR P4, PT, R25, UR8, P0 ;                   /* 0x0000000819007c0c */
                                                                                        /* 0x000fc60008786670 */
        /*1910*/                   ISETP.GE.OR P0, PT, R0, UR8, P0 ;                    /* 0x0000000800007c0c */
                                                                                        /* 0x000fce0008706670 */
        /*1920*/              @!P5 STG.E desc[UR14][R12.64+0xc], R6 ;                   /* 0x00000c060c00d986 */
                                                                                        /* 0x0009e2000c10190e */
        /*1930*/                   ISETP.GE.OR P5, PT, R3, UR8, P3 ;                    /* 0x0000000803007c0c */
                                                                                        /* 0x000fe20009fa6670 */
        /*1940*/              @!P6 IMAD.WIDE R14, R15, 0x4, R10 ;                       /* 0x000000040f0ee825 */
                                                                                        /* 0x001fe200078e020a */
        /*1950*/                   IADD.64 R10, R8, R30 ;                               /* 0x0000001e080a7235 */
                                                                                        /* 0x000fe400078e0200 */
        /*1960*/              @!P4 LDC.64 R32, c[0x0][0x390] ;                          /* 0x0000e400ff20cb82 */
                                                                                        /* 0x002e220000000a00 */
        /*1970*/                   IADD R30, R30, UR9 ;                                 /* 0x000000091e1e7c35 */
                                                                                        /* 0x000fe2000f8e0000 */
        /*1980*/              @!P6 STG.E desc[UR14][R14.64], R2 ;                       /* 0x000000020e00e986 */
                                                                                        /* 0x0003e2000c10190e */
        /*1990*/                   LEA R4, P6, R10, UR6, 0x2 ;                          /* 0x000000060a047c11 */
                                                                                        /* 0x004fc6000f8c10ff */
        /*19a0*/                   SHF.R.S32.HI R31, RZ, 0x1f, R30 ;                    /* 0x0000001fff1f7819 */
                                                                                        /* 0x000fe4000001141e */
        /*19b0*/                   LEA.HI.X R5, R10, UR7, R11, 0x2, P6 ;                /* 0x000000070a057c11 */
                                                                                        /* 0x008fe2000b0f140b */
        /*19c0*/              @!P0 LDC.64 R6, c[0x0][0x390] ;                           /* 0x0000e400ff068b82 */
                                                                                        /* 0x010ea20000000a00 */
        /*19d0*/                   ISETP.GE.OR P6, PT, R3.reuse, UR8, P2 ;              /* 0x0000000803007c0c */
                                                                                        /* 0x040fe200097c6670 */
        /*19e0*/              @!P4 IADD R11, R8.reuse, R30.reuse ;                      /* 0x0000001e080bc235 */
                                                                                        /* 0x0c0fe400078e0000 */
        /*19f0*/              @!P5 STG.E desc[UR14][R4.64+0x4], R16 ;                   /* 0x000004100400d986 */
                                                                                        /* 0x0007e2000c10190e */
        /*1a00*/                   ISETP.GE.OR P5, PT, R3, UR8, P1 ;                    /* 0x0000000803007c0c */
                                                                                        /* 0x000fe20008fa6670 */
        /*1a10*/                   IADD.64 R2, R8, R30 ;                                /* 0x0000001e08027235 */
                                                                                        /* 0x002fe400078e0200 */
        /*1a20*/                   IADD R30, R30, UR9 ;                                 /* 0x000000091e1e7c35 */
                                                                                        /* 0x000fca000f8e0000 */
        /*1a30*/                   SHF.R.S32.HI R31, RZ, 0x1f, R30 ;                    /* 0x0000001fff1f7819 */
                                                                                        /* 0x000fe2000001141e */
        /*1a40*/              @!P6 STG.E desc[UR14][R4.64+0x8], R17 ;                   /* 0x000008110400e986 */
                                                                                        /* 0x0007e2000c10190e */
        /*1a50*/              @!P4 IMAD.WIDE R32, R11, 0x4, R32 ;                       /* 0x000000040b20c825 */
                                                                                        /* 0x001fe200078e0220 */
        /*1a60*/                   LEA R10, P6, R2.reuse, UR6, 0x2 ;                    /* 0x00000006020a7c11 */
                                                                                        /* 0x040fe4000f8c10ff */
        /*1a70*/              @!P5 STG.E desc[UR14][R4.64+0xc], R18 ;                   /* 0x00000c120400d986 */
                                                                                        /* 0x0007e2000c10190e */
        /*1a80*/                   ISETP.GE.OR P5, PT, R25.reuse, UR8, P3 ;             /* 0x0000000819007c0c */
                                                                                        /* 0x040fe20009fa6670 */
        /*1a90*/                   LEA.HI.X R11, R2, UR7, R3, 0x2, P6 ;                 /* 0x00000007020b7c11 */
                                                                                        /* 0x000fe4000b0f1403 */
        /*1aa0*/              @!P4 STG.E desc[UR14][R32.64], R19 ;                      /* 0x000000132000c986 */
                                                                                        /* 0x0007e2000c10190e */
        /*1ab0*/                   ISETP.GE.OR P4, PT, R25.reuse, UR8, P2 ;             /* 0x0000000819007c0c */
                                                                                        /* 0x040fe20009786670 */
        /*1ac0*/                   ISETP.GE.OR P6, PT, R25, UR8, P1 ;                   /* 0x0000000819007c0c */
                                                                                        /* 0x000fe20008fc6670 */
        /*1ad0*/              @!P0 IADD R3, R8.reuse, R30.reuse ;                       /* 0x0000001e08038235 */
                                                                                        /* 0x0c0fe200078e0000 */
        /*1ae0*/                   IADD.64 R8, R8, R30 ;                                /* 0x0000001e08087235 */
                                                                                        /* 0x000fc400078e0200 */
        /*1af0*/                   ISETP.GE.OR P3, PT, R0.reuse, UR8, P3 ;              /* 0x0000000800007c0c */
                                                                                        /* 0x040fe20009f66670 */
        /*1b00*/                   ISETP.GE.OR P2, PT, R0.reuse, UR8, P2 ;              /* 0x0000000800007c0c */
                                                                                        /* 0x040fe20009746670 */
        /*1b10*/                   ISETP.GE.OR P1, PT, R0, UR8, P1 ;                    /* 0x0000000800007c0c */
                                                                                        /* 0x000fe20008f26670 */
        /*1b20*/              @!P0 IMAD.WIDE R6, R3, 0x4, R6 ;                          /* 0x0000000403068825 */
                                                                                        /* 0x004fe200078e0206 */
        /*1b30*/              @!P5 STG.E desc[UR14][R10.64+0x4], R20 ;                  /* 0x000004140a00d986 */
                                                                                        /* 0x0007e2000c10190e */
        /*1b40*/                   LEA R2, P5, R8, UR6, 0x2 ;                           /* 0x0000000608027c11 */
                                                                                        /* 0x000fc6000f8a10ff */
        /*1b50*/              @!P4 STG.E desc[UR14][R10.64+0x8], R21 ;                  /* 0x000008150a00c986 */
                                                                                        /* 0x0007e2000c10190e */
        /*1b60*/                   LEA.HI.X R3, R8, UR7, R9, 0x2, P5 ;                  /* 0x0000000708037c11 */
                                                                                        /* 0x000fc6000a8f1409 */
        /*1b70*/              @!P6 STG.E desc[UR14][R10.64+0xc], R22 ;                  /* 0x00000c160a00e986 */
                                                                                        /* 0x0007e8000c10190e */
        /*1b80*/              @!P0 STG.E desc[UR14][R6.64], R24 ;                       /* 0x0000001806008986 */
                                                                                        /* 0x0007e8000c10190e */
        /*1b90*/              @!P3 STG.E desc[UR14][R2.64+0x4], R26 ;                   /* 0x0000041a0200b986 */
                                                                                        /* 0x0007e8000c10190e */
        /*1ba0*/              @!P2 STG.E desc[UR14][R2.64+0x8], R23 ;                   /* 0x000008170200a986 */
                                                                                        /* 0x0007e2000c10190e */
        /*1bb0*/               @P1 EXIT ;                                               /* 0x000000000000194d */
                                                                                        /* 0x000fea0003800000 */
        /*1bc0*/                   STG.E desc[UR14][R2.64+0xc], R28 ;                   /* 0x00000c1c02007986 */
                                                                                        /* 0x000fe2000c10190e */
        /*1bd0*/                   EXIT ;                                               /* 0x000000000000794d */
                                                                                        /* 0x000fea0003800000 */
        /*1be0*/                   BRA 0x1be0;                                          /* 0xfffffffc00fc7947 */
                                                                                        /* 0x000fc0000383ffff */
        /*1bf0*/                   NOP;                                                 /* 0x0000000000007918 */
                                                                                        /* 0x000fc00000000000 */
        /*1c00*/                   NOP;                                                 /* 0x0000000000007918 */
                                                                                        /* 0x000fc00000000000 */
        /*1c10*/                   NOP;                                                 /* 0x0000000000007918 */
                                                                                        /* 0x000fc00000000000 */
        /*1c20*/                   NOP;                                                 /* 0x0000000000007918 */
                                                                                        /* 0x000fc00000000000 */
        /*1c30*/                   NOP;                                                 /* 0x0000000000007918 */
                                                                                        /* 0x000fc00000000000 */
        /*1c40*/                   NOP;                                                 /* 0x0000000000007918 */
                                                                                        /* 0x000fc00000000000 */
        /*1c50*/                   NOP;                                                 /* 0x0000000000007918 */
                                                                                        /* 0x000fc00000000000 */
        /*1c60*/                   NOP;                                                 /* 0x0000000000007918 */
                                                                                        /* 0x000fc00000000000 */
        /*1c70*/                   NOP;                                                 /* 0x0000000000007918 */
                                                                                        /* 0x000fc00000000000 */
		..........



Fatbin ptx code:
================
arch = sm_120
code version = [9,3]
host = windows
compile_size = 64bit
compressed
identifier = S:/kernel-lane/kernels/src/register_tiled_gemm_TMA_B_pipeline_lb6.cu
ptxasOptions = -v --generate-line-info 
