
Fatbin elf code:
================
arch = sm_120
code version = [1,8]
host = windows
compile_size = 64bit
identifier = S:/kernel-lane/kernels/src/register_tiled_gemm_AsT_swizzle.cu 

	code for sm_120
	.target	sm_120


Fatbin elf code:
================
arch = sm_120
code version = [1,8]
host = windows
compile_size = 64bit
identifier = S:/kernel-lane/kernels/src/register_tiled_gemm_AsT_swizzle.cu

	code for sm_120
	.target	sm_120

		Function : _Z31register_tiled_gemm_AsT_swizzleILb0ELb0EEvPKfS1_Pfiii
	.headerflags	@"EF_CUDA_SM120 EF_CUDA_VIRTUAL_SM(EF_CUDA_SM120)"
        /*0000*/                   LDC R1, c[0x0][0x37c] ;                                /* 0x0000df00ff017b82 */
                                                                                          /* 0x000fe20000000800 */
        /*0010*/                   LDCU UR7, c[0x0][0x3a0] ;                              /* 0x00007400ff0777ac */
                                                                                          /* 0x000e220008000800 */
        /*0020*/                   S2R R3, SR_TID.X ;                                     /* 0x0000000000037919 */
                                                                                          /* 0x000e620000002100 */
        /*0030*/                   HFMA2 R32, -RZ, RZ, 0, 0 ;                             /* 0x00000000ff207431 */
                                                                                          /* 0x000fe200000001ff */
        /*0040*/                   CS2R R30, SRZ ;                                        /* 0x00000000001e7805 */
                                                                                          /* 0x000fe2000001ff00 */
        /*0050*/                   HFMA2 R2, -RZ, RZ, 0, 0 ;                              /* 0x00000000ff027431 */
                                                                                          /* 0x000fe200000001ff */
        /*0060*/                   S2R R0, SR_TID.Y ;                                     /* 0x0000000000007919 */
                                                                                          /* 0x000ea20000002200 */
        /*0070*/                   MOV R29, RZ ;                                          /* 0x000000ff001d7202 */
                                                                                          /* 0x000fe20000000f00 */
        /*0080*/                   CS2R R4, SRZ ;                                         /* 0x0000000000047805 */
                                                                                          /* 0x000fe2000001ff00 */
        /*0090*/                   CS2R R6, SRZ ;                                         /* 0x0000000000067805 */
                                                                                          /* 0x000fe2000001ff00 */
        /*00a0*/                   CS2R R8, SRZ ;                                         /* 0x0000000000087805 */
                                                                                          /* 0x000fe2000001ff00 */
        /*00b0*/                   CS2R R10, SRZ ;                                        /* 0x00000000000a7805 */
                                                                                          /* 0x000fe2000001ff00 */
        /*00c0*/                   CS2R R16, SRZ ;                                        /* 0x0000000000107805 */
                                                                                          /* 0x000fe2000001ff00 */
        /*00d0*/                   MOV R19, RZ ;                                          /* 0x000000ff00137202 */
                                                                                          /* 0x000fe20000000f00 */
        /*00e0*/                   LDCU.64 UR10, c[0x0][0x358] ;                          /* 0x00006b00ff0a77ac */
                                                                                          /* 0x000ee20008000a00 */
        /*00f0*/                   UISETP.GE.AND UP0, UPT, UR7, 0x1, UPT ;                /* 0x000000010700788c */
                                                                                          /* 0x001fd2000bf06270 */
        /*0100*/                   BRA.U !UP0, 0x1b30 ;                                   /* 0x0000001908887547 */
                                                                                          /* 0x000fea000b800000 */
        /*0110*/                   S2R R35, SR_CTAID.X ;                                  /* 0x0000000000237919 */
                                                                                          /* 0x000e220000002500 */
        /*0120*/                   S2UR UR5, SR_CgaCtaId ;                                /* 0x00000000000579c3 */
                                                                                          /* 0x000f220000008800 */
        /*0130*/                   IMAD.SHL.U32 R12, R3.reuse, 0x4, RZ ;                  /* 0x00000004030c7824 */
                                                                                          /* 0x042fe200078e00ff */
        /*0140*/                   LDCU UR4, c[0x0][0x39c] ;                              /* 0x00007380ff0477ac */
                                                                                          /* 0x000e620008000800 */
        /*0150*/                   S2R R21, SR_CTAID.Y ;                                  /* 0x0000000000157919 */
                                                                                          /* 0x000f620000002600 */
        /*0160*/                   IMAD.SHL.U32 R13, R3.reuse, 0x400, RZ ;                /* 0x00000400030d7824 */
                                                                                          /* 0x040fe200078e00ff */
        /*0170*/                   MOV R32, RZ ;                                          /* 0x000000ff00207202 */
                                                                                          /* 0x000fe20000000f00 */
        /*0180*/                   LOP3.LUT R12, R12, 0x3c, RZ, 0xc0, !PT ;               /* 0x0000003c0c0c7812 */
                                                                                          /* 0x000fe200078ec0ff */
        /*0190*/                   IMAD.SHL.U32 R15, R3, 0x8, RZ ;                        /* 0x00000008030f7824 */
                                                                                          /* 0x000fe400078e00ff */
        /*01a0*/                   LOP3.LUT R13, R13, 0xc00, RZ, 0xc0, !PT ;              /* 0x00000c000d0d7812 */
                                                                                          /* 0x000fe200078ec0ff */
        /*01b0*/                   IMAD.SHL.U32 R14, R3, 0x10, RZ ;                       /* 0x00000010030e7824 */
                                                                                          /* 0x000fc400078e00ff */
        /*01c0*/                   IMAD.SHL.U32 R18, R0, 0x4, RZ ;                        /* 0x0000000400127824 */
                                                                                          /* 0x004fc600078e00ff */
        /*01d0*/                   LOP3.LUT R14, R14, 0xf0, RZ, 0xc0, !PT ;               /* 0x000000f00e0e7812 */
                                                                                          /* 0x000fe400078ec0ff */
        /*01e0*/                   IADD R23, R18, 0x1 ;                                   /* 0x0000000112177835 */
                                                                                          /* 0x000fe200078e0000 */
        /*01f0*/                   IMAD R34, R35, 0x40, R12 ;                             /* 0x0000004023227824 */
                                                                                          /* 0x001fe200078e020c */
        /*0200*/                   MOV R35, RZ ;                                          /* 0x000000ff00237202 */
                                                                                          /* 0x000fc80000000f00 */
        /*0210*/                   IADD R12, R34, 0x3 ;                                   /* 0x00000003220c7835 */
                                                                                          /* 0x000fca00078e0000 */
        /*0220*/                   ISETP.GE.AND P0, PT, R12, UR4, PT ;                    /* 0x000000040c007c0c */
                                                                                          /* 0x002fe2000bf06270 */
        /*0230*/                   IMAD R12, R0, 0x10, R3 ;                               /* 0x00000010000c7824 */
                                                                                          /* 0x000fe200078e0203 */
        /*0240*/                   UMOV UR4, 0x400 ;                                      /* 0x0000040000047882 */
                                                                                          /* 0x000fe40000000000 */
        /*0250*/                   ULEA UR6, UR5, UR4, 0x18 ;                             /* 0x0000000405067291 */
                                                                                          /* 0x010fe2000f8ec0ff */
        /*0260*/                   UIADD3 UR4, UPT, UPT, UR4, 0x1000, URZ ;               /* 0x0000100004047890 */
                                                                                          /* 0x000fe2000fffe0ff */
        /*0270*/                   SHF.R.U32.HI R20, RZ, 0x2, R12 ;                       /* 0x00000002ff147819 */
                                                                                          /* 0x000fe2000001160c */
        /*0280*/                   IMAD.SHL.U32 R3, R12, 0x10, RZ ;                       /* 0x000000100c037824 */
                                                                                          /* 0x000fe400078e00ff */
        /*0290*/                   ULEA UR4, UR5, UR4, 0x18 ;                             /* 0x0000000405047291 */
                                                                                          /* 0x000fe2000f8ec0ff */
        /*02a0*/                   IADD R13, R13, UR6 ;                                   /* 0x000000060d0d7c35 */
                                                                                          /* 0x000fe2000f8e0000 */
        /*02b0*/                   LOP3.LUT R12, R20, 0x18, R15, 0x78, !PT ;              /* 0x00000018140c7812 */
                                                                                          /* 0x000fe200078e780f */
        /*02c0*/                   IMAD R20, R21, 0x40, R20 ;                             /* 0x0000004015147824 */
                                                                                          /* 0x020fe200078e0214 */
        /*02d0*/                   LOP3.LUT R3, R3, 0x7ff00, RZ, 0xc0, !PT ;              /* 0x0007ff0003037812 */
                                                                                          /* 0x000fc600078ec0ff */
        /*02e0*/                   IMAD R21, R12, 0x4, R13 ;                              /* 0x000000040c157824 */
                                                                                          /* 0x000fe200078e020d */
        /*02f0*/                   IADD3 R22, PT, PT, R14, UR4, R3 ;                      /* 0x000000040e167c10 */
                                                                                          /* 0x000fe2000fffe003 */
        /*0300*/                   IMAD R28, R20, UR7, RZ ;                               /* 0x00000007141c7c24 */
                                                                                          /* 0x000fe2000f8e02ff */
        /*0310*/                   UMOV UR4, URZ ;                                        /* 0x000000ff00047c82 */
                                                                                          /* 0x008fcc0008000000 */
        /*0320*/                   S2R R3, SR_TID.X ;                                     /* 0x0000000000037919 */
                                                                                          /* 0x001e220000002100 */
        /*0330*/                   LDCU UR14, c[0x0][0x3a0] ;                             /* 0x00007400ff0e77ac */
                                                                                          /* 0x002e620008000800 */
        /*0340*/                   LDCU UR9, c[0x0][0x398] ;                              /* 0x00007300ff0977ac */
                                                                                          /* 0x004ea20008000800 */
        /*0350*/                   IMAD.SHL.U32 R0, R3, 0x4, RZ ;                         /* 0x0000000403007824 */
                                                                                          /* 0x001fca00078e00ff */
        /*0360*/                   LOP3.LUT R0, R0, 0xc, RZ, 0xc0, !PT ;                  /* 0x0000000c00007812 */
                                                                                          /* 0x000fca00078ec0ff */
        /*0370*/                   IADD R14, R0, UR4 ;                                    /* 0x00000004000e7c35 */
                                                                                          /* 0x000fca000f8e0000 */
        /*0380*/                   IADD R12, R14, 0x3 ;                                   /* 0x000000030e0c7835 */
                                                                                          /* 0x000fca00078e0000 */
        /*0390*/                   ISETP.GE.AND P1, PT, R12, UR14, PT ;                   /* 0x0000000e0c007c0c */
                                                                                          /* 0x002fca000bf26270 */
        /*03a0*/                   ISETP.GE.OR P2, PT, R20, UR9, P1 ;                     /* 0x0000000914007c0c */
                                                                                          /* 0x004fda0008f46670 */
        /*03b0*/              @!P2 LDC.64 R12, c[0x0][0x380] ;                            /* 0x0000e000ff0cab82 */
                                                                                          /* 0x000e220000000a00 */
        /*03c0*/              @!P2 IADD R15, R28, R14 ;                                   /* 0x0000000e1c0fa235 */
                                                                                          /* 0x000fca00078e0000 */
        /*03d0*/              @!P2 IMAD.WIDE.U32 R12, R15, 0x4, R12 ;                     /* 0x000000040f0ca825 */
                                                                                          /* 0x001fca00078e000c */
        /*03e0*/              @!P2 LDG.E.CONSTANT R24, desc[UR10][R12.64] ;               /* 0x0000000a0c18a981 */
                                                                                          /* 0x000ea8000c1e9900 */
        /*03f0*/              @!P2 LDG.E.CONSTANT R26, desc[UR10][R12.64+0x4] ;           /* 0x0000040a0c1aa981 */
                                                                                          /* 0x000ee8000c1e9900 */
        /*0400*/              @!P2 LDG.E.CONSTANT R36, desc[UR10][R12.64+0x8] ;           /* 0x0000080a0c24a981 */
                                                                                          /* 0x000f28000c1e9900 */
        /*0410*/              @!P2 LDG.E.CONSTANT R38, desc[UR10][R12.64+0xc] ;           /* 0x00000c0a0c26a981 */
                                                                                          /* 0x000f62000c1e9900 */
        /*0420*/                   UIADD3 UR5, UPT, UPT, UR4, 0x10, URZ ;                 /* 0x0000001004057890 */
                                                                                          /* 0x000fe2000fffe0ff */
        /*0430*/                   BSSY.RECONVERGENT B0, 0x7c0 ;                          /* 0x0000038000007945 */
                                                                                          /* 0x000fe60003800200 */
        /*0440*/                   UVIMNMX.S32 UR6, UR5, UR14, UPT ;                      /* 0x0000000e0506724a */
                                                                                          /* 0x000fe2000bfe0100 */
        /*0450*/                   UISETP.GE.AND UP1, UPT, UR5, UR14, UPT ;               /* 0x0000000e0500728c */
                                                                                          /* 0x000fc6000bf26270 */
        /*0460*/                   UIADD3 UR7, UPT, UPT, UR6, -UR4, URZ ;                 /* 0x8000000406077290 */
                                                                                          /* 0x000fc6000fffe0ff */
        /*0470*/                   UMOV UR6, UR4 ;                                        /* 0x0000000400067c82 */
                                                                                          /* 0x000fe20008000000 */
        /*0480*/                   UMOV UR4, UR5 ;                                        /* 0x0000000500047c82 */
                                                                                          /* 0x000fe20008000000 */
        /*0490*/              @!P2 STS [R21], R24 ;                                       /* 0x000000181500a388 */
                                                                                          /* 0x0041e80000000800 */
        /*04a0*/              @!P2 STS [R21+0x100], R26 ;                                 /* 0x0001001a1500a388 */
                                                                                          /* 0x0081e80000000800 */
        /*04b0*/              @!P2 STS [R21+0x200], R36 ;                                 /* 0x000200241500a388 */
                                                                                          /* 0x0101e80000000800 */
        /*04c0*/              @!P2 STS [R21+0x300], R38 ;                                 /* 0x000300261500a388 */
                                                                                          /* 0x0201e20000000800 */
        /*04d0*/              @!P2 BRA 0x7a0 ;                                            /* 0x0000000000b0a947 */
                                                                                          /* 0x000fea0003800000 */
        /*04e0*/                   ISETP.GE.AND P2, PT, R20, UR9, PT ;                    /* 0x0000000914007c0c */
                                                                                          /* 0x000fda000bf46270 */
        /*04f0*/               @P2 BRA 0x6c0 ;                                            /* 0x0000000000702947 */
                                                                                          /* 0x000fea0003800000 */
        /*0500*/                   ISETP.GE.AND P2, PT, R14.reuse, UR14, PT ;             /* 0x0000000e0e007c0c */
                                                                                          /* 0x040fe2000bf46270 */
        /*0510*/                   LDCU.64 UR12, c[0x0][0x380] ;                          /* 0x00007000ff0c77ac */
                                                                                          /* 0x000e620008000a00 */
        /*0520*/                   MOV R24, R28 ;                                         /* 0x0000001c00187202 */
                                                                                          /* 0x001fe20000000f00 */
        /*0530*/                   HFMA2 R25, -RZ, RZ, 0, 0 ;                             /* 0x00000000ff197431 */
                                                                                          /* 0x000fe200000001ff */
        /*0540*/                   MOV R15, RZ ;                                          /* 0x000000ff000f7202 */
                                                                                          /* 0x000fe20000000f00 */
        /*0550*/                   IADD R0, R14.reuse, 0x1 ;                              /* 0x000000010e007835 */
                                                                                          /* 0x040fe200078e0000 */
        /*0560*/                   IADD R26, R14, 0x2 ;                                   /* 0x000000020e1a7835 */
                                                                                          /* 0x000fe200078e0000 */
        /*0570*/                   MOV R36, RZ ;                                          /* 0x000000ff00247202 */
                                                                                          /* 0x000fe40000000f00 */
        /*0580*/                   IADD.64 R24, R24, R14 ;                                /* 0x0000000e18187235 */
                                                                                          /* 0x000fe400078e0200 */
        /*0590*/                   ISETP.GE.AND P3, PT, R0, UR14, PT ;                    /* 0x0000000e00007c0c */
                                                                                          /* 0x000fe2000bf66270 */
        /*05a0*/                   ISETP.GE.AND P4, PT, R26, UR14, PT ;                   /* 0x0000000e1a007c0c */
                                                                                          /* 0x000fe2000bf86270 */
        /*05b0*/              @!P2 LDC.64 R12, c[0x0][0x380] ;                            /* 0x0000e000ff0cab82 */
                                                                                          /* 0x000e220000000a00 */
        /*05c0*/              @!P2 IADD R15, R28, R14 ;                                   /* 0x0000000e1c0fa235 */
                                                                                          /* 0x000fe200078e0000 */
        /*05d0*/                   HFMA2 R0, -RZ, RZ, 0, 0 ;                              /* 0x00000000ff007431 */
                                                                                          /* 0x000fc400000001ff */
        /*05e0*/                   HFMA2 R26, -RZ, RZ, 0, 0 ;                             /* 0x00000000ff1a7431 */
                                                                                          /* 0x000fe200000001ff */
        /*05f0*/                   LEA R14, P5, R24, UR12, 0x2 ;                          /* 0x0000000c180e7c11 */
                                                                                          /* 0x002fe2000f8a10ff */
        /*0600*/              @!P2 IMAD.WIDE.U32 R12, R15, 0x4, R12 ;                     /* 0x000000040f0ca825 */
                                                                                          /* 0x001fc600078e000c */
        /*0610*/                   LEA.HI.X R15, R24, UR13, R25, 0x2, P5 ;                /* 0x0000000d180f7c11 */
                                                                                          /* 0x000fe2000a8f1419 */
        /*0620*/                   MOV R24, RZ ;                                          /* 0x000000ff00187202 */
                                                                                          /* 0x000fe20000000f00 */
        /*0630*/              @!P2 LDG.E.CONSTANT R0, desc[UR10][R12.64] ;                /* 0x0000000a0c00a981 */
                                                                                          /* 0x000eaa000c1e9900 */
        /*0640*/              @!P3 LDG.E.CONSTANT R24, desc[UR10][R14.64+0x4] ;           /* 0x0000040a0e18b981 */
                                                                                          /* 0x000ee8000c1e9900 */
        /*0650*/              @!P4 LDG.E.CONSTANT R26, desc[UR10][R14.64+0x8] ;           /* 0x0000080a0e1ac981 */
                                                                                          /* 0x000f28000c1e9900 */
        /*0660*/              @!P1 LDG.E.CONSTANT R36, desc[UR10][R14.64+0xc] ;           /* 0x00000c0a0e249981 */
                                                                                          /* 0x000f68000c1e9900 */
        /*0670*/                   STS [R21], R0 ;                                        /* 0x0000000015007388 */
                                                                                          /* 0x0043e80000000800 */
        /*0680*/                   STS [R21+0x100], R24 ;                                 /* 0x0001001815007388 */
                                                                                          /* 0x0083e80000000800 */
        /*0690*/                   STS [R21+0x200], R26 ;                                 /* 0x0002001a15007388 */
                                                                                          /* 0x0103e80000000800 */
        /*06a0*/                   STS [R21+0x300], R36 ;                                 /* 0x0003002415007388 */
                                                                                          /* 0x0203e20000000800 */
        /*06b0*/                   BRA 0x7a0 ;                                            /* 0x0000000000387947 */
                                                                                          /* 0x000fea0003800000 */
        /*06c0*/                   S2R R12, SR_TID.Y ;                                    /* 0x00000000000c7919 */
                                                                                          /* 0x000e620000002200 */
        /*06d0*/                   S2UR UR8, SR_CgaCtaId ;                                /* 0x00000000000879c3 */
                                                                                          /* 0x000ea20000008800 */
        /*06e0*/                   UMOV UR5, 0x400 ;                                      /* 0x0000040000057882 */
                                                                                          /* 0x000fe20000000000 */
        /*06f0*/                   IMAD.SHL.U32 R13, R3, 0x8, RZ ;                        /* 0x00000008030d7824 */
                                                                                          /* 0x000fe200078e00ff */
        /*0700*/                   STS [R21], RZ ;                                        /* 0x000000ff15007388 */
                                                                                          /* 0x0007e20000000800 */
        /*0710*/                   ULEA UR5, UR8, UR5, 0x18 ;                             /* 0x0000000508057291 */
                                                                                          /* 0x004fcc000f8ec0ff */
        /*0720*/                   LEA R0, R0, UR5, 0x8 ;                                 /* 0x0000000500007c11 */
                                                                                          /* 0x000fe2000f8e40ff */
        /*0730*/                   IMAD R12, R12, 0x10, R3 ;                              /* 0x000000100c0c7824 */
                                                                                          /* 0x002fca00078e0203 */
        /*0740*/                   SHF.R.U32.HI R12, RZ, 0x2, R12 ;                       /* 0x00000002ff0c7819 */
                                                                                          /* 0x000fc8000001160c */
        /*0750*/                   LOP3.LUT R13, R12, 0x18, R13, 0x78, !PT ;              /* 0x000000180c0d7812 */
                                                                                          /* 0x000fca00078e780d */
        /*0760*/                   IMAD R0, R13, 0x4, R0 ;                                /* 0x000000040d007824 */
                                                                                          /* 0x000fca00078e0200 */
        /*0770*/                   STS [R0+0x100], RZ ;                                   /* 0x000100ff00007388 */
                                                                                          /* 0x0007e80000000800 */
        /*0780*/                   STS [R0+0x200], RZ ;                                   /* 0x000200ff00007388 */
                                                                                          /* 0x0007e80000000800 */
        /*0790*/                   STS [R0+0x300], RZ ;                                   /* 0x000300ff00007388 */
                                                                                          /* 0x0007e40000000800 */
        /*07a0*/                   NOP ;                                                  /* 0x0000000000007918 */
                                                                                          /* 0x000fe20000000000 */
        /*07b0*/                   BSYNC.RECONVERGENT B0 ;                                /* 0x0000000000007941 */
                                                                                          /* 0x000fea0003800200 */
        /*07c0*/                   S2R R0, SR_TID.Y ;                                     /* 0x0000000000007919 */
                                                                                          /* 0x00ae620000002200 */
        /*07d0*/                   BSSY.RECONVERGENT B0, 0xaf0 ;                          /* 0x0000031000007945 */
                                                                                          /* 0x000fe20003800200 */
        /*07e0*/                   IMAD R15, R0, 0x10, R3 ;                               /* 0x00000010000f7824 */
                                                                                          /* 0x002fca00078e0203 */
        /*07f0*/                   LEA.HI R15, R15, UR6, RZ, 0x1c ;                       /* 0x000000060f0f7c11 */
                                                                                          /* 0x000fca000f8fe0ff */
        /*0800*/                   ISETP.GE.OR P1, PT, R15.reuse, UR14, P0 ;              /* 0x0000000e0f007c0c */
                                                                                          /* 0x040fe20008726670 */
        /*0810*/                   ISETP.GE.AND P2, PT, R15, UR14, PT ;                   /* 0x0000000e0f007c0c */
                                                                                          /* 0x000fd8000bf46270 */
        /*0820*/               @P1 BRA 0x8d0 ;                                            /* 0x0000000000281947 */
                                                                                          /* 0x000fea0003800000 */
        /*0830*/                   LDC.64 R24, c[0x0][0x388] ;                            /* 0x0000e200ff187b82 */
                                                                                          /* 0x001e220000000a00 */
        /*0840*/                   LDCU UR5, c[0x0][0x39c] ;                              /* 0x00007380ff0577ac */
                                                                                          /* 0x000e640008000800 */
        /*0850*/                   IMAD R13, R15, UR5, R34 ;                              /* 0x000000050f0d7c24 */
                                                                                          /* 0x002fc8000f8e0222 */
        /*0860*/                   IMAD.WIDE R24, R13, 0x4, R24 ;                         /* 0x000000040d187825 */
                                                                                          /* 0x001fca00078e0218 */
        /*0870*/                   LDG.E.CONSTANT R12, desc[UR10][R24.64] ;               /* 0x0000000a180c7981 */
                                                                                          /* 0x000ea8000c1e9900 */
        /*0880*/                   LDG.E.CONSTANT R13, desc[UR10][R24.64+0x4] ;           /* 0x0000040a180d7981 */
                                                                                          /* 0x000ea8000c1e9900 */
        /*0890*/                   LDG.E.CONSTANT R14, desc[UR10][R24.64+0x8] ;           /* 0x0000080a180e7981 */
                                                                                          /* 0x000ea8000c1e9900 */
        /*08a0*/                   LDG.E.CONSTANT R15, desc[UR10][R24.64+0xc] ;           /* 0x00000c0a180f7981 */
                                                                                          /* 0x000ea8000c1e9900 */
        /*08b0*/                   STS.128 [R22], R12 ;                                   /* 0x0000000c16007388 */
                                                                                          /* 0x0041e20000000c00 */
        /*08c0*/                   BRA 0xad0 ;                                            /* 0x0000000000807947 */
                                                                                          /* 0x000fea0003800000 */
        /*08d0*/               @P2 BRA 0xac0 ;                                            /* 0x0000000000782947 */
                                                                                          /* 0x000fea0003800000 */
        /*08e0*/                   LDCU UR5, c[0x0][0x39c] ;                              /* 0x00007380ff0577ac */
                                                                                          /* 0x000e620008000800 */
        /*08f0*/                   IADD R26, R34.reuse, 0x1 ;                             /* 0x00000001221a7835 */
                                                                                          /* 0x041fe200078e0000 */
        /*0900*/                   IADD R27, R34.reuse, 0x2 ;                             /* 0x00000002221b7835 */
                                                                                          /* 0x040fe200078e0000 */
        /*0910*/                   IADD R33, R34.reuse, 0x3 ;                             /* 0x0000000322217835 */
                                                                                          /* 0x040fe200078e0000 */
        /*0920*/                   LDCU.64 UR8, c[0x0][0x388] ;                           /* 0x00007100ff0877ac */
                                                                                          /* 0x000e220008000a00 */
        /*0930*/                   MOV R37, RZ ;                                          /* 0x000000ff00257202 */
                                                                                          /* 0x000fe20000000f00 */
        /*0940*/                   ISETP.GE.AND P1, PT, R34, UR5, PT ;                    /* 0x0000000522007c0c */
                                                                                          /* 0x002fe2000bf26270 */
        /*0950*/                   IMAD R14, R15, UR5, RZ ;                               /* 0x000000050f0e7c24 */
                                                                                          /* 0x000fe2000f8e02ff */
        /*0960*/                   ISETP.GE.AND P2, PT, R26, UR5, PT ;                    /* 0x000000051a007c0c */
                                                                                          /* 0x000fe2000bf46270 */
        /*0970*/                   ISETP.GE.AND P3, PT, R27, UR5, PT ;                    /* 0x000000051b007c0c */
                                                                                          /* 0x000fe2000bf66270 */
        /*0980*/                   ISETP.GE.AND P0, PT, R33, UR5, PT ;                    /* 0x0000000521007c0c */
                                                                                          /* 0x000fe2000bf06270 */
        /*0990*/                   HFMA2 R27, -RZ, RZ, 0, 0 ;                             /* 0x00000000ff1b7431 */
                                                                                          /* 0x000fe200000001ff */
        /*09a0*/                   SHF.R.S32.HI R15, RZ, 0x1f, R14 ;                      /* 0x0000001fff0f7819 */
                                                                                          /* 0x000fe2000001140e */
        /*09b0*/                   HFMA2 R33, -RZ, RZ, 0, 0 ;                             /* 0x00000000ff217431 */
                                                                                          /* 0x000fc800000001ff */
        /*09c0*/                   IADD.64 R24, R34, R14 ;                                /* 0x0000000e22187235 */
                                                                                          /* 0x000fe400078e0200 */
        /*09d0*/              @!P1 LDC.64 R12, c[0x0][0x388] ;                            /* 0x0000e200ff0c9b82 */
                                                                                          /* 0x000e620000000a00 */
        /*09e0*/              @!P1 IADD R15, R34, R14 ;                                   /* 0x0000000e220f9235 */
                                                                                          /* 0x000fe400078e0000 */
        /*09f0*/                   LEA R14, P4, R24, UR8, 0x2 ;                           /* 0x00000008180e7c11 */
                                                                                          /* 0x001fc6000f8810ff */
        /*0a00*/              @!P1 IMAD.WIDE R12, R15, 0x4, R12 ;                         /* 0x000000040f0c9825 */
                                                                                          /* 0x002fe200078e020c */
        /*0a10*/                   LEA.HI.X R15, R24, UR9, R25, 0x2, P4 ;                 /* 0x00000009180f7c11 */
                                                                                          /* 0x000fe2000a0f1419 */
        /*0a20*/                   MOV R25, RZ ;                                          /* 0x000000ff00197202 */
                                                                                          /* 0x000fc60000000f00 */
        /*0a30*/              @!P1 LDG.E.CONSTANT R27, desc[UR10][R12.64] ;               /* 0x0000000a0c1b9981 */
                                                                                          /* 0x000ea8000c1e9900 */
        /*0a40*/              @!P2 LDG.E.CONSTANT R25, desc[UR10][R14.64+0x4] ;           /* 0x0000040a0e19a981 */
                                                                                          /* 0x000ee8000c1e9900 */
        /*0a50*/              @!P3 LDG.E.CONSTANT R33, desc[UR10][R14.64+0x8] ;           /* 0x0000080a0e21b981 */
                                                                                          /* 0x000f28000c1e9900 */
        /*0a60*/              @!P0 LDG.E.CONSTANT R37, desc[UR10][R14.64+0xc] ;           /* 0x00000c0a0e258981 */
                                                                                          /* 0x000f68000c1e9900 */
        /*0a70*/                   STS [R22], R27 ;                                       /* 0x0000001b16007388 */
                                                                                          /* 0x0043e80000000800 */
        /*0a80*/                   STS [R22+0x4], R25 ;                                   /* 0x0000041916007388 */
                                                                                          /* 0x0083e80000000800 */
        /*0a90*/                   STS [R22+0x8], R33 ;                                   /* 0x0000082116007388 */
                                                                                          /* 0x0103e80000000800 */
        /*0aa0*/                   STS [R22+0xc], R37 ;                                   /* 0x00000c2516007388 */
                                                                                          /* 0x0203e20000000800 */
        /*0ab0*/                   BRA 0xad0 ;                                            /* 0x0000000000047947 */
                                                                                          /* 0x000fea0003800000 */
        /*0ac0*/                   STS.128 [R22], RZ ;                                    /* 0x000000ff16007388 */
                                                                                          /* 0x0005e40000000c00 */
        /*0ad0*/                   NOP ;                                                  /* 0x0000000000007918 */
                                                                                          /* 0x000fe20000000000 */
        /*0ae0*/                   BSYNC.RECONVERGENT B0 ;                                /* 0x0000000000007941 */
                                                                                          /* 0x000fea0003800200 */
        /*0af0*/                   BAR.SYNC.DEFER_BLOCKING 0x0 ;                          /* 0x0000000000007b1d */
                                                                                          /* 0x000fe20000010000 */
        /*0b00*/                   UISETP.GE.AND UP0, UPT, UR7, 0x1, UPT ;                /* 0x000000010700788c */
                                                                                          /* 0x000fd2000bf06270 */
        /*0b10*/                   BRA.U !UP0, 0x1b10 ;                                   /* 0x0000000d08fc7547 */
                                                                                          /* 0x000fea000b800000 */
        /*0b20*/                   S2UR UR8, SR_CgaCtaId ;                                /* 0x00000000000879c3 */
                                                                                          /* 0x000ee20000008800 */
        /*0b30*/                   UMOV UR6, 0x400 ;                                      /* 0x0000040000067882 */
                                                                                          /* 0x000fe20000000000 */
        /*0b40*/                   UISETP.GT.AND UP2, UPT, UR7, 0x3, UPT ;                /* 0x000000030700788c */
                                                                                          /* 0x000fe2000bf44270 */
        /*0b50*/                   UIADD3 UR5, UPT, UPT, UR6, 0x1000, URZ ;               /* 0x0000100006057890 */
                                                                                          /* 0x000fe2000fffe0ff */
        /*0b60*/                   HFMA2 R36, -RZ, RZ, 0, 0 ;                             /* 0x00000000ff247431 */
                                                                                          /* 0x001fe200000001ff */
        /*0b70*/                   UPLOP3.LUT UP0, UPT, UPT, UPT, UPT, 0x80, 0x8 ;        /* 0x000000000008789c */
                                                                                          /* 0x000fe40003f0f070 */
        /*0b80*/                   ULEA UR9, UR8, UR5, 0x18 ;                             /* 0x0000000508097291 */
                                                                                          /* 0x008fe2000f8ec0ff */
        /*0b90*/                   ULEA UR6, UR8, UR6, 0x18 ;                             /* 0x0000000608067291 */
                                                                                          /* 0x000fe4000f8ec0ff */
        /*0ba0*/                   UMOV UR5, URZ ;                                        /* 0x000000ff00057c82 */
                                                                                          /* 0x000fc60008000000 */
        /*0bb0*/                   LEA R33, R3, UR9, 0x4 ;                                /* 0x0000000903217c11 */
                                                                                          /* 0x002fca000f8e20ff */
        /*0bc0*/                   IADD R33, R33, 0x8 ;                                   /* 0x0000000821217835 */
                                                                                          /* 0x000fe200078e0000 */
        /*0bd0*/                   BRA.U !UP2, 0x1460 ;                                   /* 0x000000090a207547 */
                                                                                          /* 0x000fec000b800000 */
        /*0be0*/                   IADD R27, R18.reuse, 0x2 ;                             /* 0x00000002121b7835 */
                                                                                          /* 0x040fe200078e0000 */
        /*0bf0*/                   IADD R25, R18, 0x3 ;                                   /* 0x0000000312197835 */
                                                                                          /* 0x000fe200078e0000 */
        /*0c00*/                   UIADD3 UR8, UPT, UPT, UR7, -0x3, URZ ;                 /* 0xfffffffd07087890 */
                                                                                          /* 0x000fe2000fffe0ff */
        /*0c10*/                   UPLOP3.LUT UP0, UPT, UPT, UPT, UPT, 0x40, 0x4 ;        /* 0x000000000004789c */
                                                                                          /* 0x004fd60003f0e870 */
        /*0c20*/                   LOP3.LUT R12, R18, 0x18, R36.reuse, 0x78, !PT ;        /* 0x00000018120c7812 */
                                                                                          /* 0x100fe200078e7824 */
        /*0c30*/                   UIADD3 UR5, UPT, UPT, UR5, 0x4, URZ ;                  /* 0x0000000405057890 */
                                                                                          /* 0x000fe2000fffe0ff */
        /*0c40*/                   LOP3.LUT R14, R23, 0x18, R36.reuse, 0x78, !PT ;        /* 0x00000018170e7812 */
                                                                                          /* 0x100fe400078e7824 */
        /*0c50*/                   LEA R24, R12, UR6, 0x2 ;                               /* 0x000000060c187c11 */
                                                                                          /* 0x000fe2000f8e10ff */
        /*0c60*/                   UISETP.GE.AND UP2, UPT, UR5, UR8, UPT ;                /* 0x000000080500728c */
                                                                                          /* 0x000fe2000bf46270 */
        /*0c70*/                   LEA R39, R14, UR6, 0x2 ;                               /* 0x000000060e277c11 */
                                                                                          /* 0x000fe2000f8e10ff */
        /*0c80*/                   LDS.64 R12, [R33+-0x8] ;                               /* 0xfffff800210c7984 */
                                                                                          /* 0x000fe20000000a00 */
        /*0c90*/                   LOP3.LUT R26, R27, 0x18, R36.reuse, 0x78, !PT ;        /* 0x000000181b1a7812 */
                                                                                          /* 0x100fe400078e7824 */
        /*0ca0*/                   LOP3.LUT R37, R25, 0x18, R36, 0x78, !PT ;              /* 0x0000001819257812 */
                                                                                          /* 0x000fe200078e7824 */
        /*0cb0*/                   LDS R24, [R24] ;                                       /* 0x0000000018187984 */
                                                                                          /* 0x000e220000000800 */
        /*0cc0*/                   LEA R26, R26, UR6, 0x2 ;                               /* 0x000000061a1a7c11 */
                                                                                          /* 0x000fc4000f8e10ff */
        /*0cd0*/                   LEA R37, R37, UR6, 0x2 ;                               /* 0x0000000625257c11 */
                                                                                          /* 0x000fe2000f8e10ff */
        /*0ce0*/                   LDS.64 R14, [R33] ;                                    /* 0x00000000210e7984 */
                                                                                          /* 0x000e620000000a00 */
        /*0cf0*/                   IADD R38, R36, 0x2 ;                                   /* 0x0000000224267835 */
                                                                                          /* 0x000fc600078e0000 */
        /*0d00*/                   LDS R39, [R39] ;                                       /* 0x0000000027277984 */
                                                                                          /* 0x000ea80000000800 */
        /*0d10*/                   LDS R43, [R26] ;                                       /* 0x000000001a2b7984 */
                                                                                          /* 0x000ee80000000800 */
        /*0d20*/                   LDS R37, [R37] ;                                       /* 0x0000000025257984 */
                                                                                          /* 0x000f220000000800 */
        /*0d30*/                   FFMA.FTZ R19, R24.reuse, R12, R19 ;                    /* 0x0000000c18137223 */
                                                                                          /* 0x041fe20000010013 */
        /*0d40*/                   FFMA.FTZ R16, R24.reuse, R13, R16 ;                    /* 0x0000000d18107223 */
                                                                                          /* 0x040fe20000010010 */
        /*0d50*/                   FFMA.FTZ R17, R24.reuse, R14, R17 ;                    /* 0x0000000e18117223 */
                                                                                          /* 0x042fe20000010011 */
        /*0d60*/                   FFMA.FTZ R10, R24, R15.reuse, R10 ;                    /* 0x0000000f180a7223 */
                                                                                          /* 0x080fe2000001000a */
        /*0d70*/                   FFMA.FTZ R24, R39.reuse, R15, R6 ;                     /* 0x0000000f27187223 */
                                                                                          /* 0x044fe20000010006 */
        /*0d80*/                   LOP3.LUT R6, R38, 0x18, RZ, 0xc0, !PT ;                /* 0x0000001826067812 */
                                                                                          /* 0x000fe200078ec0ff */
        /*0d90*/                   FFMA.FTZ R11, R12, R39, R11 ;                          /* 0x000000270c0b7223 */
                                                                                          /* 0x000fe2000001000b */
        /*0da0*/                   FFMA.FTZ R8, R39, R13.reuse, R8 ;                      /* 0x0000000d27087223 */
                                                                                          /* 0x080fe20000010008 */
        /*0db0*/                   FFMA.FTZ R26, R43, R13, R4 ;                           /* 0x0000000d2b1a7223 */
                                                                                          /* 0x008fe20000010004 */
        /*0dc0*/                   LOP3.LUT R4, R18, R6.reuse, RZ, 0x3c, !PT ;            /* 0x0000000612047212 */
                                                                                          /* 0x080fe200078e3cff */
        /*0dd0*/                   FFMA.FTZ R9, R14, R39, R9 ;                            /* 0x000000270e097223 */
                                                                                          /* 0x000fe20000010009 */
        /*0de0*/                   FFMA.FTZ R39, R12, R43.reuse, R7 ;                     /* 0x0000002b0c277223 */
                                                                                          /* 0x080fe20000010007 */
        /*0df0*/                   FFMA.FTZ R41, R14, R43, R5 ;                           /* 0x0000002b0e297223 */
                                                                                          /* 0x000fe20000010005 */
        /*0e00*/                   LOP3.LUT R5, R23, R6.reuse, RZ, 0x3c, !PT ;            /* 0x0000000617057212 */
                                                                                          /* 0x080fe200078e3cff */
        /*0e10*/                   FFMA.FTZ R2, R43, R15, R2 ;                            /* 0x0000000f2b027223 */
                                                                                          /* 0x000fe20000010002 */
        /*0e20*/                   LOP3.LUT R7, R27, R6.reuse, RZ, 0x3c, !PT ;            /* 0x000000061b077212 */
                                                                                          /* 0x080fe200078e3cff */
        /*0e30*/                   FFMA.FTZ R29, R12, R37, R29 ;                          /* 0x000000250c1d7223 */
                                                                                          /* 0x010fe2000001001d */
        /*0e40*/                   LEA R38, R4, UR6, 0x2 ;                                /* 0x0000000604267c11 */
                                                                                          /* 0x000fe2000f8e10ff */
        /*0e50*/                   FFMA.FTZ R13, R37, R13, R30 ;                          /* 0x0000000d250d7223 */
                                                                                          /* 0x000fe2000001001e */
        /*0e60*/                   LEA R45, R5, UR6, 0x2 ;                                /* 0x00000006052d7c11 */
                                                                                          /* 0x000fe2000f8e10ff */
        /*0e70*/                   FFMA.FTZ R31, R14, R37, R31 ;                          /* 0x000000250e1f7223 */
                                                                                          /* 0x000fe2000001001f */
        /*0e80*/                   LOP3.LUT R12, R25, R6, RZ, 0x3c, !PT ;                 /* 0x00000006190c7212 */
                                                                                          /* 0x000fe200078e3cff */
        /*0e90*/                   LDS R30, [R38+0x100] ;                                 /* 0x00010000261e7984 */
                                                                                          /* 0x000fe20000000800 */
        /*0ea0*/                   LEA R43, R7, UR6, 0x2 ;                                /* 0x00000006072b7c11 */
                                                                                          /* 0x000fe2000f8e10ff */
        /*0eb0*/                   FFMA.FTZ R15, R37, R15, R32 ;                          /* 0x0000000f250f7223 */
                                                                                          /* 0x000fe20000010020 */
        /*0ec0*/                   LEA R12, R12, UR6, 0x2 ;                               /* 0x000000060c0c7c11 */
                                                                                          /* 0x000fe2000f8e10ff */
        /*0ed0*/                   LDS.64 R4, [R33+0xf8] ;                                /* 0x0000f80021047984 */
                                                                                          /* 0x000e280000000a00 */
        /*0ee0*/                   LDS.64 R6, [R33+0x100] ;                               /* 0x0001000021067984 */
                                                                                          /* 0x000e680000000a00 */
        /*0ef0*/                   LDS R45, [R45+0x100] ;                                 /* 0x000100002d2d7984 */
                                                                                          /* 0x000ea80000000800 */
        /*0f00*/                   LDS R43, [R43+0x100] ;                                 /* 0x000100002b2b7984 */
                                                                                          /* 0x000ee80000000800 */
        /*0f10*/                   LDS R12, [R12+0x100] ;                                 /* 0x000100000c0c7984 */
                                                                                          /* 0x000f220000000800 */
        /*0f20*/                   FFMA.FTZ R19, R30.reuse, R4, R19 ;                     /* 0x000000041e137223 */
                                                                                          /* 0x041fe20000010013 */
        /*0f30*/                   FFMA.FTZ R16, R30.reuse, R5, R16 ;                     /* 0x000000051e107223 */
                                                                                          /* 0x040fe20000010010 */
        /*0f40*/                   FFMA.FTZ R17, R30.reuse, R6, R17 ;                     /* 0x000000061e117223 */
                                                                                          /* 0x042fe20000010011 */
        /*0f50*/                   FFMA.FTZ R10, R30, R7, R10 ;                           /* 0x000000071e0a7223 */
                                                                                          /* 0x000fe2000001000a */
        /*0f60*/                   IADD R30, R36, 0x4 ;                                   /* 0x00000004241e7835 */
                                                                                          /* 0x000fe200078e0000 */
        /*0f70*/                   FFMA.FTZ R14, R45, R5, R8 ;                            /* 0x000000052d0e7223 */
                                                                                          /* 0x004fe20000010008 */
        /*0f80*/                   FFMA.FTZ R11, R4, R45.reuse, R11 ;                     /* 0x0000002d040b7223 */
                                                                                          /* 0x080fe2000001000b */
        /*0f90*/                   FFMA.FTZ R37, R6, R45, R9 ;                            /* 0x0000002d06257223 */
                                                                                          /* 0x000fc40000010009 */
        /*0fa0*/                   LOP3.LUT R8, R30, 0x18, RZ, 0xc0, !PT ;                /* 0x000000181e087812 */
                                                                                          /* 0x000fe200078ec0ff */
        /*0fb0*/                   FFMA.FTZ R39, R4, R43, R39 ;                           /* 0x0000002b04277223 */
                                                                                          /* 0x008fe20000010027 */
        /*0fc0*/                   FFMA.FTZ R26, R43.reuse, R5, R26 ;                     /* 0x000000052b1a7223 */
                                                                                          /* 0x040fe2000001001a */
        /*0fd0*/                   FFMA.FTZ R41, R6, R43, R41 ;                           /* 0x0000002b06297223 */
                                                                                          /* 0x000fe20000010029 */
        /*0fe0*/                   FFMA.FTZ R2, R43, R7, R2 ;                             /* 0x000000072b027223 */
                                                                                          /* 0x000fe20000010002 */
        /*0ff0*/                   FFMA.FTZ R43, R4, R12, R29 ;                           /* 0x0000000c042b7223 */
                                                                                          /* 0x010fe2000001001d */
        /*1000*/                   LOP3.LUT R29, R27, R8.reuse, RZ, 0x3c, !PT ;           /* 0x000000081b1d7212 */
                                                                                          /* 0x080fe200078e3cff */
        /*1010*/                   FFMA.FTZ R30, R12, R5, R13 ;                           /* 0x000000050c1e7223 */
                                                                                          /* 0x000fe2000001000d */
        /*1020*/                   LOP3.LUT R9, R18, R8.reuse, RZ, 0x3c, !PT ;            /* 0x0000000812097212 */
                                                                                          /* 0x080fe200078e3cff */
        /*1030*/                   FFMA.FTZ R24, R45, R7.reuse, R24 ;                     /* 0x000000072d187223 */
                                                                                          /* 0x080fe20000010018 */
        /*1040*/                   LOP3.LUT R4, R23, R8, RZ, 0x3c, !PT ;                  /* 0x0000000817047212 */
                                                                                          /* 0x000fe200078e3cff */
        /*1050*/                   FFMA.FTZ R31, R6, R12, R31 ;                           /* 0x0000000c061f7223 */
                                                                                          /* 0x000fe2000001001f */
        /*1060*/                   LOP3.LUT R13, R25, R8, RZ, 0x3c, !PT ;                 /* 0x00000008190d7212 */
                                                                                          /* 0x000fe200078e3cff */
        /*1070*/                   FFMA.FTZ R6, R12, R7, R15 ;                            /* 0x000000070c067223 */
                                                                                          /* 0x000fe2000001000f */
        /*1080*/                   LEA R38, R29, UR6, 0x2 ;                               /* 0x000000061d267c11 */
                                                                                          /* 0x000fc4000f8e10ff */
        /*1090*/                   LEA R32, R9, UR6, 0x2 ;                                /* 0x0000000609207c11 */
                                                                                          /* 0x000fe4000f8e10ff */
        /*10a0*/                   LEA R45, R4, UR6, 0x2 ;                                /* 0x00000006042d7c11 */
                                                                                          /* 0x000fe2000f8e10ff */
        /*10b0*/                   LDS.64 R8, [R33+0x1f8] ;                               /* 0x0001f80021087984 */
                                                                                          /* 0x000fe20000000a00 */
        /*10c0*/                   LEA R29, R13, UR6, 0x2 ;                               /* 0x000000060d1d7c11 */
                                                                                          /* 0x000fe2000f8e10ff */
        /*10d0*/                   IADD R12, R36.reuse, 0x6 ;                             /* 0x00000006240c7835 */
                                                                                          /* 0x040fe400078e0000 */
        /*10e0*/                   LDS R32, [R32+0x200] ;                                 /* 0x0002000020207984 */
                                                                                          /* 0x000e220000000800 */
        /*10f0*/                   IADD R36, R36, 0x8 ;                                   /* 0x0000000824247835 */
                                                                                          /* 0x000fc600078e0000 */
        /*1100*/                   LDS R45, [R45+0x200] ;                                 /* 0x000200002d2d7984 */
                                                                                          /* 0x000e620000000800 */
        /*1110*/                   LOP3.LUT R12, R12, 0x18, RZ, 0xc0, !PT ;               /* 0x000000180c0c7812 */
                                                                                          /* 0x000fc600078ec0ff */
        /*1120*/                   LDS.64 R4, [R33+0x200] ;                               /* 0x0002000021047984 */
                                                                                          /* 0x000ea20000000a00 */
        /*1130*/                   LOP3.LUT R7, R18, R12, RZ, 0x3c, !PT ;                 /* 0x0000000c12077212 */
                                                                                          /* 0x000fc600078e3cff */
        /*1140*/                   LDS R13, [R38+0x200] ;                                 /* 0x00020000260d7984 */
                                                                                          /* 0x000ee20000000800 */
        /*1150*/                   LEA R42, R7, UR6, 0x2 ;                                /* 0x00000006072a7c11 */
                                                                                          /* 0x000fc6000f8e10ff */
        /*1160*/                   LDS R29, [R29+0x200] ;                                 /* 0x000200001d1d7984 */
                                                                                          /* 0x000f220000000800 */
        /*1170*/                   FFMA.FTZ R19, R32.reuse, R8, R19 ;                     /* 0x0000000820137223 */
                                                                                          /* 0x041fe20000010013 */
        /*1180*/                   FFMA.FTZ R16, R32, R9, R16 ;                           /* 0x0000000920107223 */
                                                                                          /* 0x000fe20000010010 */
        /*1190*/                   FFMA.FTZ R11, R8, R45, R11 ;                           /* 0x0000002d080b7223 */
                                                                                          /* 0x002fe2000001000b */
        /*11a0*/                   FFMA.FTZ R17, R32.reuse, R4, R17 ;                     /* 0x0000000420117223 */
                                                                                          /* 0x044fe20000010011 */
        /*11b0*/                   FFMA.FTZ R10, R32, R5, R10 ;                           /* 0x00000005200a7223 */
                                                                                          /* 0x000fe2000001000a */
        /*11c0*/                   FFMA.FTZ R32, R45.reuse, R9, R14 ;                     /* 0x000000092d207223 */
                                                                                          /* 0x040fe2000001000e */
        /*11d0*/                   FFMA.FTZ R37, R4, R45, R37 ;                           /* 0x0000002d04257223 */
                                                                                          /* 0x000fe20000010025 */
        /*11e0*/                   FFMA.FTZ R39, R8, R13, R39 ;                           /* 0x0000000d08277223 */
                                                                                          /* 0x008fe20000010027 */
        /*11f0*/                   FFMA.FTZ R24, R45, R5, R24 ;                           /* 0x000000052d187223 */
                                                                                          /* 0x000fe20000010018 */
        /*1200*/                   FFMA.FTZ R26, R13.reuse, R9, R26 ;                     /* 0x000000090d1a7223 */
                                                                                          /* 0x040fe2000001001a */
        /*1210*/                   FFMA.FTZ R41, R4, R13, R41 ;                           /* 0x0000000d04297223 */
                                                                                          /* 0x000fe20000010029 */
        /*1220*/                   FFMA.FTZ R43, R8, R29, R43 ;                           /* 0x0000001d082b7223 */
                                                                                          /* 0x010fe2000001002b */
        /*1230*/                   FFMA.FTZ R2, R13, R5, R2 ;                             /* 0x000000050d027223 */
                                                                                          /* 0x000fe20000010002 */
        /*1240*/                   LOP3.LUT R8, R23, R12.reuse, RZ, 0x3c, !PT ;           /* 0x0000000c17087212 */
                                                                                          /* 0x080fe200078e3cff */
        /*1250*/                   FFMA.FTZ R45, R29, R9, R30 ;                           /* 0x000000091d2d7223 */
                                                                                          /* 0x000fe2000001001e */
        /*1260*/                   LOP3.LUT R13, R27, R12.reuse, RZ, 0x3c, !PT ;          /* 0x0000000c1b0d7212 */
                                                                                          /* 0x080fe200078e3cff */
        /*1270*/                   LDS.64 R14, [R33+0x2f8] ;                              /* 0x0002f800210e7984 */
                                                                                          /* 0x000fe20000000a00 */
        /*1280*/                   LOP3.LUT R9, R25, R12, RZ, 0x3c, !PT ;                 /* 0x0000000c19097212 */
                                                                                          /* 0x000fe200078e3cff */
        /*1290*/                   FFMA.FTZ R31, R4, R29, R31 ;                           /* 0x0000001d041f7223 */
                                                                                          /* 0x000fe2000001001f */
        /*12a0*/                   LEA R7, R8, UR6, 0x2 ;                                 /* 0x0000000608077c11 */
                                                                                          /* 0x000fe2000f8e10ff */
        /*12b0*/                   FFMA.FTZ R40, R29, R5, R6 ;                            /* 0x000000051d287223 */
                                                                                          /* 0x000fe20000010006 */
        /*12c0*/                   LEA R30, R13, UR6, 0x2 ;                               /* 0x000000060d1e7c11 */
                                                                                          /* 0x000fe2000f8e10ff */
        /*12d0*/                   LDS R8, [R42+0x300] ;                                  /* 0x000300002a087984 */
                                                                                          /* 0x000e220000000800 */
        /*12e0*/                   LEA R38, R9, UR6, 0x2 ;                                /* 0x0000000609267c11 */
                                                                                          /* 0x000fe2000f8e10ff */
        /*12f0*/                   UIADD3 UR6, UPT, UPT, UR6, 0x400, URZ ;                /* 0x0000040006067890 */
                                                                                          /* 0x000fc4000fffe0ff */
        /*1300*/                   LDS.64 R12, [R33+0x300] ;                              /* 0x00030000210c7984 */
                                                                                          /* 0x0002a80000000a00 */
        /*1310*/                   LDS R7, [R7+0x300] ;                                   /* 0x0003000007077984 */
                                                                                          /* 0x000ee80000000800 */
        /*1320*/                   LDS R30, [R30+0x300] ;                                 /* 0x000300001e1e7984 */
                                                                                          /* 0x000f220000000800 */
        /*1330*/                   IADD R33, R33, 0x400 ;                                 /* 0x0000040021217835 */
                                                                                          /* 0x002fc600078e0000 */
        /*1340*/                   LDS R38, [R38+0x300] ;                                 /* 0x0003000026267984 */
                                                                                          /* 0x000e620000000800 */
        /*1350*/                   FFMA.FTZ R19, R8.reuse, R14, R19 ;                     /* 0x0000000e08137223 */
                                                                                          /* 0x041fe20000010013 */
        /*1360*/                   FFMA.FTZ R16, R8.reuse, R15, R16 ;                     /* 0x0000000f08107223 */
                                                                                          /* 0x040fe20000010010 */
        /*1370*/                   FFMA.FTZ R17, R8.reuse, R12, R17 ;                     /* 0x0000000c08117223 */
                                                                                          /* 0x044fe20000010011 */
        /*1380*/                   FFMA.FTZ R10, R8, R13, R10 ;                           /* 0x0000000d080a7223 */
                                                                                          /* 0x000fe2000001000a */
        /*1390*/                   FFMA.FTZ R11, R14, R7, R11 ;                           /* 0x000000070e0b7223 */
                                                                                          /* 0x008fe2000001000b */
        /*13a0*/                   FFMA.FTZ R8, R7.reuse, R15, R32 ;                      /* 0x0000000f07087223 */
                                                                                          /* 0x040fe20000010020 */
        /*13b0*/                   FFMA.FTZ R9, R12, R7, R37 ;                            /* 0x000000070c097223 */
                                                                                          /* 0x000fe20000010025 */
        /*13c0*/                   FFMA.FTZ R6, R7, R13, R24 ;                            /* 0x0000000d07067223 */
                                                                                          /* 0x000fe20000010018 */
        /*13d0*/                   FFMA.FTZ R7, R14, R30.reuse, R39 ;                     /* 0x0000001e0e077223 */
                                                                                          /* 0x090fe20000010027 */
        /*13e0*/                   FFMA.FTZ R4, R30, R15, R26 ;                           /* 0x0000000f1e047223 */
                                                                                          /* 0x000fe2000001001a */
        /*13f0*/                   FFMA.FTZ R5, R12, R30, R41 ;                           /* 0x0000001e0c057223 */
                                                                                          /* 0x000fe20000010029 */
        /*1400*/                   FFMA.FTZ R2, R30, R13, R2 ;                            /* 0x0000000d1e027223 */
                                                                                          /* 0x000fe20000010002 */
        /*1410*/                   FFMA.FTZ R29, R14, R38.reuse, R43 ;                    /* 0x000000260e1d7223 */
                                                                                          /* 0x082fe2000001002b */
        /*1420*/                   FFMA.FTZ R30, R38, R15, R45 ;                          /* 0x0000000f261e7223 */
                                                                                          /* 0x000fe2000001002d */
        /*1430*/                   FFMA.FTZ R31, R12, R38, R31 ;                          /* 0x000000260c1f7223 */
                                                                                          /* 0x000fe2000001001f */
        /*1440*/                   FFMA.FTZ R32, R38, R13, R40 ;                          /* 0x0000000d26207223 */
                                                                                          /* 0x000fe20000010028 */
        /*1450*/                   BRA.U !UP2, 0xc20 ;                                    /* 0xfffffff50af07547 */
                                                                                          /* 0x000fec000b83ffff */
        /*1460*/                   UIADD3 UR8, UPT, UPT, UR7, -UR5, URZ ;                 /* 0x8000000507087290 */
                                                                                          /* 0x000fc8000fffe0ff */
        /*1470*/                   UISETP.GT.AND UP2, UPT, UR8, 0x1, UPT ;                /* 0x000000010800788c */
                                                                                          /* 0x000fd2000bf44270 */
        /*1480*/                   BRA.U !UP2, 0x18e0 ;                                   /* 0x000000050a147547 */
                                                                                          /* 0x000fea000b800000 */
        /*1490*/                   LOP3.LUT R12, R18.reuse, 0x18, R36.reuse, 0x78, !PT ;  /* 0x00000018120c7812 */
                                                                                          /* 0x140fe200078e7824 */
        /*14a0*/                   UIADD3 UR5, UPT, UPT, UR5, 0x2, URZ ;                  /* 0x0000000205057890 */
                                                                                          /* 0x000fe2000fffe0ff */
        /*14b0*/                   IADD R27, R18, 0x2 ;                                   /* 0x00000002121b7835 */
                                                                                          /* 0x000fe200078e0000 */
        /*14c0*/                   LOP3.LUT R14, R23, 0x18, R36.reuse, 0x78, !PT ;        /* 0x00000018170e7812 */
                                                                                          /* 0x100fe200078e7824 */
        /*14d0*/                   UPLOP3.LUT UP0, UPT, UPT, UPT, UPT, 0x40, 0x4 ;        /* 0x000000000004789c */
                                                                                          /* 0x000fe20003f0e870 */
        /*14e0*/                   LEA R24, R12, UR6, 0x2 ;                               /* 0x000000060c187c11 */
                                                                                          /* 0x000fe4000f8e10ff */
        /*14f0*/                   LOP3.LUT R25, R27, 0x18, R36, 0x78, !PT ;              /* 0x000000181b197812 */
                                                                                          /* 0x000fe200078e7824 */
        /*1500*/                   LDS.64 R12, [R33+-0x8] ;                               /* 0xfffff800210c7984 */
                                                                                          /* 0x000fe20000000a00 */
        /*1510*/                   LEA R41, R14, UR6, 0x2 ;                               /* 0x000000060e297c11 */
                                                                                          /* 0x000fe4000f8e10ff */
        /*1520*/                   LEA R39, R25, UR6, 0x2 ;                               /* 0x0000000619277c11 */
                                                                                          /* 0x000fe2000f8e10ff */
        /*1530*/                   LDS R24, [R24] ;                                       /* 0x0000000018187984 */
                                                                                          /* 0x000e220000000800 */
        /*1540*/                   IADD R25, R18, 0x3 ;                                   /* 0x0000000312197835 */
                                                                                          /* 0x000fc600078e0000 */
        /*1550*/                   LDS.64 R14, [R33] ;                                    /* 0x00000000210e7984 */
                                                                                          /* 0x000e640000000a00 */
        /*1560*/                   LOP3.LUT R26, R25, 0x18, R36, 0x78, !PT ;              /* 0x00000018191a7812 */
                                                                                          /* 0x000fe400078e7824 */
        /*1570*/                   LDS R39, [R39] ;                                       /* 0x0000000027277984 */
                                                                                          /* 0x000ee40000000800 */
        /*1580*/                   LEA R26, R26, UR6, 0x2 ;                               /* 0x000000061a1a7c11 */
                                                                                          /* 0x000fe4000f8e10ff */
        /*1590*/                   LDS R41, [R41] ;                                       /* 0x0000000029297984 */
                                                                                          /* 0x000f280000000800 */
        /*15a0*/                   LDS R37, [R26] ;                                       /* 0x000000001a257984 */
                                                                                          /* 0x000aa20000000800 */
        /*15b0*/                   FFMA.FTZ R19, R24.reuse, R12, R19 ;                    /* 0x0000000c18137223 */
                                                                                          /* 0x041fe20000010013 */
        /*15c0*/                   FFMA.FTZ R16, R24.reuse, R13, R16 ;                    /* 0x0000000d18107223 */
                                                                                          /* 0x040fe20000010010 */
        /*15d0*/                   FFMA.FTZ R17, R24.reuse, R14, R17 ;                    /* 0x0000000e18117223 */
                                                                                          /* 0x042fe20000010011 */
        /*15e0*/                   FFMA.FTZ R10, R24, R15, R10 ;                          /* 0x0000000f180a7223 */
                                                                                          /* 0x000fe2000001000a */
        /*15f0*/                   IADD R24, R36.reuse, 0x2 ;                             /* 0x0000000224187835 */
                                                                                          /* 0x040fe200078e0000 */
        /*1600*/                   IADD R36, R36, 0x4 ;                                   /* 0x0000000424247835 */
                                                                                          /* 0x000fe200078e0000 */
        /*1610*/                   FFMA.FTZ R7, R12, R39, R7 ;                            /* 0x000000270c077223 */
                                                                                          /* 0x008fe20000010007 */
        /*1620*/                   FFMA.FTZ R4, R39.reuse, R13, R4 ;                      /* 0x0000000d27047223 */
                                                                                          /* 0x040fe20000010004 */
        /*1630*/                   FFMA.FTZ R5, R14, R39, R5 ;                            /* 0x000000270e057223 */
                                                                                          /* 0x000fe20000010005 */
        /*1640*/                   LOP3.LUT R24, R24, 0x18, RZ, 0xc0, !PT ;               /* 0x0000001818187812 */
                                                                                          /* 0x000fe200078ec0ff */
        /*1650*/                   FFMA.FTZ R2, R39, R15, R2 ;                            /* 0x0000000f27027223 */
                                                                                          /* 0x000fe20000010002 */
        /*1660*/                   FFMA.FTZ R11, R12, R41, R11 ;                          /* 0x000000290c0b7223 */
                                                                                          /* 0x010fe2000001000b */
        /*1670*/                   FFMA.FTZ R8, R41, R13, R8 ;                            /* 0x0000000d29087223 */
                                                                                          /* 0x000fe20000010008 */
        /*1680*/                   LOP3.LUT R38, R27, R24.reuse, RZ, 0x3c, !PT ;          /* 0x000000181b267212 */
                                                                                          /* 0x080fe200078e3cff */
        /*1690*/                   FFMA.FTZ R9, R14, R41, R9 ;                            /* 0x000000290e097223 */
                                                                                          /* 0x000fe20000010009 */
        /*16a0*/                   LOP3.LUT R26, R18, R24.reuse, RZ, 0x3c, !PT ;          /* 0x00000018121a7212 */
                                                                                          /* 0x0a0fe200078e3cff */
        /*16b0*/                   FFMA.FTZ R6, R41, R15, R6 ;                            /* 0x0000000f29067223 */
                                                                                          /* 0x000fe20000010006 */
        /*16c0*/                   LOP3.LUT R39, R25, R24.reuse, RZ, 0x3c, !PT ;          /* 0x0000001819277212 */
                                                                                          /* 0x080fe200078e3cff */
        /*16d0*/                   FFMA.FTZ R29, R12, R37, R29 ;                          /* 0x000000250c1d7223 */
                                                                                          /* 0x004fe2000001001d */
        /*16e0*/                   LOP3.LUT R27, R23, R24, RZ, 0x3c, !PT ;                /* 0x00000018171b7212 */
                                                                                          /* 0x000fe200078e3cff */
        /*16f0*/                   FFMA.FTZ R13, R37, R13, R30 ;                          /* 0x0000000d250d7223 */
                                                                                          /* 0x000fe2000001001e */
        /*1700*/                   LEA R41, R38, UR6, 0x2 ;                               /* 0x0000000626297c11 */
                                                                                          /* 0x000fe2000f8e10ff */
        /*1710*/                   LDS.64 R24, [R33+0xf8] ;                               /* 0x0000f80021187984 */
                                                                                          /* 0x000fe20000000a00 */
        /*1720*/                   LEA R38, R26, UR6, 0x2 ;                               /* 0x000000061a267c11 */
                                                                                          /* 0x000fe2000f8e10ff */
        /*1730*/                   FFMA.FTZ R31, R14, R37, R31 ;                          /* 0x000000250e1f7223 */
                                                                                          /* 0x000fe2000001001f */
        /*1740*/                   LEA R12, R39, UR6, 0x2 ;                               /* 0x00000006270c7c11 */
                                                                                          /* 0x000fe2000f8e10ff */
        /*1750*/                   FFMA.FTZ R15, R37, R15, R32 ;                          /* 0x0000000f250f7223 */
                                                                                          /* 0x000fe20000010020 */
        /*1760*/                   LEA R40, R27, UR6, 0x2 ;                               /* 0x000000061b287c11 */
                                                                                          /* 0x000fe2000f8e10ff */
        /*1770*/                   LDS R41, [R41+0x100] ;                                 /* 0x0001000029297984 */
                                                                                          /* 0x000e220000000800 */
        /*1780*/                   UIADD3 UR6, UPT, UPT, UR6, 0x200, URZ ;                /* 0x0000020006067890 */
                                                                                          /* 0x000fc6000fffe0ff */
        /*1790*/                   LDS R38, [R38+0x100] ;                                 /* 0x0001000026267984 */
                                                                                          /* 0x000e680000000800 */
        /*17a0*/                   LDS.64 R26, [R33+0x100] ;                              /* 0x00010000211a7984 */
                                                                                          /* 0x0004e80000000a00 */
        /*17b0*/                   LDS R39, [R40+0x100] ;                                 /* 0x0001000028277984 */
                                                                                          /* 0x000f280000000800 */
        /*17c0*/                   LDS R12, [R12+0x100] ;                                 /* 0x000100000c0c7984 */
                                                                                          /* 0x000f620000000800 */
        /*17d0*/                   IADD R33, R33, 0x200 ;                                 /* 0x0000020021217835 */
                                                                                          /* 0x004fe200078e0000 */
        /*17e0*/                   FFMA.FTZ R7, R24, R41, R7 ;                            /* 0x0000002918077223 */
                                                                                          /* 0x001fe20000010007 */
        /*17f0*/                   FFMA.FTZ R4, R41.reuse, R25.reuse, R4 ;                /* 0x0000001929047223 */
                                                                                          /* 0x0c0fe20000010004 */
        /*1800*/                   FFMA.FTZ R19, R38.reuse, R24, R19 ;                    /* 0x0000001826137223 */
                                                                                          /* 0x042fe20000010013 */
        /*1810*/                   FFMA.FTZ R16, R38, R25, R16 ;                          /* 0x0000001926107223 */
                                                                                          /* 0x000fe20000010010 */
        /*1820*/                   FFMA.FTZ R5, R26, R41, R5 ;                            /* 0x000000291a057223 */
                                                                                          /* 0x008fe20000010005 */
        /*1830*/                   FFMA.FTZ R2, R41, R27.reuse, R2 ;                      /* 0x0000001b29027223 */
                                                                                          /* 0x080fe20000010002 */
        /*1840*/                   FFMA.FTZ R17, R38.reuse, R26, R17 ;                    /* 0x0000001a26117223 */
                                                                                          /* 0x040fe20000010011 */
        /*1850*/                   FFMA.FTZ R10, R38, R27, R10 ;                          /* 0x0000001b260a7223 */
                                                                                          /* 0x000fe2000001000a */
        /*1860*/                   FFMA.FTZ R11, R24, R39, R11 ;                          /* 0x00000027180b7223 */
                                                                                          /* 0x010fe2000001000b */
        /*1870*/                   FFMA.FTZ R8, R39.reuse, R25, R8 ;                      /* 0x0000001927087223 */
                                                                                          /* 0x040fe20000010008 */
        /*1880*/                   FFMA.FTZ R9, R26, R39, R9 ;                            /* 0x000000271a097223 */
                                                                                          /* 0x000fe20000010009 */
        /*1890*/                   FFMA.FTZ R6, R39, R27, R6 ;                            /* 0x0000001b27067223 */
                                                                                          /* 0x000fe20000010006 */
        /*18a0*/                   FFMA.FTZ R29, R24, R12.reuse, R29 ;                    /* 0x0000000c181d7223 */
                                                                                          /* 0x0a0fe2000001001d */
        /*18b0*/                   FFMA.FTZ R30, R12, R25, R13 ;                          /* 0x000000190c1e7223 */
                                                                                          /* 0x000fe2000001000d */
        /*18c0*/                   FFMA.FTZ R31, R26, R12, R31 ;                          /* 0x0000000c1a1f7223 */
                                                                                          /* 0x000fe2000001001f */
        /*18d0*/                   FFMA.FTZ R32, R12, R27, R15 ;                          /* 0x0000001b0c207223 */
                                                                                          /* 0x000fce000001000f */
        /*18e0*/                   UISETP.LT.OR UP0, UPT, UR5, UR7, UP0 ;                 /* 0x000000070500728c */
                                                                                          /* 0x000fd20008701670 */
        /*18f0*/                   BRA.U !UP0, 0x1b10 ;                                   /* 0x0000000108847547 */
                                                                                          /* 0x000fea000b800000 */
        /*1900*/                   IADD R15, R18, 0x2 ;                                   /* 0x00000002120f7835 */
                                                                                          /* 0x000fe200078e0000 */
        /*1910*/                   LOP3.LUT R36, R36, 0x18, RZ, 0xc0, !PT ;               /* 0x0000001824247812 */
                                                                                          /* 0x000fe200078ec0ff */
        /*1920*/                   IADD R25, R18, 0x3 ;                                   /* 0x0000000312197835 */
                                                                                          /* 0x000fc600078e0000 */
        /*1930*/                   LOP3.LUT R12, R18, R36.reuse, RZ, 0x3c, !PT ;          /* 0x00000024120c7212 */
                                                                                          /* 0x080fe400078e3cff */
        /*1940*/                   LOP3.LUT R13, R23, R36.reuse, RZ, 0x3c, !PT ;          /* 0x00000024170d7212 */
                                                                                          /* 0x080fe400078e3cff */
        /*1950*/                   LOP3.LUT R14, R15, R36.reuse, RZ, 0x3c, !PT ;          /* 0x000000240f0e7212 */
                                                                                          /* 0x080fe400078e3cff */
        /*1960*/                   LOP3.LUT R36, R25, R36, RZ, 0x3c, !PT ;                /* 0x0000002419247212 */
                                                                                          /* 0x000fe400078e3cff */
        /*1970*/                   LEA R24, R12, UR6, 0x2 ;                               /* 0x000000060c187c11 */
                                                                                          /* 0x000fe4000f8e10ff */
        /*1980*/                   LEA R25, R13, UR6, 0x2 ;                               /* 0x000000060d197c11 */
                                                                                          /* 0x000fc4000f8e10ff */
        /*1990*/                   LEA R26, R14, UR6, 0x2 ;                               /* 0x000000060e1a7c11 */
                                                                                          /* 0x000fe2000f8e10ff */
        /*19a0*/                   LDS.64 R12, [R33+-0x8] ;                               /* 0xfffff800210c7984 */
                                                                                          /* 0x000fe20000000a00 */
        /*19b0*/                   LEA R36, R36, UR6, 0x2 ;                               /* 0x0000000624247c11 */
                                                                                          /* 0x000fc6000f8e10ff */
        /*19c0*/                   LDS R24, [R24] ;                                       /* 0x0000000018187984 */
                                                                                          /* 0x000e280000000800 */
        /*19d0*/                   LDS R25, [R25] ;                                       /* 0x0000000019197984 */
                                                                                          /* 0x000e680000000800 */
        /*19e0*/                   LDS R26, [R26] ;                                       /* 0x000000001a1a7984 */
                                                                                          /* 0x000ee80000000800 */
        /*19f0*/                   LDS R36, [R36] ;                                       /* 0x0000000024247984 */
                                                                                          /* 0x000f280000000800 */
        /*1a00*/                   LDS.64 R14, [R33] ;                                    /* 0x00000000210e7984 */
                                                                                          /* 0x000f620000000a00 */
        /*1a10*/                   FFMA.FTZ R19, R24.reuse, R12, R19 ;                    /* 0x0000000c18137223 */
                                                                                          /* 0x041fe20000010013 */
        /*1a20*/                   FFMA.FTZ R16, R24, R13, R16 ;                          /* 0x0000000d18107223 */
                                                                                          /* 0x000fe20000010010 */
        /*1a30*/                   FFMA.FTZ R11, R12.reuse, R25, R11 ;                    /* 0x000000190c0b7223 */
                                                                                          /* 0x042fe2000001000b */
        /*1a40*/                   FFMA.FTZ R8, R25.reuse, R13.reuse, R8 ;                /* 0x0000000d19087223 */
                                                                                          /* 0x0c0fe20000010008 */
        /*1a50*/                   FFMA.FTZ R7, R12, R26, R7 ;                            /* 0x0000001a0c077223 */
                                                                                          /* 0x008fe20000010007 */
        /*1a60*/                   FFMA.FTZ R4, R26, R13.reuse, R4 ;                      /* 0x0000000d1a047223 */
                                                                                          /* 0x080fe20000010004 */
        /*1a70*/                   FFMA.FTZ R29, R12, R36, R29 ;                          /* 0x000000240c1d7223 */
                                                                                          /* 0x010fe2000001001d */
        /*1a80*/                   FFMA.FTZ R30, R36, R13, R30 ;                          /* 0x0000000d241e7223 */
                                                                                          /* 0x000fe2000001001e */
        /*1a90*/                   FFMA.FTZ R17, R24.reuse, R14, R17 ;                    /* 0x0000000e18117223 */
                                                                                          /* 0x060fe20000010011 */
        /*1aa0*/                   FFMA.FTZ R10, R24, R15, R10 ;                          /* 0x0000000f180a7223 */
                                                                                          /* 0x000fe2000001000a */
        /*1ab0*/                   FFMA.FTZ R9, R14.reuse, R25, R9 ;                      /* 0x000000190e097223 */
                                                                                          /* 0x040fe20000010009 */
        /*1ac0*/                   FFMA.FTZ R6, R25, R15.reuse, R6 ;                      /* 0x0000000f19067223 */
                                                                                          /* 0x080fe20000010006 */
        /*1ad0*/                   FFMA.FTZ R5, R14, R26, R5 ;                            /* 0x0000001a0e057223 */
                                                                                          /* 0x000fe20000010005 */
        /*1ae0*/                   FFMA.FTZ R2, R26, R15.reuse, R2 ;                      /* 0x0000000f1a027223 */
                                                                                          /* 0x080fe20000010002 */
        /*1af0*/                   FFMA.FTZ R31, R14, R36, R31 ;                          /* 0x000000240e1f7223 */
                                                                                          /* 0x000fe2000001001f */
        /*1b00*/                   FFMA.FTZ R32, R36, R15, R32 ;                          /* 0x0000000f24207223 */
                                                                                          /* 0x000fce0000010020 */
        /*1b10*/                   BAR.SYNC.DEFER_BLOCKING 0x0 ;                          /* 0x0000000000007b1d */
                                                                                          /* 0x000fec0000010000 */
        /*1b20*/                   BRA.U !UP1, 0x320 ;                                    /* 0xffffffe509fc7547 */
                                                                                          /* 0x000fea000b83ffff */
        /*1b30*/                   S2R R12, SR_CTAID.X ;                                  /* 0x00000000000c7919 */
                                                                                          /* 0x001e620000002500 */
        /*1b40*/                   LDCU.64 UR8, c[0x0][0x398] ;                           /* 0x00007300ff0877ac */
                                                                                          /* 0x000e220008000a00 */
        /*1b50*/                   S2R R13, SR_CTAID.Y ;                                  /* 0x00000000000d7919 */
                                                                                          /* 0x000ea20000002600 */
        /*1b60*/                   LDCU.64 UR6, c[0x0][0x390] ;                           /* 0x00007200ff0677ac */
                                                                                          /* 0x000f220008000a00 */
        /*1b70*/                   IMAD R12, R12, 0x10, R3 ;                              /* 0x000000100c0c7824 */
                                                                                          /* 0x002fc800078e0203 */
        /*1b80*/                   IMAD.SHL.U32 R12, R12, 0x4, RZ ;                       /* 0x000000040c0c7824 */
                                                                                          /* 0x000fe400078e00ff */
        /*1b90*/                   IMAD R3, R13, 0x10, R0 ;                               /* 0x000000100d037824 */
                                                                                          /* 0x004fc600078e0200 */
        /*1ba0*/                   ISETP.GE.AND P1, PT, R12.reuse, UR9, PT ;              /* 0x000000090c007c0c */
                                                                                          /* 0x041fe2000bf26270 */
        /*1bb0*/                   IMAD.SHL.U32 R3, R3, 0x4, RZ ;                         /* 0x0000000403037824 */
                                                                                          /* 0x000fe200078e00ff */
        /*1bc0*/                   ISETP.GE.AND P0, PT, R12.reuse, UR9, PT ;              /* 0x000000090c007c0c */
                                                                                          /* 0x040fe2000bf06270 */
        /*1bd0*/                   IADD R0, R12, 0x1 ;                                    /* 0x000000010c007835 */
                                                                                          /* 0x000fe200078e0000 */
        /*1be0*/                   SHF.R.S32.HI R13, RZ, 0x1f, R12 ;                      /* 0x0000001fff0d7819 */
                                                                                          /* 0x000fe2000001140c */
        /*1bf0*/                   IMAD R22, R3.reuse, UR9, RZ ;                          /* 0x0000000903167c24 */
                                                                                          /* 0x040fe2000f8e02ff */
        /*1c00*/                   ISETP.LT.AND P1, PT, R3.reuse, UR8, !P1 ;              /* 0x0000000803007c0c */
                                                                                          /* 0x040fe2000cf21270 */
        /*1c10*/                   IADD R28, R3, 0x1 ;                                    /* 0x00000001031c7835 */
                                                                                          /* 0x000fe200078e0000 */
        /*1c20*/                   ISETP.GE.AND P3, PT, R0, UR9, PT ;                     /* 0x0000000900007c0c */
                                                                                          /* 0x000fe2000bf66270 */
        /*1c30*/                   IADD R0, R12, 0x2 ;                                    /* 0x000000020c007835 */
                                                                                          /* 0x000fe200078e0000 */
        /*1c40*/                   SHF.R.S32.HI R23, RZ, 0x1f, R22 ;                      /* 0x0000001fff177819 */
                                                                                          /* 0x000fc40000011416 */
        /*1c50*/                   ISETP.GE.OR P6, PT, R28, UR8, P0 ;                     /* 0x000000081c007c0c */
                                                                                          /* 0x000fe200087c6670 */
        /*1c60*/                   ISETP.GE.OR P5, PT, R3, UR8, P3 ;                      /* 0x0000000803007c0c */
                                                                                          /* 0x000fe20009fa6670 */
        /*1c70*/                   ISETP.GE.AND P2, PT, R0, UR9, PT ;                     /* 0x0000000900007c0c */
                                                                                          /* 0x000fe2000bf46270 */
        /*1c80*/                   IADD.64 R26, R22, R12 ;                                /* 0x0000000c161a7235 */
                                                                                          /* 0x000fe400078e0200 */
        /*1c90*/                   IADD R0, R12.reuse, 0x3 ;                              /* 0x000000030c007835 */
                                                                                          /* 0x040fe400078e0000 */
        /*1ca0*/               @P1 LDC.64 R24, c[0x0][0x390] ;                            /* 0x0000e400ff181b82 */
                                                                                          /* 0x000e220000000a00 */
        /*1cb0*/               @P1 IADD R15, R12, R22 ;                                   /* 0x000000160c0f1235 */
                                                                                          /* 0x000fe200078e0000 */
        /*1cc0*/                   LEA R14, P4, R26, UR6, 0x2 ;                           /* 0x000000061a0e7c11 */
                                                                                          /* 0x010fe2000f8810ff */
        /*1cd0*/                   IADD R22, R22, UR9 ;                                   /* 0x0000000916167c35 */
                                                                                          /* 0x000fca000f8e0000 */
        /*1ce0*/              @!P6 LDC.64 R20, c[0x0][0x390] ;                            /* 0x0000e400ff14eb82 */
                                                                                          /* 0x000e620000000a00 */
        /*1cf0*/                   SHF.R.S32.HI R23, RZ, 0x1f, R22 ;                      /* 0x0000001fff177819 */
                                                                                          /* 0x000fe20000011416 */
        /*1d00*/               @P1 IMAD.WIDE R24, R15, 0x4, R24 ;                         /* 0x000000040f181825 */
                                                                                          /* 0x001fe200078e0218 */
        /*1d10*/                   LEA.HI.X R15, R26, UR7, R27, 0x2, P4 ;                 /* 0x000000071a0f7c11 */
                                                                                          /* 0x000fe2000a0f141b */
        /*1d20*/                   ISETP.GE.OR P4, PT, R3.reuse, UR8, P2 ;                /* 0x0000000803007c0c */
                                                                                          /* 0x040fe20009786670 */
        /*1d30*/              @!P6 IADD R27, R12, R22 ;                                   /* 0x000000160c1be235 */
                                                                                          /* 0x000fe400078e0000 */
        /*1d40*/               @P1 STG.E desc[UR10][R24.64], R19 ;                        /* 0x0000001318001986 */
                                                                                          /* 0x0081e2000c10190a */
        /*1d50*/                   ISETP.GE.AND P1, PT, R0, UR9, PT ;                     /* 0x0000000900007c0c */
                                                                                          /* 0x000fe2000bf26270 */
        /*1d60*/                   IADD R0, R3, 0x2 ;                                     /* 0x0000000203007835 */
                                                                                          /* 0x000fe400078e0000 */
        /*1d70*/              @!P5 STG.E desc[UR10][R14.64+0x4], R16 ;                    /* 0x000004100e00d986 */
                                                                                          /* 0x0005e2000c10190a */
        /*1d80*/              @!P6 IMAD.WIDE R20, R27, 0x4, R20 ;                         /* 0x000000041b14e825 */
                                                                                          /* 0x002fe200078e0214 */
        /*1d90*/                   ISETP.GE.OR P5, PT, R3.reuse, UR8, P1 ;                /* 0x0000000803007c0c */
                                                                                          /* 0x040fe20008fa6670 */
        /*1da0*/                   IADD R3, R3, 0x3 ;                                     /* 0x0000000303037835 */
                                                                                          /* 0x000fc600078e0000 */
        /*1db0*/              @!P4 STG.E desc[UR10][R14.64+0x8], R17 ;                    /* 0x000008110e00c986 */
                                                                                          /* 0x0003e2000c10190a */
        /*1dc0*/                   ISETP.GE.OR P4, PT, R0, UR8, P0 ;                      /* 0x0000000800007c0c */
                                                                                          /* 0x000fe20008786670 */
        /*1dd0*/                   IADD.64 R24, R12, R22 ;                                /* 0x000000160c187235 */
                                                                                          /* 0x001fe400078e0200 */
        /*1de0*/                   ISETP.GE.OR P0, PT, R3, UR8, P0 ;                      /* 0x0000000803007c0c */
                                                                                          /* 0x000fe20008706670 */
        /*1df0*/                   IADD R22, R22, UR9 ;                                   /* 0x0000000916167c35 */
                                                                                          /* 0x000fc8000f8e0000 */
        /*1e00*/              @!P5 STG.E desc[UR10][R14.64+0xc], R10 ;                    /* 0x00000c0a0e00d986 */
                                                                                          /* 0x0001e2000c10190a */
        /*1e10*/                   ISETP.GE.OR P5, PT, R28, UR8, P3 ;                     /* 0x000000081c007c0c */
                                                                                          /* 0x000fe20009fa6670 */
        /*1e20*/                   SHF.R.S32.HI R23, RZ, 0x1f, R22 ;                      /* 0x0000001fff177819 */
                                                                                          /* 0x000fe40000011416 */
        /*1e30*/              @!P6 STG.E desc[UR10][R20.64], R11 ;                        /* 0x0000000b1400e986 */
                                                                                          /* 0x0007e2000c10190a */
        /*1e40*/                   LEA R16, P6, R24.reuse, UR6, 0x2 ;                     /* 0x0000000618107c11 */
                                                                                          /* 0x044fe2000f8c10ff */
        /*1e50*/              @!P4 LDC.64 R18, c[0x0][0x390] ;                            /* 0x0000e400ff12cb82 */
                                                                                          /* 0x000ea60000000a00 */
        /*1e60*/                   LEA.HI.X R17, R24, UR7, R25, 0x2, P6 ;                 /* 0x0000000718117c11 */
                                                                                          /* 0x002fe2000b0f1419 */
        /*1e70*/                   ISETP.GE.OR P6, PT, R28, UR8, P2 ;                     /* 0x000000081c007c0c */
                                                                                          /* 0x000fc800097c6670 */
        /*1e80*/              @!P5 STG.E desc[UR10][R16.64+0x4], R8 ;                     /* 0x000004081000d986 */
                                                                                          /* 0x000fe2000c10190a */
        /*1e90*/                   ISETP.GE.OR P5, PT, R28, UR8, P1 ;                     /* 0x000000081c007c0c */
                                                                                          /* 0x000fe20008fa6670 */
        /*1ea0*/              @!P0 LDC.64 R14, c[0x0][0x390] ;                            /* 0x0000e400ff0e8b82 */
                                                                                          /* 0x001e220000000a00 */
        /*1eb0*/              @!P4 IADD R11, R12.reuse, R22.reuse ;                       /* 0x000000160c0bc235 */
                                                                                          /* 0x0c8fe200078e0000 */
        /*1ec0*/                   IADD.64 R20, R12, R22 ;                                /* 0x000000160c147235 */
                                                                                          /* 0x000fe400078e0200 */
        /*1ed0*/                   IADD R22, R22, UR9 ;                                   /* 0x0000000916167c35 */
                                                                                          /* 0x000fc6000f8e0000 */
        /*1ee0*/              @!P6 STG.E desc[UR10][R16.64+0x8], R9 ;                     /* 0x000008091000e986 */
                                                                                          /* 0x0003e2000c10190a */
        /*1ef0*/                   LEA R10, P6, R20, UR6, 0x2 ;                           /* 0x00000006140a7c11 */
                                                                                          /* 0x000fe4000f8c10ff */
        /*1f00*/                   SHF.R.S32.HI R23, RZ, 0x1f, R22 ;                      /* 0x0000001fff177819 */
                                                                                          /* 0x000fe40000011416 */
        /*1f10*/              @!P5 STG.E desc[UR10][R16.64+0xc], R6 ;                     /* 0x00000c061000d986 */
                                                                                          /* 0x0007e2000c10190a */
        /*1f20*/                   ISETP.GE.OR P5, PT, R0, UR8, P3 ;                      /* 0x0000000800007c0c */
                                                                                          /* 0x000fe20009fa6670 */
        /*1f30*/              @!P4 IMAD.WIDE R18, R11, 0x4, R18 ;                         /* 0x000000040b12c825 */
                                                                                          /* 0x004fe200078e0212 */
        /*1f40*/                   LEA.HI.X R11, R20, UR7, R21, 0x2, P6 ;                 /* 0x00000007140b7c11 */
                                                                                          /* 0x000fe2000b0f1415 */
        /*1f50*/                   ISETP.GE.OR P6, PT, R0, UR8, P1 ;                      /* 0x0000000800007c0c */
                                                                                          /* 0x000fe20008fc6670 */
        /*1f60*/                   ISETP.GE.OR P3, PT, R3, UR8, P3 ;                      /* 0x0000000803007c0c */
                                                                                          /* 0x000fc40009f66670 */
        /*1f70*/              @!P4 STG.E desc[UR10][R18.64], R7 ;                         /* 0x000000071200c986 */
                                                                                          /* 0x0007e2000c10190a */
        /*1f80*/                   ISETP.GE.OR P4, PT, R0, UR8, P2 ;                      /* 0x0000000800007c0c */
                                                                                          /* 0x000fe20009786670 */
        /*1f90*/              @!P0 IADD R9, R12.reuse, R22.reuse ;                        /* 0x000000160c098235 */
                                                                                          /* 0x0c2fe200078e0000 */
        /*1fa0*/                   IADD.64 R12, R12, R22 ;                                /* 0x000000160c0c7235 */
                                                                                          /* 0x000fe400078e0200 */
        /*1fb0*/                   ISETP.GE.OR P2, PT, R3.reuse, UR8, P2 ;                /* 0x0000000803007c0c */
                                                                                          /* 0x040fe20009746670 */
        /*1fc0*/                   ISETP.GE.OR P1, PT, R3, UR8, P1 ;                      /* 0x0000000803007c0c */
                                                                                          /* 0x000fe20008f26670 */
        /*1fd0*/              @!P5 STG.E desc[UR10][R10.64+0x4], R4 ;                     /* 0x000004040a00d986 */
                                                                                          /* 0x0007e2000c10190a */
        /*1fe0*/                   LEA R8, P5, R12.reuse, UR6, 0x2 ;                      /* 0x000000060c087c11 */
                                                                                          /* 0x040fe2000f8a10ff */
        /*1ff0*/              @!P0 IMAD.WIDE R14, R9, 0x4, R14 ;                          /* 0x00000004090e8825 */
                                                                                          /* 0x001fe400078e020e */
        /*2000*/              @!P6 STG.E desc[UR10][R10.64+0xc], R2 ;                     /* 0x00000c020a00e986 */
                                                                                          /* 0x0007e2000c10190a */
        /*2010*/                   LEA.HI.X R9, R12, UR7, R13, 0x2, P5 ;                  /* 0x000000070c097c11 */
                                                                                          /* 0x000fc6000a8f140d */
        /*2020*/              @!P4 STG.E desc[UR10][R10.64+0x8], R5 ;                     /* 0x000008050a00c986 */
                                                                                          /* 0x0007e8000c10190a */
        /*2030*/              @!P0 STG.E desc[UR10][R14.64], R29 ;                        /* 0x0000001d0e008986 */
                                                                                          /* 0x0007e8000c10190a */
        /*2040*/              @!P3 STG.E desc[UR10][R8.64+0x4], R30 ;                     /* 0x0000041e0800b986 */
                                                                                          /* 0x0007e8000c10190a */
        /*2050*/              @!P2 STG.E desc[UR10][R8.64+0x8], R31 ;                     /* 0x0000081f0800a986 */
                                                                                          /* 0x0007e2000c10190a */
        /*2060*/               @P1 EXIT ;                                                 /* 0x000000000000194d */
                                                                                          /* 0x000fea0003800000 */
        /*2070*/                   STG.E desc[UR10][R8.64+0xc], R32 ;                     /* 0x00000c2008007986 */
                                                                                          /* 0x000fe2000c10190a */
        /*2080*/                   EXIT ;                                                 /* 0x000000000000794d */
                                                                                          /* 0x000fea0003800000 */
        /*2090*/                   BRA 0x2090;                                            /* 0xfffffffc00fc7947 */
                                                                                          /* 0x000fc0000383ffff */
        /*20a0*/                   NOP;                                                   /* 0x0000000000007918 */
                                                                                          /* 0x000fc00000000000 */
        /*20b0*/                   NOP;                                                   /* 0x0000000000007918 */
                                                                                          /* 0x000fc00000000000 */
        /*20c0*/                   NOP;                                                   /* 0x0000000000007918 */
                                                                                          /* 0x000fc00000000000 */
        /*20d0*/                   NOP;                                                   /* 0x0000000000007918 */
                                                                                          /* 0x000fc00000000000 */
        /*20e0*/                   NOP;                                                   /* 0x0000000000007918 */
                                                                                          /* 0x000fc00000000000 */
        /*20f0*/                   NOP;                                                   /* 0x0000000000007918 */
                                                                                          /* 0x000fc00000000000 */
        /*2100*/                   NOP;                                                   /* 0x0000000000007918 */
                                                                                          /* 0x000fc00000000000 */
        /*2110*/                   NOP;                                                   /* 0x0000000000007918 */
                                                                                          /* 0x000fc00000000000 */
        /*2120*/                   NOP;                                                   /* 0x0000000000007918 */
                                                                                          /* 0x000fc00000000000 */
        /*2130*/                   NOP;                                                   /* 0x0000000000007918 */
                                                                                          /* 0x000fc00000000000 */
        /*2140*/                   NOP;                                                   /* 0x0000000000007918 */
                                                                                          /* 0x000fc00000000000 */
        /*2150*/                   NOP;                                                   /* 0x0000000000007918 */
                                                                                          /* 0x000fc00000000000 */
        /*2160*/                   NOP;                                                   /* 0x0000000000007918 */
                                                                                          /* 0x000fc00000000000 */
        /*2170*/                   NOP;                                                   /* 0x0000000000007918 */
                                                                                          /* 0x000fc00000000000 */
		..........


		Function : _Z31register_tiled_gemm_AsT_swizzleILb0ELb1EEvPKfS1_Pfiii
	.headerflags	@"EF_CUDA_SM120 EF_CUDA_VIRTUAL_SM(EF_CUDA_SM120)"
        /*0000*/                   LDC R1, c[0x0][0x37c] ;                                /* 0x0000df00ff017b82 */
                                                                                          /* 0x000fe20000000800 */
        /*0010*/                   LDCU UR7, c[0x0][0x3a0] ;                              /* 0x00007400ff0777ac */
                                                                                          /* 0x000e220008000800 */
        /*0020*/                   S2R R0, SR_TID.X ;                                     /* 0x0000000000007919 */
                                                                                          /* 0x000e620000002100 */
        /*0030*/                   HFMA2 R30, -RZ, RZ, 0, 0 ;                             /* 0x00000000ff1e7431 */
                                                                                          /* 0x000fe200000001ff */
        /*0040*/                   CS2R R28, SRZ ;                                        /* 0x00000000001c7805 */
                                                                                          /* 0x000fe2000001ff00 */
        /*0050*/                   HFMA2 R21, -RZ, RZ, 0, 0 ;                             /* 0x00000000ff157431 */
                                                                                          /* 0x000fe200000001ff */
        /*0060*/                   S2R R7, SR_TID.Y ;                                     /* 0x0000000000077919 */
                                                                                          /* 0x000ea20000002200 */
        /*0070*/                   HFMA2 R3, -RZ, RZ, 0, 0 ;                              /* 0x00000000ff037431 */
                                                                                          /* 0x000fe200000001ff */
        /*0080*/                   CS2R R24, SRZ ;                                        /* 0x0000000000187805 */
                                                                                          /* 0x000fe2000001ff00 */
        /*0090*/                   MOV R26, RZ ;                                          /* 0x000000ff001a7202 */
                                                                                          /* 0x000fe20000000f00 */
        /*00a0*/                   CS2R R22, SRZ ;                                        /* 0x0000000000167805 */
                                                                                          /* 0x000fe2000001ff00 */
        /*00b0*/                   MOV R11, RZ ;                                          /* 0x000000ff000b7202 */
                                                                                          /* 0x000fe20000000f00 */
        /*00c0*/                   CS2R R8, SRZ ;                                         /* 0x0000000000087805 */
                                                                                          /* 0x000fe2000001ff00 */
        /*00d0*/                   MOV R6, RZ ;                                           /* 0x000000ff00067202 */
                                                                                          /* 0x000fe20000000f00 */
        /*00e0*/                   CS2R R4, SRZ ;                                         /* 0x0000000000047805 */
                                                                                          /* 0x000fe2000001ff00 */
        /*00f0*/                   LDCU.64 UR10, c[0x0][0x358] ;                          /* 0x00006b00ff0a77ac */
                                                                                          /* 0x000ee20008000a00 */
        /*0100*/                   UISETP.GE.AND UP0, UPT, UR7, 0x1, UPT ;                /* 0x000000010700788c */
                                                                                          /* 0x001fd2000bf06270 */
        /*0110*/                   BRA.U !UP0, 0x1b30 ;                                   /* 0x0000001908847547 */
                                                                                          /* 0x000fea000b800000 */
        /*0120*/                   S2R R13, SR_CTAID.X ;                                  /* 0x00000000000d7919 */
                                                                                          /* 0x000e220000002500 */
        /*0130*/                   IMAD.SHL.U32 R2, R0.reuse, 0x4, RZ ;                   /* 0x0000000400027824 */
                                                                                          /* 0x042fe200078e00ff */
        /*0140*/                   S2UR UR5, SR_CgaCtaId ;                                /* 0x00000000000579c3 */
                                                                                          /* 0x000e620000008800 */
        /*0150*/                   LDCU UR4, c[0x0][0x39c] ;                              /* 0x00007380ff0477ac */
                                                                                          /* 0x000f220008000800 */
        /*0160*/                   S2R R18, SR_CTAID.Y ;                                  /* 0x0000000000127919 */
                                                                                          /* 0x000f620000002600 */
        /*0170*/                   IMAD.SHL.U32 R12, R0, 0x400, RZ ;                      /* 0x00000400000c7824 */
                                                                                          /* 0x000fe200078e00ff */
        /*0180*/                   LOP3.LUT R2, R2, 0x3c, RZ, 0xc0, !PT ;                 /* 0x0000003c02027812 */
                                                                                          /* 0x000fe200078ec0ff */
        /*0190*/                   IMAD.SHL.U32 R14, R0, 0x8, RZ ;                        /* 0x00000008000e7824 */
                                                                                          /* 0x000fe200078e00ff */
        /*01a0*/                   MOV R30, RZ ;                                          /* 0x000000ff001e7202 */
                                                                                          /* 0x000fe20000000f00 */
        /*01b0*/                   IMAD.SHL.U32 R16, R7, 0x4, RZ ;                        /* 0x0000000407107824 */
                                                                                          /* 0x004fe200078e00ff */
        /*01c0*/                   LOP3.LUT R12, R12, 0xc00, RZ, 0xc0, !PT ;              /* 0x00000c000c0c7812 */
                                                                                          /* 0x000fc800078ec0ff */
        /*01d0*/                   IADD R20, R16, 0x1 ;                                   /* 0x0000000110147835 */
                                                                                          /* 0x000fe200078e0000 */
        /*01e0*/                   IMAD R10, R13, 0x40, R2 ;                              /* 0x000000400d0a7824 */
                                                                                          /* 0x001fca00078e0202 */
        /*01f0*/                   IADD R2, R10, 0x3 ;                                    /* 0x000000030a027835 */
                                                                                          /* 0x000fca00078e0000 */
        /*0200*/                   ISETP.GE.AND P0, PT, R2, UR4, PT ;                     /* 0x0000000402007c0c */
                                                                                          /* 0x010fe2000bf06270 */
        /*0210*/                   IMAD R2, R7, 0x10, R0 ;                                /* 0x0000001007027824 */
                                                                                          /* 0x000fe200078e0200 */
        /*0220*/                   UMOV UR4, 0x400 ;                                      /* 0x0000040000047882 */
                                                                                          /* 0x000fe20000000000 */
        /*0230*/                   IMAD.SHL.U32 R0, R0, 0x10, RZ ;                        /* 0x0000001000007824 */
                                                                                          /* 0x000fe200078e00ff */
        /*0240*/                   ULEA UR6, UR5, UR4, 0x18 ;                             /* 0x0000000405067291 */
                                                                                          /* 0x002fe2000f8ec0ff */
        /*0250*/                   UIADD3 UR4, UPT, UPT, UR4, 0x1000, URZ ;               /* 0x0000100004047890 */
                                                                                          /* 0x000fe2000fffe0ff */
        /*0260*/                   SHF.R.U32.HI R17, RZ, 0x2, R2 ;                        /* 0x00000002ff117819 */
                                                                                          /* 0x000fe20000011602 */
        /*0270*/                   IMAD.SHL.U32 R2, R2, 0x10, RZ ;                        /* 0x0000001002027824 */
                                                                                          /* 0x000fe200078e00ff */
        /*0280*/                   LOP3.LUT R19, R0, 0xf0, RZ, 0xc0, !PT ;                /* 0x000000f000137812 */
                                                                                          /* 0x000fe200078ec0ff */
        /*0290*/                   ULEA UR4, UR5, UR4, 0x18 ;                             /* 0x0000000405047291 */
                                                                                          /* 0x000fe2000f8ec0ff */
        /*02a0*/                   IADD R12, R12, UR6 ;                                   /* 0x000000060c0c7c35 */
                                                                                          /* 0x000fe2000f8e0000 */
        /*02b0*/                   LOP3.LUT R13, R17, 0x18, R14, 0x78, !PT ;              /* 0x00000018110d7812 */
                                                                                          /* 0x000fe200078e780e */
        /*02c0*/                   IMAD R17, R18, 0x40, R17 ;                             /* 0x0000004012117824 */
                                                                                          /* 0x020fe200078e0211 */
        /*02d0*/                   LOP3.LUT R2, R2, 0x7ff00, RZ, 0xc0, !PT ;              /* 0x0007ff0002027812 */
                                                                                          /* 0x000fc600078ec0ff */
        /*02e0*/                   IMAD R18, R13, 0x4, R12 ;                              /* 0x000000040d127824 */
                                                                                          /* 0x000fe200078e020c */
        /*02f0*/                   IADD3 R19, PT, PT, R19, UR4, R2 ;                      /* 0x0000000413137c10 */
                                                                                          /* 0x000fe2000fffe002 */
        /*0300*/                   IMAD R2, R17, UR7, RZ ;                                /* 0x0000000711027c24 */
                                                                                          /* 0x000fe2000f8e02ff */
        /*0310*/                   UMOV UR4, URZ ;                                        /* 0x000000ff00047c82 */
                                                                                          /* 0x008fcc0008000000 */
        /*0320*/                   S2R R0, SR_TID.X ;                                     /* 0x0000000000007919 */
                                                                                          /* 0x001e220000002100 */
        /*0330*/                   LDCU UR14, c[0x0][0x3a0] ;                             /* 0x00007400ff0e77ac */
                                                                                          /* 0x002e620008000800 */
        /*0340*/                   LDCU UR9, c[0x0][0x398] ;                              /* 0x00007300ff0977ac */
                                                                                          /* 0x004ea20008000800 */
        /*0350*/                   IMAD.SHL.U32 R14, R0, 0x4, RZ ;                        /* 0x00000004000e7824 */
                                                                                          /* 0x001fca00078e00ff */
        /*0360*/                   LOP3.LUT R14, R14, 0xc, RZ, 0xc0, !PT ;                /* 0x0000000c0e0e7812 */
                                                                                          /* 0x000fca00078ec0ff */
        /*0370*/                   IADD R7, R14, UR4 ;                                    /* 0x000000040e077c35 */
                                                                                          /* 0x000fca000f8e0000 */
        /*0380*/                   IADD R12, R7, 0x3 ;                                    /* 0x00000003070c7835 */
                                                                                          /* 0x000fca00078e0000 */
        /*0390*/                   ISETP.GE.AND P1, PT, R12, UR14, PT ;                   /* 0x0000000e0c007c0c */
                                                                                          /* 0x002fca000bf26270 */
        /*03a0*/                   ISETP.GE.OR P2, PT, R17, UR9, P1 ;                     /* 0x0000000911007c0c */
                                                                                          /* 0x004fda0008f46670 */
        /*03b0*/              @!P2 LDC.64 R12, c[0x0][0x380] ;                            /* 0x0000e000ff0cab82 */
                                                                                          /* 0x000e220000000a00 */
        /*03c0*/              @!P2 IADD R15, R2, R7 ;                                     /* 0x00000007020fa235 */
                                                                                          /* 0x000fca00078e0000 */
        /*03d0*/              @!P2 IMAD.WIDE.U32 R12, R15, 0x4, R12 ;                     /* 0x000000040f0ca825 */
                                                                                          /* 0x001fca00078e000c */
        /*03e0*/              @!P2 LDG.E.CONSTANT R15, desc[UR10][R12.64] ;               /* 0x0000000a0c0fa981 */
                                                                                          /* 0x000ea8000c1e9900 */
        /*03f0*/              @!P2 LDG.E.CONSTANT R27, desc[UR10][R12.64+0x4] ;           /* 0x0000040a0c1ba981 */
                                                                                          /* 0x000ee8000c1e9900 */
        /*0400*/              @!P2 LDG.E.CONSTANT R31, desc[UR10][R12.64+0x8] ;           /* 0x0000080a0c1fa981 */
                                                                                          /* 0x000f28000c1e9900 */
        /*0410*/              @!P2 LDG.E.CONSTANT R33, desc[UR10][R12.64+0xc] ;           /* 0x00000c0a0c21a981 */
                                                                                          /* 0x000f62000c1e9900 */
        /*0420*/                   UIADD3 UR5, UPT, UPT, UR4, 0x10, URZ ;                 /* 0x0000001004057890 */
                                                                                          /* 0x000fe2000fffe0ff */
        /*0430*/                   BSSY.RECONVERGENT B0, 0x7d0 ;                          /* 0x0000039000007945 */
                                                                                          /* 0x000fe60003800200 */
        /*0440*/                   UVIMNMX.S32 UR6, UR5, UR14, UPT ;                      /* 0x0000000e0506724a */
                                                                                          /* 0x000fe2000bfe0100 */
        /*0450*/                   UISETP.GE.AND UP1, UPT, UR5, UR14, UPT ;               /* 0x0000000e0500728c */
                                                                                          /* 0x000fc6000bf26270 */
        /*0460*/                   UIADD3 UR7, UPT, UPT, UR6, -UR4, URZ ;                 /* 0x8000000406077290 */
                                                                                          /* 0x000fc6000fffe0ff */
        /*0470*/                   UMOV UR6, UR4 ;                                        /* 0x0000000400067c82 */
                                                                                          /* 0x000fe20008000000 */
        /*0480*/                   UMOV UR4, UR5 ;                                        /* 0x0000000500047c82 */
                                                                                          /* 0x000fe20008000000 */
        /*0490*/              @!P2 STS [R18], R15 ;                                       /* 0x0000000f1200a388 */
                                                                                          /* 0x0041e80000000800 */
        /*04a0*/              @!P2 STS [R18+0x100], R27 ;                                 /* 0x0001001b1200a388 */
                                                                                          /* 0x0081e80000000800 */
        /*04b0*/              @!P2 STS [R18+0x200], R31 ;                                 /* 0x0002001f1200a388 */
                                                                                          /* 0x0101e80000000800 */
        /*04c0*/              @!P2 STS [R18+0x300], R33 ;                                 /* 0x000300211200a388 */
                                                                                          /* 0x0201e20000000800 */
        /*04d0*/              @!P2 BRA 0x7b0 ;                                            /* 0x0000000000b4a947 */
                                                                                          /* 0x000fea0003800000 */
        /*04e0*/                   ISETP.GE.AND P2, PT, R17, UR9, PT ;                    /* 0x0000000911007c0c */
                                                                                          /* 0x000fda000bf46270 */
        /*04f0*/               @P2 BRA 0x6d0 ;                                            /* 0x0000000000742947 */
                                                                                          /* 0x000fea0003800000 */
        /*0500*/                   ISETP.GE.AND P2, PT, R7, UR14, PT ;                    /* 0x0000000e07007c0c */
                                                                                          /* 0x000fe2000bf46270 */
        /*0510*/                   LDCU.64 UR12, c[0x0][0x380] ;                          /* 0x00007000ff0c77ac */
                                                                                          /* 0x000e620008000a00 */
        /*0520*/                   MOV R14, R2 ;                                          /* 0x00000002000e7202 */
                                                                                          /* 0x000fe20000000f00 */
        /*0530*/                   HFMA2 R15, -RZ, RZ, 0, 0 ;                             /* 0x00000000ff0f7431 */
                                                                                          /* 0x001fe200000001ff */
        /*0540*/                   MOV R32, R7 ;                                          /* 0x0000000700207202 */
                                                                                          /* 0x000fe20000000f00 */
        /*0550*/                   HFMA2 R33, -RZ, RZ, 0, 0 ;                             /* 0x00000000ff217431 */
                                                                                          /* 0x000fca00000001ff */
        /*0560*/                   IADD.64 R32, R14, R32 ;                                /* 0x000000200e207235 */
                                                                                          /* 0x000fe400078e0200 */
        /*0570*/                   IADD R14, R7.reuse, 0x1 ;                              /* 0x00000001070e7835 */
                                                                                          /* 0x040fe200078e0000 */
        /*0580*/              @!P2 LDC.64 R12, c[0x0][0x380] ;                            /* 0x0000e000ff0cab82 */
                                                                                          /* 0x000e220000000a00 */
        /*0590*/                   IADD R15, R7, 0x2 ;                                    /* 0x00000002070f7835 */
                                                                                          /* 0x000fe200078e0000 */
        /*05a0*/              @!P2 IADD R7, R2, R7 ;                                      /* 0x000000070207a235 */
                                                                                          /* 0x000fe400078e0000 */
        /*05b0*/                   ISETP.GE.AND P3, PT, R14, UR14, PT ;                   /* 0x0000000e0e007c0c */
                                                                                          /* 0x000fe4000bf66270 */
        /*05c0*/                   ISETP.GE.AND P4, PT, R15, UR14, PT ;                   /* 0x0000000e0f007c0c */
                                                                                          /* 0x000fe2000bf86270 */
        /*05d0*/                   LEA R14, P5, R32, UR12, 0x2 ;                          /* 0x0000000c200e7c11 */
                                                                                          /* 0x002fe2000f8a10ff */
        /*05e0*/                   HFMA2 R27, -RZ, RZ, 0, 0 ;                             /* 0x00000000ff1b7431 */
                                                                                          /* 0x000fe200000001ff */
        /*05f0*/                   MOV R31, RZ ;                                          /* 0x000000ff001f7202 */
                                                                                          /* 0x000fc40000000f00 */
        /*0600*/                   LEA.HI.X R15, R32, UR13, R33, 0x2, P5 ;                /* 0x0000000d200f7c11 */
                                                                                          /* 0x000fe2000a8f1421 */
        /*0610*/                   HFMA2 R33, -RZ, RZ, 0, 0 ;                             /* 0x00000000ff217431 */
                                                                                          /* 0x000fca00000001ff */
        /*0620*/              @!P3 LDG.E.CONSTANT R27, desc[UR10][R14.64+0x4] ;           /* 0x0000040a0e1bb981 */
                                                                                          /* 0x000ea8000c1e9900 */
        /*0630*/              @!P4 LDG.E.CONSTANT R31, desc[UR10][R14.64+0x8] ;           /* 0x0000080a0e1fc981 */
                                                                                          /* 0x000ee2000c1e9900 */
        /*0640*/              @!P2 IMAD.WIDE.U32 R12, R7, 0x4, R12 ;                      /* 0x00000004070ca825 */
                                                                                          /* 0x001fe200078e000c */
        /*0650*/                   MOV R7, RZ ;                                           /* 0x000000ff00077202 */
                                                                                          /* 0x000fe40000000f00 */
        /*0660*/              @!P1 LDG.E.CONSTANT R33, desc[UR10][R14.64+0xc] ;           /* 0x00000c0a0e219981 */
                                                                                          /* 0x000f28000c1e9900 */
        /*0670*/              @!P2 LDG.E.CONSTANT R7, desc[UR10][R12.64] ;                /* 0x0000000a0c07a981 */
                                                                                          /* 0x000f68000c1e9900 */
        /*0680*/                   STS [R18+0x100], R27 ;                                 /* 0x0001001b12007388 */
                                                                                          /* 0x0043e80000000800 */
        /*0690*/                   STS [R18+0x200], R31 ;                                 /* 0x0002001f12007388 */
                                                                                          /* 0x0083e80000000800 */
        /*06a0*/                   STS [R18+0x300], R33 ;                                 /* 0x0003002112007388 */
                                                                                          /* 0x0103e80000000800 */
        /*06b0*/                   STS [R18], R7 ;                                        /* 0x0000000712007388 */
                                                                                          /* 0x0203e20000000800 */
        /*06c0*/                   BRA 0x7b0 ;                                            /* 0x0000000000387947 */
                                                                                          /* 0x000fea0003800000 */
        /*06d0*/                   S2R R7, SR_TID.Y ;                                     /* 0x0000000000077919 */
                                                                                          /* 0x000e620000002200 */
        /*06e0*/                   S2UR UR8, SR_CgaCtaId ;                                /* 0x00000000000879c3 */
                                                                                          /* 0x000ea20000008800 */
        /*06f0*/                   UMOV UR5, 0x400 ;                                      /* 0x0000040000057882 */
                                                                                          /* 0x000fe20000000000 */
        /*0700*/                   IMAD.SHL.U32 R12, R0, 0x8, RZ ;                        /* 0x00000008000c7824 */
                                                                                          /* 0x000fe200078e00ff */
        /*0710*/                   STS [R18], RZ ;                                        /* 0x000000ff12007388 */
                                                                                          /* 0x0007e20000000800 */
        /*0720*/                   ULEA UR5, UR8, UR5, 0x18 ;                             /* 0x0000000508057291 */
                                                                                          /* 0x004fcc000f8ec0ff */
        /*0730*/                   LEA R14, R14, UR5, 0x8 ;                               /* 0x000000050e0e7c11 */
                                                                                          /* 0x000fe2000f8e40ff */
        /*0740*/                   IMAD R7, R7, 0x10, R0 ;                                /* 0x0000001007077824 */
                                                                                          /* 0x002fca00078e0200 */
        /*0750*/                   SHF.R.U32.HI R7, RZ, 0x2, R7 ;                         /* 0x00000002ff077819 */
                                                                                          /* 0x000fc80000011607 */
        /*0760*/                   LOP3.LUT R7, R7, 0x18, R12, 0x78, !PT ;                /* 0x0000001807077812 */
                                                                                          /* 0x000fca00078e780c */
        /*0770*/                   IMAD R7, R7, 0x4, R14 ;                                /* 0x0000000407077824 */
                                                                                          /* 0x000fca00078e020e */
        /*0780*/                   STS [R7+0x100], RZ ;                                   /* 0x000100ff07007388 */
                                                                                          /* 0x0007e80000000800 */
        /*0790*/                   STS [R7+0x200], RZ ;                                   /* 0x000200ff07007388 */
                                                                                          /* 0x0007e80000000800 */
        /*07a0*/                   STS [R7+0x300], RZ ;                                   /* 0x000300ff07007388 */
                                                                                          /* 0x0007e40000000800 */
        /*07b0*/                   NOP ;                                                  /* 0x0000000000007918 */
                                                                                          /* 0x000fe20000000000 */
        /*07c0*/                   BSYNC.RECONVERGENT B0 ;                                /* 0x0000000000007941 */
                                                                                          /* 0x000fea0003800200 */
        /*07d0*/                   S2R R7, SR_TID.Y ;                                     /* 0x0000000000077919 */
                                                                                          /* 0x00ae220000002200 */
        /*07e0*/                   BSSY.RECONVERGENT B0, 0xaf0 ;                          /* 0x0000030000007945 */
                                                                                          /* 0x000fe20003800200 */
        /*07f0*/                   IMAD R33, R7, 0x10, R0 ;                               /* 0x0000001007217824 */
                                                                                          /* 0x001fca00078e0200 */
        /*0800*/                   LEA.HI R33, R33, UR6, RZ, 0x1c ;                       /* 0x0000000621217c11 */
                                                                                          /* 0x000fca000f8fe0ff */
        /*0810*/                   ISETP.GE.OR P1, PT, R33.reuse, UR14, P0 ;              /* 0x0000000e21007c0c */
                                                                                          /* 0x040fe20008726670 */
        /*0820*/                   ISETP.GE.AND P2, PT, R33, UR14, PT ;                   /* 0x0000000e21007c0c */
                                                                                          /* 0x000fd8000bf46270 */
        /*0830*/               @P1 BRA 0x8b0 ;                                            /* 0x00000000001c1947 */
                                                                                          /* 0x000fea0003800000 */
        /*0840*/                   LDC.64 R12, c[0x0][0x388] ;                            /* 0x0000e200ff0c7b82 */
                                                                                          /* 0x000e220000000a00 */
        /*0850*/                   LDCU UR5, c[0x0][0x39c] ;                              /* 0x00007380ff0577ac */
                                                                                          /* 0x000e640008000800 */
        /*0860*/                   IMAD R15, R33, UR5, R10 ;                              /* 0x00000005210f7c24 */
                                                                                          /* 0x002fc8000f8e020a */
        /*0870*/                   IMAD.WIDE R12, R15, 0x4, R12 ;                         /* 0x000000040f0c7825 */
                                                                                          /* 0x001fcc00078e020c */
        /*0880*/                   LDG.E.128.CONSTANT R12, desc[UR10][R12.64] ;           /* 0x0000000a0c0c7981 */
                                                                                          /* 0x000ea8000c1e9d00 */
        /*0890*/                   STS.128 [R19], R12 ;                                   /* 0x0000000c13007388 */
                                                                                          /* 0x0041e20000000c00 */
        /*08a0*/                   BRA 0xad0 ;                                            /* 0x0000000000887947 */
                                                                                          /* 0x000fea0003800000 */
        /*08b0*/               @P2 BRA 0xac0 ;                                            /* 0x0000000000802947 */
                                                                                          /* 0x000fea0003800000 */
        /*08c0*/                   LDCU UR5, c[0x0][0x39c] ;                              /* 0x00007380ff0577ac */
                                                                                          /* 0x000e220008000800 */
        /*08d0*/                   MOV R12, R10 ;                                         /* 0x0000000a000c7202 */
                                                                                          /* 0x000fe20000000f00 */
        /*08e0*/                   HFMA2 R13, -RZ, RZ, 0, 0 ;                             /* 0x00000000ff0d7431 */
                                                                                          /* 0x000fe200000001ff */
        /*08f0*/                   IADD R27, R10.reuse, 0x1 ;                             /* 0x000000010a1b7835 */
                                                                                          /* 0x040fe200078e0000 */
        /*0900*/                   LDCU.64 UR8, c[0x0][0x388] ;                           /* 0x00007100ff0877ac */
                                                                                          /* 0x000e620008000a00 */
        /*0910*/                   IADD R31, R10.reuse, 0x2 ;                             /* 0x000000020a1f7835 */
                                                                                          /* 0x040fe200078e0000 */
        /*0920*/                   MOV R34, RZ ;                                          /* 0x000000ff00227202 */
                                                                                          /* 0x000fe20000000f00 */
        /*0930*/                   ISETP.GE.AND P1, PT, R10, UR5, PT ;                    /* 0x000000050a007c0c */
                                                                                          /* 0x001fe2000bf26270 */
        /*0940*/                   IMAD R32, R33, UR5, RZ ;                               /* 0x0000000521207c24 */
                                                                                          /* 0x000fe2000f8e02ff */
        /*0950*/                   ISETP.GE.AND P2, PT, R27, UR5, PT ;                    /* 0x000000051b007c0c */
                                                                                          /* 0x000fe2000bf46270 */
        /*0960*/                   ISETP.GE.AND P3, PT, R31, UR5, PT ;                    /* 0x000000051f007c0c */
                                                                                          /* 0x000fc6000bf66270 */
        /*0970*/                   SHF.R.S32.HI R33, RZ, 0x1f, R32 ;                      /* 0x0000001fff217819 */
                                                                                          /* 0x000fca0000011420 */
        /*0980*/                   IADD.64 R12, R12, R32 ;                                /* 0x000000200c0c7235 */
                                                                                          /* 0x000fe400078e0200 */
        /*0990*/              @!P1 LDC.64 R14, c[0x0][0x388] ;                            /* 0x0000e200ff0e9b82 */
                                                                                          /* 0x000e220000000a00 */
        /*09a0*/              @!P1 IADD R33, R10.reuse, R32 ;                             /* 0x000000200a219235 */
                                                                                          /* 0x040fe200078e0000 */
        /*09b0*/                   IADD R32, R10, 0x3 ;                                   /* 0x000000030a207835 */
                                                                                          /* 0x000fca00078e0000 */
        /*09c0*/                   ISETP.GE.AND P0, PT, R32, UR5, PT ;                    /* 0x0000000520007c0c */
                                                                                          /* 0x000fe2000bf06270 */
        /*09d0*/                   MOV R36, RZ ;                                          /* 0x000000ff00247202 */
                                                                                          /* 0x000fe20000000f00 */
        /*09e0*/              @!P1 IMAD.WIDE R32, R33, 0x4, R14 ;                         /* 0x0000000421209825 */
                                                                                          /* 0x001fe200078e020e */
        /*09f0*/                   LEA R14, P4, R12, UR8, 0x2 ;                           /* 0x000000080c0e7c11 */
                                                                                          /* 0x002fc8000f8810ff */
        /*0a00*/                   LEA.HI.X R15, R12, UR9, R13, 0x2, P4 ;                 /* 0x000000090c0f7c11 */
                                                                                          /* 0x000fe2000a0f140d */
        /*0a10*/                   HFMA2 R12, -RZ, RZ, 0, 0 ;                             /* 0x00000000ff0c7431 */
                                                                                          /* 0x000fe200000001ff */
        /*0a20*/              @!P1 LDG.E.CONSTANT R34, desc[UR10][R32.64] ;               /* 0x0000000a20229981 */
                                                                                          /* 0x000ea2000c1e9900 */
        /*0a30*/                   HFMA2 R13, -RZ, RZ, 0, 0 ;                             /* 0x00000000ff0d7431 */
                                                                                          /* 0x000fc600000001ff */
        /*0a40*/              @!P3 LDG.E.CONSTANT R36, desc[UR10][R14.64+0x8] ;           /* 0x0000080a0e24b981 */
                                                                                          /* 0x000ee8000c1e9900 */
        /*0a50*/              @!P2 LDG.E.CONSTANT R12, desc[UR10][R14.64+0x4] ;           /* 0x0000040a0e0ca981 */
                                                                                          /* 0x000f28000c1e9900 */
        /*0a60*/              @!P0 LDG.E.CONSTANT R13, desc[UR10][R14.64+0xc] ;           /* 0x00000c0a0e0d8981 */
                                                                                          /* 0x000f68000c1e9900 */
        /*0a70*/                   STS [R19], R34 ;                                       /* 0x0000002213007388 */
                                                                                          /* 0x0043e80000000800 */
        /*0a80*/                   STS [R19+0x8], R36 ;                                   /* 0x0000082413007388 */
                                                                                          /* 0x0083e80000000800 */
        /*0a90*/                   STS [R19+0x4], R12 ;                                   /* 0x0000040c13007388 */
                                                                                          /* 0x0103e80000000800 */
        /*0aa0*/                   STS [R19+0xc], R13 ;                                   /* 0x00000c0d13007388 */
                                                                                          /* 0x0203e20000000800 */
        /*0ab0*/                   BRA 0xad0 ;                                            /* 0x0000000000047947 */
                                                                                          /* 0x000fea0003800000 */
        /*0ac0*/                   STS.128 [R19], RZ ;                                    /* 0x000000ff13007388 */
                                                                                          /* 0x0005e40000000c00 */
        /*0ad0*/                   NOP ;                                                  /* 0x0000000000007918 */
                                                                                          /* 0x000fe20000000000 */
        /*0ae0*/                   BSYNC.RECONVERGENT B0 ;                                /* 0x0000000000007941 */
                                                                                          /* 0x000fea0003800200 */
        /*0af0*/                   BAR.SYNC.DEFER_BLOCKING 0x0 ;                          /* 0x0000000000007b1d */
                                                                                          /* 0x000fe20000010000 */
        /*0b00*/                   UISETP.GE.AND UP0, UPT, UR7, 0x1, UPT ;                /* 0x000000010700788c */
                                                                                          /* 0x000fd2000bf06270 */
        /*0b10*/                   BRA.U !UP0, 0x1b10 ;                                   /* 0x0000000d08fc7547 */
                                                                                          /* 0x000fea000b800000 */
        /*0b20*/                   S2UR UR8, SR_CgaCtaId ;                                /* 0x00000000000879c3 */
                                                                                          /* 0x000ee20000008800 */
        /*0b30*/                   UMOV UR6, 0x400 ;                                      /* 0x0000040000067882 */
                                                                                          /* 0x000fe20000000000 */
        /*0b40*/                   UISETP.GT.AND UP2, UPT, UR7, 0x3, UPT ;                /* 0x000000030700788c */
                                                                                          /* 0x000fe2000bf44270 */
        /*0b50*/                   UIADD3 UR5, UPT, UPT, UR6, 0x1000, URZ ;               /* 0x0000100006057890 */
                                                                                          /* 0x000fe2000fffe0ff */
        /*0b60*/                   HFMA2 R31, -RZ, RZ, 0, 0 ;                             /* 0x00000000ff1f7431 */
                                                                                          /* 0x000fe200000001ff */
        /*0b70*/                   UPLOP3.LUT UP0, UPT, UPT, UPT, UPT, 0x80, 0x8 ;        /* 0x000000000008789c */
                                                                                          /* 0x000fe40003f0f070 */
        /*0b80*/                   ULEA UR9, UR8, UR5, 0x18 ;                             /* 0x0000000508097291 */
                                                                                          /* 0x008fe2000f8ec0ff */
        /*0b90*/                   ULEA UR6, UR8, UR6, 0x18 ;                             /* 0x0000000608067291 */
                                                                                          /* 0x000fe4000f8ec0ff */
        /*0ba0*/                   UMOV UR5, URZ ;                                        /* 0x000000ff00057c82 */
                                                                                          /* 0x000fc60008000000 */
        /*0bb0*/                   LEA R27, R0, UR9, 0x4 ;                                /* 0x00000009001b7c11 */
                                                                                          /* 0x000fca000f8e20ff */
        /*0bc0*/                   IADD R27, R27, 0x8 ;                                   /* 0x000000081b1b7835 */
                                                                                          /* 0x000fe200078e0000 */
        /*0bd0*/                   BRA.U !UP2, 0x1460 ;                                   /* 0x000000090a207547 */
                                                                                          /* 0x000fec000b800000 */
        /*0be0*/                   IADD R34, R16.reuse, 0x2 ;                             /* 0x0000000210227835 */
                                                                                          /* 0x042fe200078e0000 */
        /*0bf0*/                   IADD R32, R16, 0x3 ;                                   /* 0x0000000310207835 */
                                                                                          /* 0x000fe200078e0000 */
        /*0c00*/                   UIADD3 UR8, UPT, UPT, UR7, -0x3, URZ ;                 /* 0xfffffffd07087890 */
                                                                                          /* 0x000fe2000fffe0ff */
        /*0c10*/                   UPLOP3.LUT UP0, UPT, UPT, UPT, UPT, 0x40, 0x4 ;        /* 0x000000000004789c */
                                                                                          /* 0x005fd60003f0e870 */
        /*0c20*/                   LOP3.LUT R12, R16, 0x18, R31.reuse, 0x78, !PT ;        /* 0x00000018100c7812 */
                                                                                          /* 0x100fe200078e781f */
        /*0c30*/                   LDS.64 R14, [R27] ;                                    /* 0x000000001b0e7984 */
                                                                                          /* 0x000fe20000000a00 */
        /*0c40*/                   LOP3.LUT R35, R20, 0x18, R31.reuse, 0x78, !PT ;        /* 0x0000001814237812 */
                                                                                          /* 0x100fe200078e781f */
        /*0c50*/                   UIADD3 UR5, UPT, UPT, UR5, 0x4, URZ ;                  /* 0x0000000405057890 */
                                                                                          /* 0x000fe2000fffe0ff */
        /*0c60*/                   LEA R33, R12, UR6, 0x2 ;                               /* 0x000000060c217c11 */
                                                                                          /* 0x000fe4000f8e10ff */
        /*0c70*/                   LDS.64 R12, [R27+-0x8] ;                               /* 0xfffff8001b0c7984 */
                                                                                          /* 0x000fe20000000a00 */
        /*0c80*/                   LEA R35, R35, UR6, 0x2 ;                               /* 0x0000000623237c11 */
                                                                                          /* 0x000fe2000f8e10ff */
        /*0c90*/                   UISETP.GE.AND UP2, UPT, UR5, UR8, UPT ;                /* 0x000000080500728c */
                                                                                          /* 0x000fe4000bf46270 */
        /*0ca0*/                   LDS R36, [R33] ;                                       /* 0x0000000021247984 */
                                                                                          /* 0x0000680000000800 */
        /*0cb0*/                   LDS R35, [R35] ;                                       /* 0x0000000023237984 */
                                                                                          /* 0x000ea20000000800 */
        /*0cc0*/                   LOP3.LUT R33, R34, 0x18, R31, 0x78, !PT ;              /* 0x0000001822217812 */
                                                                                          /* 0x001fe200078e781f */
        /*0cd0*/                   FFMA.FTZ R5, R36.reuse, R12, R5 ;                      /* 0x0000000c24057223 */
                                                                                          /* 0x042fe20000010005 */
        /*0ce0*/                   FFMA.FTZ R4, R36.reuse, R13, R4 ;                      /* 0x0000000d24047223 */
                                                                                          /* 0x040fe20000010004 */
        /*0cf0*/                   FFMA.FTZ R9, R36.reuse, R14, R9 ;                      /* 0x0000000e24097223 */
                                                                                          /* 0x040fe20000010009 */
        /*0d00*/                   FFMA.FTZ R6, R36, R15, R6 ;                            /* 0x0000000f24067223 */
                                                                                          /* 0x000fe20000010006 */
        /*0d10*/                   LEA R36, R33, UR6, 0x2 ;                               /* 0x0000000621247c11 */
                                                                                          /* 0x000fe2000f8e10ff */
        /*0d20*/                   FFMA.FTZ R3, R12, R35, R3 ;                            /* 0x000000230c037223 */
                                                                                          /* 0x004fe20000010003 */
        /*0d30*/                   FFMA.FTZ R8, R35.reuse, R13, R8 ;                      /* 0x0000000d23087223 */
                                                                                          /* 0x040fe20000010008 */
        /*0d40*/                   FFMA.FTZ R11, R14, R35, R11 ;                          /* 0x000000230e0b7223 */
                                                                                          /* 0x000fe2000001000b */
        /*0d50*/                   FFMA.FTZ R22, R35, R15, R22 ;                          /* 0x0000000f23167223 */
                                                                                          /* 0x000fe20000010016 */
        /*0d60*/                   LDS R33, [R36] ;                                       /* 0x0000000024217984 */
                                                                                          /* 0x000e240000000800 */
        /*0d70*/                   FFMA.FTZ R21, R12, R33, R21 ;                          /* 0x000000210c157223 */
                                                                                          /* 0x001fe20000010015 */
        /*0d80*/                   FFMA.FTZ R24, R33.reuse, R13, R24 ;                    /* 0x0000000d21187223 */
                                                                                          /* 0x040fe20000010018 */
        /*0d90*/                   FFMA.FTZ R23, R14, R33, R23 ;                          /* 0x000000210e177223 */
                                                                                          /* 0x000fe20000010017 */
        /*0da0*/                   FFMA.FTZ R26, R33, R15, R26 ;                          /* 0x0000000f211a7223 */
                                                                                          /* 0x000fe2000001001a */
        /*0db0*/                   LOP3.LUT R33, R32, 0x18, R31, 0x78, !PT ;              /* 0x0000001820217812 */
                                                                                          /* 0x000fc800078e781f */
        /*0dc0*/                   LEA R35, R33, UR6, 0x2 ;                               /* 0x0000000621237c11 */
                                                                                          /* 0x000fcc000f8e10ff */
        /*0dd0*/                   LDS R35, [R35] ;                                       /* 0x0000000023237984 */
                                                                                          /* 0x000e240000000800 */
        /*0de0*/                   FFMA.FTZ R33, R12, R35, R25 ;                          /* 0x000000230c217223 */
                                                                                          /* 0x001fe20000010019 */
        /*0df0*/                   IADD R25, R31, 0x2 ;                                   /* 0x000000021f197835 */
                                                                                          /* 0x000fe200078e0000 */
        /*0e00*/                   FFMA.FTZ R28, R35.reuse, R13, R28 ;                    /* 0x0000000d231c7223 */
                                                                                          /* 0x040fe2000001001c */
        /*0e10*/                   FFMA.FTZ R29, R14, R35, R29 ;                          /* 0x000000230e1d7223 */
                                                                                          /* 0x000fe2000001001d */
        /*0e20*/                   FFMA.FTZ R30, R35, R15, R30 ;                          /* 0x0000000f231e7223 */
                                                                                          /* 0x000fe4000001001e */
        /*0e30*/                   LOP3.LUT R25, R25, 0x18, RZ, 0xc0, !PT ;               /* 0x0000001819197812 */
                                                                                          /* 0x000fe200078ec0ff */
        /*0e40*/                   LDS.64 R14, [R27+0x100] ;                              /* 0x000100001b0e7984 */
                                                                                          /* 0x000fe60000000a00 */
        /*0e50*/                   LOP3.LUT R35, R20, R25, RZ, 0x3c, !PT ;                /* 0x0000001914237212 */
                                                                                          /* 0x000fc400078e3cff */
        /*0e60*/                   LOP3.LUT R12, R16, R25, RZ, 0x3c, !PT ;                /* 0x00000019100c7212 */
                                                                                          /* 0x000fe400078e3cff */
        /*0e70*/                   LEA R37, R35, UR6, 0x2 ;                               /* 0x0000000623257c11 */
                                                                                          /* 0x000fe4000f8e10ff */
        /*0e80*/                   LEA R36, R12, UR6, 0x2 ;                               /* 0x000000060c247c11 */
                                                                                          /* 0x000fe4000f8e10ff */
        /*0e90*/                   LDS.64 R12, [R27+0xf8] ;                               /* 0x0000f8001b0c7984 */
                                                                                          /* 0x000fe80000000a00 */
        /*0ea0*/                   LDS R35, [R37+0x100] ;                                 /* 0x0001000025237984 */
                                                                                          /* 0x000e280000000800 */
        /*0eb0*/                   LDS R36, [R36+0x100] ;                                 /* 0x0001000024247984 */
                                                                                          /* 0x000e620000000800 */
        /*0ec0*/                   FFMA.FTZ R3, R12, R35, R3 ;                            /* 0x000000230c037223 */
                                                                                          /* 0x001fe20000010003 */
        /*0ed0*/                   FFMA.FTZ R8, R35.reuse, R13, R8 ;                      /* 0x0000000d23087223 */
                                                                                          /* 0x040fe20000010008 */
        /*0ee0*/                   FFMA.FTZ R11, R14, R35, R11 ;                          /* 0x000000230e0b7223 */
                                                                                          /* 0x000fe2000001000b */
        /*0ef0*/                   FFMA.FTZ R22, R35, R15, R22 ;                          /* 0x0000000f23167223 */
                                                                                          /* 0x000fe20000010016 */
        /*0f00*/                   LOP3.LUT R35, R34, R25, RZ, 0x3c, !PT ;                /* 0x0000001922237212 */
                                                                                          /* 0x000fe200078e3cff */
        /*0f10*/                   FFMA.FTZ R5, R36.reuse, R12, R5 ;                      /* 0x0000000c24057223 */
                                                                                          /* 0x042fe20000010005 */
        /*0f20*/                   FFMA.FTZ R4, R36.reuse, R13, R4 ;                      /* 0x0000000d24047223 */
                                                                                          /* 0x040fe20000010004 */
        /*0f30*/                   FFMA.FTZ R9, R36.reuse, R14, R9 ;                      /* 0x0000000e24097223 */
                                                                                          /* 0x040fe20000010009 */
        /*0f40*/                   FFMA.FTZ R6, R36, R15, R6 ;                            /* 0x0000000f24067223 */
                                                                                          /* 0x000fe20000010006 */
        /*0f50*/                   LEA R36, R35, UR6, 0x2 ;                               /* 0x0000000623247c11 */
                                                                                          /* 0x000fc4000f8e10ff */
        /*0f60*/                   LOP3.LUT R25, R32, R25, RZ, 0x3c, !PT ;                /* 0x0000001920197212 */
                                                                                          /* 0x000fc600078e3cff */
        /*0f70*/                   LDS R35, [R36+0x100] ;                                 /* 0x0001000024237984 */
                                                                                          /* 0x000e240000000800 */
        /*0f80*/                   FFMA.FTZ R21, R12, R35, R21 ;                          /* 0x000000230c157223 */
                                                                                          /* 0x001fe20000010015 */
        /*0f90*/                   FFMA.FTZ R24, R35.reuse, R13, R24 ;                    /* 0x0000000d23187223 */
                                                                                          /* 0x040fe20000010018 */
        /*0fa0*/                   FFMA.FTZ R23, R14, R35, R23 ;                          /* 0x000000230e177223 */
                                                                                          /* 0x000fe20000010017 */
        /*0fb0*/                   FFMA.FTZ R26, R35, R15, R26 ;                          /* 0x0000000f231a7223 */
                                                                                          /* 0x000fe2000001001a */
        /*0fc0*/                   LEA R35, R25, UR6, 0x2 ;                               /* 0x0000000619237c11 */
                                                                                          /* 0x000fe2000f8e10ff */
        /*0fd0*/                   IADD R25, R31, 0x4 ;                                   /* 0x000000041f197835 */
                                                                                          /* 0x000fca00078e0000 */
        /*0fe0*/                   LDS R35, [R35+0x100] ;                                 /* 0x0001000023237984 */
                                                                                          /* 0x000e220000000800 */
        /*0ff0*/                   LOP3.LUT R25, R25, 0x18, RZ, 0xc0, !PT ;               /* 0x0000001819197812 */
                                                                                          /* 0x000fe200078ec0ff */
        /*1000*/                   FFMA.FTZ R33, R12, R35, R33 ;                          /* 0x000000230c217223 */
                                                                                          /* 0x001fe20000010021 */
        /*1010*/                   FFMA.FTZ R28, R35.reuse, R13, R28 ;                    /* 0x0000000d231c7223 */
                                                                                          /* 0x040fe2000001001c */
        /*1020*/                   FFMA.FTZ R29, R14, R35, R29 ;                          /* 0x000000230e1d7223 */
                                                                                          /* 0x000fe2000001001d */
        /*1030*/                   FFMA.FTZ R30, R35, R15, R30 ;                          /* 0x0000000f231e7223 */
                                                                                          /* 0x000fe2000001001e */
        /*1040*/                   LOP3.LUT R35, R20, R25.reuse, RZ, 0x3c, !PT ;          /* 0x0000001914237212 */
                                                                                          /* 0x080fe200078e3cff */
        /*1050*/                   LDS.64 R14, [R27+0x200] ;                              /* 0x000200001b0e7984 */
                                                                                          /* 0x000fe20000000a00 */
        /*1060*/                   LOP3.LUT R12, R16, R25, RZ, 0x3c, !PT ;                /* 0x00000019100c7212 */
                                                                                          /* 0x000fe400078e3cff */
        /*1070*/                   LEA R37, R35, UR6, 0x2 ;                               /* 0x0000000623257c11 */
                                                                                          /* 0x000fc4000f8e10ff */
        /*1080*/                   LEA R36, R12, UR6, 0x2 ;                               /* 0x000000060c247c11 */
                                                                                          /* 0x000fe4000f8e10ff */
        /*1090*/                   LDS.64 R12, [R27+0x1f8] ;                              /* 0x0001f8001b0c7984 */
                                                                                          /* 0x000fe80000000a00 */
        /*10a0*/                   LDS R35, [R37+0x200] ;                                 /* 0x0002000025237984 */
                                                                                          /* 0x000e280000000800 */
        /*10b0*/                   LDS R36, [R36+0x200] ;                                 /* 0x0002000024247984 */
                                                                                          /* 0x000e620000000800 */
        /*10c0*/                   FFMA.FTZ R3, R12, R35, R3 ;                            /* 0x000000230c037223 */
                                                                                          /* 0x001fe20000010003 */
        /*10d0*/                   FFMA.FTZ R8, R35.reuse, R13, R8 ;                      /* 0x0000000d23087223 */
                                                                                          /* 0x040fe20000010008 */
        /*10e0*/                   FFMA.FTZ R11, R14, R35, R11 ;                          /* 0x000000230e0b7223 */
                                                                                          /* 0x000fe2000001000b */
        /*10f0*/                   FFMA.FTZ R22, R35, R15, R22 ;                          /* 0x0000000f23167223 */
                                                                                          /* 0x000fe20000010016 */
        /*1100*/                   LOP3.LUT R35, R34, R25, RZ, 0x3c, !PT ;                /* 0x0000001922237212 */
                                                                                          /* 0x000fe200078e3cff */
        /*1110*/                   FFMA.FTZ R5, R36.reuse, R12, R5 ;                      /* 0x0000000c24057223 */
                                                                                          /* 0x042fe20000010005 */
        /*1120*/                   FFMA.FTZ R4, R36.reuse, R13, R4 ;                      /* 0x0000000d24047223 */
                                                                                          /* 0x040fe20000010004 */
        /*1130*/                   FFMA.FTZ R9, R36.reuse, R14, R9 ;                      /* 0x0000000e24097223 */
                                                                                          /* 0x040fe20000010009 */
        /*1140*/                   FFMA.FTZ R6, R36, R15, R6 ;                            /* 0x0000000f24067223 */
                                                                                          /* 0x000fe20000010006 */
        /*1150*/                   LEA R36, R35, UR6, 0x2 ;                               /* 0x0000000623247c11 */
                                                                                          /* 0x000fc4000f8e10ff */
        /*1160*/                   LOP3.LUT R25, R32, R25, RZ, 0x3c, !PT ;                /* 0x0000001920197212 */
                                                                                          /* 0x000fc600078e3cff */
        /*1170*/                   LDS R35, [R36+0x200] ;                                 /* 0x0002000024237984 */
                                                                                          /* 0x000e240000000800 */
        /*1180*/                   FFMA.FTZ R21, R12, R35, R21 ;                          /* 0x000000230c157223 */
                                                                                          /* 0x001fe20000010015 */
        /*1190*/                   FFMA.FTZ R24, R35.reuse, R13, R24 ;                    /* 0x0000000d23187223 */
                                                                                          /* 0x040fe20000010018 */
        /*11a0*/                   FFMA.FTZ R23, R14, R35, R23 ;                          /* 0x000000230e177223 */
                                                                                          /* 0x000fe20000010017 */
        /*11b0*/                   FFMA.FTZ R26, R35, R15, R26 ;                          /* 0x0000000f231a7223 */
                                                                                          /* 0x000fe2000001001a */
        /*11c0*/                   LEA R35, R25, UR6, 0x2 ;                               /* 0x0000000619237c11 */
                                                                                          /* 0x000fe2000f8e10ff */
        /*11d0*/                   IADD R25, R31.reuse, 0x6 ;                             /* 0x000000061f197835 */
                                                                                          /* 0x040fe200078e0000 */
        /*11e0*/                   IADD R31, R31, 0x8 ;                                   /* 0x000000081f1f7835 */
                                                                                          /* 0x000fc800078e0000 */
        /*11f0*/                   LDS R35, [R35+0x200] ;                                 /* 0x0002000023237984 */
                                                                                          /* 0x000e220000000800 */
        /*1200*/                   LOP3.LUT R25, R25, 0x18, RZ, 0xc0, !PT ;               /* 0x0000001819197812 */
                                                                                          /* 0x000fe200078ec0ff */
        /*1210*/                   FFMA.FTZ R33, R12, R35, R33 ;                          /* 0x000000230c217223 */
                                                                                          /* 0x001fe20000010021 */
        /*1220*/                   FFMA.FTZ R28, R35.reuse, R13, R28 ;                    /* 0x0000000d231c7223 */
                                                                                          /* 0x040fe2000001001c */
        /*1230*/                   FFMA.FTZ R29, R14, R35, R29 ;                          /* 0x000000230e1d7223 */
                                                                                          /* 0x000fe2000001001d */
        /*1240*/                   FFMA.FTZ R30, R35, R15, R30 ;                          /* 0x0000000f231e7223 */
                                                                                          /* 0x000fe2000001001e */
        /*1250*/                   LOP3.LUT R35, R20, R25.reuse, RZ, 0x3c, !PT ;          /* 0x0000001914237212 */
                                                                                          /* 0x080fe200078e3cff */
        /*1260*/                   LDS.64 R14, [R27+0x300] ;                              /* 0x000300001b0e7984 */
                                                                                          /* 0x000fe20000000a00 */
        /*1270*/                   LOP3.LUT R12, R16, R25, RZ, 0x3c, !PT ;                /* 0x00000019100c7212 */
                                                                                          /* 0x000fe400078e3cff */
        /*1280*/                   LEA R37, R35, UR6, 0x2 ;                               /* 0x0000000623257c11 */
                                                                                          /* 0x000fc4000f8e10ff */
        /*1290*/                   LEA R36, R12, UR6, 0x2 ;                               /* 0x000000060c247c11 */
                                                                                          /* 0x000fe4000f8e10ff */
        /*12a0*/                   LDS.64 R12, [R27+0x2f8] ;                              /* 0x0002f8001b0c7984 */
                                                                                          /* 0x0001e80000000a00 */
        /*12b0*/                   LDS R35, [R37+0x300] ;                                 /* 0x0003000025237984 */
                                                                                          /* 0x000e680000000800 */
        /*12c0*/                   LDS R36, [R36+0x300] ;                                 /* 0x0003000024247984 */
                                                                                          /* 0x000ea20000000800 */
        /*12d0*/                   IADD R27, R27, 0x400 ;                                 /* 0x000004001b1b7835 */
                                                                                          /* 0x001fe200078e0000 */
        /*12e0*/                   FFMA.FTZ R3, R12, R35, R3 ;                            /* 0x000000230c037223 */
                                                                                          /* 0x002fe20000010003 */
        /*12f0*/                   FFMA.FTZ R8, R35.reuse, R13, R8 ;                      /* 0x0000000d23087223 */
                                                                                          /* 0x040fe20000010008 */
        /*1300*/                   FFMA.FTZ R11, R14, R35, R11 ;                          /* 0x000000230e0b7223 */
                                                                                          /* 0x000fe2000001000b */
        /*1310*/                   FFMA.FTZ R22, R35, R15, R22 ;                          /* 0x0000000f23167223 */
                                                                                          /* 0x000fe20000010016 */
        /*1320*/                   LOP3.LUT R35, R34, R25, RZ, 0x3c, !PT ;                /* 0x0000001922237212 */
                                                                                          /* 0x000fe200078e3cff */
        /*1330*/                   FFMA.FTZ R5, R36.reuse, R12, R5 ;                      /* 0x0000000c24057223 */
                                                                                          /* 0x044fe20000010005 */
        /*1340*/                   FFMA.FTZ R4, R36.reuse, R13, R4 ;                      /* 0x0000000d24047223 */
                                                                                          /* 0x040fe20000010004 */
        /*1350*/                   FFMA.FTZ R9, R36.reuse, R14, R9 ;                      /* 0x0000000e24097223 */
                                                                                          /* 0x040fe20000010009 */
        /*1360*/                   FFMA.FTZ R6, R36, R15, R6 ;                            /* 0x0000000f24067223 */
                                                                                          /* 0x000fe20000010006 */
        /*1370*/                   LEA R36, R35, UR6, 0x2 ;                               /* 0x0000000623247c11 */
                                                                                          /* 0x000fc4000f8e10ff */
        /*1380*/                   LOP3.LUT R25, R32, R25, RZ, 0x3c, !PT ;                /* 0x0000001920197212 */
                                                                                          /* 0x000fc600078e3cff */
        /*1390*/                   LDS R35, [R36+0x300] ;                                 /* 0x0003000024237984 */
                                                                                          /* 0x000e240000000800 */
        /*13a0*/                   FFMA.FTZ R21, R12, R35, R21 ;                          /* 0x000000230c157223 */
                                                                                          /* 0x001fe20000010015 */
        /*13b0*/                   FFMA.FTZ R24, R35.reuse, R13, R24 ;                    /* 0x0000000d23187223 */
                                                                                          /* 0x040fe20000010018 */
        /*13c0*/                   FFMA.FTZ R23, R14, R35, R23 ;                          /* 0x000000230e177223 */
                                                                                          /* 0x000fe20000010017 */
        /*13d0*/                   FFMA.FTZ R26, R35, R15, R26 ;                          /* 0x0000000f231a7223 */
                                                                                          /* 0x000fe2000001001a */
        /*13e0*/                   LEA R35, R25, UR6, 0x2 ;                               /* 0x0000000619237c11 */
                                                                                          /* 0x000fe2000f8e10ff */
        /*13f0*/                   UIADD3 UR6, UPT, UPT, UR6, 0x400, URZ ;                /* 0x0000040006067890 */
                                                                                          /* 0x000fca000fffe0ff */
        /*1400*/                   LDS R35, [R35+0x300] ;                                 /* 0x0003000023237984 */
                                                                                          /* 0x000e240000000800 */
        /*1410*/                   FFMA.FTZ R25, R12, R35, R33 ;                          /* 0x000000230c197223 */
                                                                                          /* 0x001fe20000010021 */
        /*1420*/                   FFMA.FTZ R28, R35.reuse, R13, R28 ;                    /* 0x0000000d231c7223 */
                                                                                          /* 0x040fe2000001001c */
        /*1430*/                   FFMA.FTZ R29, R14, R35, R29 ;                          /* 0x000000230e1d7223 */
                                                                                          /* 0x000fe2000001001d */
        /*1440*/                   FFMA.FTZ R30, R35, R15, R30 ;                          /* 0x0000000f231e7223 */
                                                                                          /* 0x000fe2000001001e */
        /*1450*/                   BRA.U !UP2, 0xc20 ;                                    /* 0xfffffff50af07547 */
                                                                                          /* 0x000fec000b83ffff */
        /*1460*/                   UIADD3 UR8, UPT, UPT, UR7, -UR5, URZ ;                 /* 0x8000000507087290 */
                                                                                          /* 0x000fc8000fffe0ff */
        /*1470*/                   UISETP.GT.AND UP2, UPT, UR8, 0x1, UPT ;                /* 0x000000010800788c */
                                                                                          /* 0x000fd2000bf44270 */
        /*1480*/                   BRA.U !UP2, 0x18e0 ;                                   /* 0x000000050a147547 */
                                                                                          /* 0x000fea000b800000 */
        /*1490*/                   LOP3.LUT R12, R16, 0x18, R31.reuse, 0x78, !PT ;        /* 0x00000018100c7812 */
                                                                                          /* 0x103fe200078e781f */
        /*14a0*/                   LDS.64 R14, [R27] ;                                    /* 0x000000001b0e7984 */
                                                                                          /* 0x000fe20000000a00 */
        /*14b0*/                   LOP3.LUT R33, R20, 0x18, R31, 0x78, !PT ;              /* 0x0000001814217812 */
                                                                                          /* 0x000fe200078e781f */
        /*14c0*/                   UIADD3 UR5, UPT, UPT, UR5, 0x2, URZ ;                  /* 0x0000000205057890 */
                                                                                          /* 0x000fe2000fffe0ff */
        /*14d0*/                   LEA R32, R12, UR6, 0x2 ;                               /* 0x000000060c207c11 */
                                                                                          /* 0x000fe2000f8e10ff */
        /*14e0*/                   UPLOP3.LUT UP0, UPT, UPT, UPT, UPT, 0x40, 0x4 ;        /* 0x000000000004789c */
                                                                                          /* 0x000fe20003f0e870 */
        /*14f0*/                   LEA R35, R33, UR6, 0x2 ;                               /* 0x0000000621237c11 */
                                                                                          /* 0x000fe2000f8e10ff */
        /*1500*/                   LDS.64 R12, [R27+-0x8] ;                               /* 0xfffff8001b0c7984 */
                                                                                          /* 0x000fe20000000a00 */
        /*1510*/                   IADD R34, R16, 0x2 ;                                   /* 0x0000000210227835 */
                                                                                          /* 0x000fc600078e0000 */
        /*1520*/                   LDS R32, [R32] ;                                       /* 0x0000000020207984 */
                                                                                          /* 0x000e240000000800 */
        /*1530*/                   LOP3.LUT R33, R34, 0x18, R31, 0x78, !PT ;              /* 0x0000001822217812 */
                                                                                          /* 0x000fe400078e781f */
        /*1540*/                   LDS R35, [R35] ;                                       /* 0x0000000023237984 */
                                                                                          /* 0x000e640000000800 */
        /*1550*/                   LEA R33, R33, UR6, 0x2 ;                               /* 0x0000000621217c11 */
                                                                                          /* 0x000fcc000f8e10ff */
        /*1560*/                   LDS R33, [R33] ;                                       /* 0x0000000021217984 */
                                                                                          /* 0x000ee20000000800 */
        /*1570*/                   FFMA.FTZ R5, R32.reuse, R12, R5 ;                      /* 0x0000000c20057223 */
                                                                                          /* 0x041fe20000010005 */
        /*1580*/                   FFMA.FTZ R4, R32.reuse, R13, R4 ;                      /* 0x0000000d20047223 */
                                                                                          /* 0x040fe20000010004 */
        /*1590*/                   FFMA.FTZ R9, R32.reuse, R14, R9 ;                      /* 0x0000000e20097223 */
                                                                                          /* 0x040fe20000010009 */
        /*15a0*/                   FFMA.FTZ R6, R32, R15, R6 ;                            /* 0x0000000f20067223 */
                                                                                          /* 0x000fe20000010006 */
        /*15b0*/                   IADD R32, R16, 0x3 ;                                   /* 0x0000000310207835 */
                                                                                          /* 0x000fe200078e0000 */
        /*15c0*/                   FFMA.FTZ R3, R12, R35, R3 ;                            /* 0x000000230c037223 */
                                                                                          /* 0x002fe20000010003 */
        /*15d0*/                   FFMA.FTZ R8, R35.reuse, R13, R8 ;                      /* 0x0000000d23087223 */
                                                                                          /* 0x040fe20000010008 */
        /*15e0*/                   FFMA.FTZ R11, R14, R35, R11 ;                          /* 0x000000230e0b7223 */
                                                                                          /* 0x000fe2000001000b */
        /*15f0*/                   FFMA.FTZ R22, R35, R15, R22 ;                          /* 0x0000000f23167223 */
                                                                                          /* 0x000fe20000010016 */
        /*1600*/                   LOP3.LUT R35, R32, 0x18, R31, 0x78, !PT ;              /* 0x0000001820237812 */
                                                                                          /* 0x000fe200078e781f */
        /*1610*/                   FFMA.FTZ R21, R12, R33, R21 ;                          /* 0x000000210c157223 */
                                                                                          /* 0x008fc60000010015 */
        /*1620*/                   LEA R35, R35, UR6, 0x2 ;                               /* 0x0000000623237c11 */
                                                                                          /* 0x000fe2000f8e10ff */
        /*1630*/                   FFMA.FTZ R24, R33.reuse, R13, R24 ;                    /* 0x0000000d21187223 */
                                                                                          /* 0x040fe20000010018 */
        /*1640*/                   FFMA.FTZ R23, R14, R33, R23 ;                          /* 0x000000210e177223 */
                                                                                          /* 0x000fe20000010017 */
        /*1650*/                   FFMA.FTZ R26, R33, R15, R26 ;                          /* 0x0000000f211a7223 */
                                                                                          /* 0x000fe2000001001a */
        /*1660*/                   IADD R33, R31.reuse, 0x2 ;                             /* 0x000000021f217835 */
                                                                                          /* 0x040fe200078e0000 */
        /*1670*/                   IADD R31, R31, 0x4 ;                                   /* 0x000000041f1f7835 */
                                                                                          /* 0x000fe200078e0000 */
        /*1680*/                   LDS R35, [R35] ;                                       /* 0x0000000023237984 */
                                                                                          /* 0x000e260000000800 */
        /*1690*/                   LOP3.LUT R33, R33, 0x18, RZ, 0xc0, !PT ;               /* 0x0000001821217812 */
                                                                                          /* 0x000fc800078ec0ff */
        /*16a0*/                   LOP3.LUT R34, R34, R33.reuse, RZ, 0x3c, !PT ;          /* 0x0000002122227212 */
                                                                                          /* 0x080fe400078e3cff */
        /*16b0*/                   LOP3.LUT R32, R32, R33.reuse, RZ, 0x3c, !PT ;          /* 0x0000002120207212 */
                                                                                          /* 0x080fe400078e3cff */
        /*16c0*/                   LEA R37, R34, UR6, 0x2 ;                               /* 0x0000000622257c11 */
                                                                                          /* 0x000fe4000f8e10ff */
        /*16d0*/                   LOP3.LUT R34, R16, R33, RZ, 0x3c, !PT ;                /* 0x0000002110227212 */
                                                                                          /* 0x000fe400078e3cff */
        /*16e0*/                   LEA R32, R32, UR6, 0x2 ;                               /* 0x0000000620207c11 */
                                                                                          /* 0x000fe4000f8e10ff */
        /*16f0*/                   LEA R36, R34, UR6, 0x2 ;                               /* 0x0000000622247c11 */
                                                                                          /* 0x000fe2000f8e10ff */
        /*1700*/                   LDS R37, [R37+0x100] ;                                 /* 0x0001000025257984 */
                                                                                          /* 0x000fe80000000800 */
        /*1710*/                   LDS R34, [R36+0x100] ;                                 /* 0x0001000024227984 */
                                                                                          /* 0x000fe20000000800 */
        /*1720*/                   FFMA.FTZ R25, R12, R35, R25 ;                          /* 0x000000230c197223 */
                                                                                          /* 0x001fe20000010019 */
        /*1730*/                   FFMA.FTZ R28, R35.reuse, R13, R28 ;                    /* 0x0000000d231c7223 */
                                                                                          /* 0x040fe2000001001c */
        /*1740*/                   FFMA.FTZ R29, R14, R35, R29 ;                          /* 0x000000230e1d7223 */
                                                                                          /* 0x000fe2000001001d */
        /*1750*/                   FFMA.FTZ R30, R35, R15, R30 ;                          /* 0x0000000f231e7223 */
                                                                                          /* 0x000fe2000001001e */
        /*1760*/                   LDS.64 R12, [R27+0xf8] ;                               /* 0x0000f8001b0c7984 */
                                                                                          /* 0x000e280000000a00 */
        /*1770*/                   LDS.64 R14, [R27+0x100] ;                              /* 0x000100001b0e7984 */
                                                                                          /* 0x0002e40000000a00 */
        /*1780*/                   IADD R27, R27, 0x200 ;                                 /* 0x000002001b1b7835 */
                                                                                          /* 0x002fe200078e0000 */
        /*1790*/                   FFMA.FTZ R5, R34.reuse, R12, R5 ;                      /* 0x0000000c22057223 */
                                                                                          /* 0x041fe20000010005 */
        /*17a0*/                   FFMA.FTZ R4, R34, R13, R4 ;                            /* 0x0000000d22047223 */
                                                                                          /* 0x000fe20000010004 */
        /*17b0*/                   FFMA.FTZ R21, R12, R37, R21 ;                          /* 0x000000250c157223 */
                                                                                          /* 0x000fe20000010015 */
        /*17c0*/                   FFMA.FTZ R24, R37.reuse, R13, R24 ;                    /* 0x0000000d25187223 */
                                                                                          /* 0x040fe20000010018 */
        /*17d0*/                   FFMA.FTZ R9, R34.reuse, R14, R9 ;                      /* 0x0000000e22097223 */
                                                                                          /* 0x048fe20000010009 */
        /*17e0*/                   FFMA.FTZ R6, R34, R15, R6 ;                            /* 0x0000000f22067223 */
                                                                                          /* 0x000fe20000010006 */
        /*17f0*/                   LOP3.LUT R34, R20, R33, RZ, 0x3c, !PT ;                /* 0x0000002114227212 */
                                                                                          /* 0x000fe200078e3cff */
        /*1800*/                   FFMA.FTZ R23, R14, R37, R23 ;                          /* 0x000000250e177223 */
                                                                                          /* 0x000fe20000010017 */
        /*1810*/                   LDS R33, [R32+0x100] ;                                 /* 0x0001000020217984 */
                                                                                          /* 0x000e220000000800 */
        /*1820*/                   FFMA.FTZ R26, R37, R15, R26 ;                          /* 0x0000000f251a7223 */
                                                                                          /* 0x000fe2000001001a */
        /*1830*/                   LEA R34, R34, UR6, 0x2 ;                               /* 0x0000000622227c11 */
                                                                                          /* 0x000fe2000f8e10ff */
        /*1840*/                   UIADD3 UR6, UPT, UPT, UR6, 0x200, URZ ;                /* 0x0000020006067890 */
                                                                                          /* 0x000fc8000fffe0ff */
        /*1850*/                   LDS R35, [R34+0x100] ;                                 /* 0x0001000022237984 */
                                                                                          /* 0x000e620000000800 */
        /*1860*/                   FFMA.FTZ R25, R12, R33, R25 ;                          /* 0x000000210c197223 */
                                                                                          /* 0x001fe20000010019 */
        /*1870*/                   FFMA.FTZ R28, R33.reuse, R13, R28 ;                    /* 0x0000000d211c7223 */
                                                                                          /* 0x040fe2000001001c */
        /*1880*/                   FFMA.FTZ R29, R14, R33, R29 ;                          /* 0x000000210e1d7223 */
                                                                                          /* 0x000fe2000001001d */
        /*1890*/                   FFMA.FTZ R30, R33, R15, R30 ;                          /* 0x0000000f211e7223 */
                                                                                          /* 0x000fe2000001001e */
        /*18a0*/                   FFMA.FTZ R3, R12, R35, R3 ;                            /* 0x000000230c037223 */
                                                                                          /* 0x002fe20000010003 */
        /*18b0*/                   FFMA.FTZ R8, R35.reuse, R13, R8 ;                      /* 0x0000000d23087223 */
                                                                                          /* 0x040fe20000010008 */
        /*18c0*/                   FFMA.FTZ R11, R14, R35, R11 ;                          /* 0x000000230e0b7223 */
                                                                                          /* 0x000fe2000001000b */
        /*18d0*/                   FFMA.FTZ R22, R35, R15, R22 ;                          /* 0x0000000f23167223 */
                                                                                          /* 0x000fce0000010016 */
        /*18e0*/                   UISETP.LT.OR UP0, UPT, UR5, UR7, UP0 ;                 /* 0x000000070500728c */
                                                                                          /* 0x000fd20008701670 */
        /*18f0*/                   BRA.U !UP0, 0x1b10 ;                                   /* 0x0000000108847547 */
                                                                                          /* 0x000fea000b800000 */
        /*1900*/                   IADD R14, R16.reuse, 0x2 ;                             /* 0x00000002100e7835 */
                                                                                          /* 0x041fe200078e0000 */
        /*1910*/                   IADD R32, R16, 0x3 ;                                   /* 0x0000000310207835 */
                                                                                          /* 0x000fe200078e0000 */
        /*1920*/                   LOP3.LUT R31, R31, 0x18, RZ, 0xc0, !PT ;               /* 0x000000181f1f7812 */
                                                                                          /* 0x000fc800078ec0ff */
        /*1930*/                   LOP3.LUT R14, R14, R31.reuse, RZ, 0x3c, !PT ;          /* 0x0000001f0e0e7212 */
                                                                                          /* 0x080fe400078e3cff */
        /*1940*/                   LOP3.LUT R13, R20, R31.reuse, RZ, 0x3c, !PT ;          /* 0x0000001f140d7212 */
                                                                                          /* 0x082fe400078e3cff */
        /*1950*/                   LOP3.LUT R15, R32, R31.reuse, RZ, 0x3c, !PT ;          /* 0x0000001f200f7212 */
                                                                                          /* 0x080fe400078e3cff */
        /*1960*/                   LOP3.LUT R12, R16, R31, RZ, 0x3c, !PT ;                /* 0x0000001f100c7212 */
                                                                                          /* 0x000fe400078e3cff */
        /*1970*/                   LEA R33, R13, UR6, 0x2 ;                               /* 0x000000060d217c11 */
                                                                                          /* 0x000fe4000f8e10ff */
        /*1980*/                   LEA R34, R14, UR6, 0x2 ;                               /* 0x000000060e227c11 */
                                                                                          /* 0x000fc4000f8e10ff */
        /*1990*/                   LEA R35, R15, UR6, 0x2 ;                               /* 0x000000060f237c11 */
                                                                                          /* 0x000fe4000f8e10ff */
        /*19a0*/                   LEA R31, R12, UR6, 0x2 ;                               /* 0x000000060c1f7c11 */
                                                                                          /* 0x000fe2000f8e10ff */
        /*19b0*/                   LDS R33, [R33] ;                                       /* 0x0000000021217984 */
                                                                                          /* 0x000fe80000000800 */
        /*19c0*/                   LDS R32, [R31] ;                                       /* 0x000000001f207984 */
                                                                                          /* 0x000fe80000000800 */
        /*19d0*/                   LDS.64 R12, [R27+-0x8] ;                               /* 0xfffff8001b0c7984 */
                                                                                          /* 0x000e280000000a00 */
        /*19e0*/                   LDS R34, [R34] ;                                       /* 0x0000000022227984 */
                                                                                          /* 0x000e680000000800 */
        /*19f0*/                   LDS R35, [R35] ;                                       /* 0x0000000023237984 */
                                                                                          /* 0x000ee80000000800 */
        /*1a00*/                   LDS.64 R14, [R27] ;                                    /* 0x000000001b0e7984 */
                                                                                          /* 0x000f220000000a00 */
        /*1a10*/                   FFMA.FTZ R5, R32, R12, R5 ;                            /* 0x0000000c20057223 */
                                                                                          /* 0x001fe20000010005 */
        /*1a20*/                   FFMA.FTZ R3, R12, R33, R3 ;                            /* 0x000000210c037223 */
                                                                                          /* 0x000fe20000010003 */
        /*1a30*/                   FFMA.FTZ R4, R32, R13.reuse, R4 ;                      /* 0x0000000d20047223 */
                                                                                          /* 0x080fe20000010004 */
        /*1a40*/                   FFMA.FTZ R8, R33, R13.reuse, R8 ;                      /* 0x0000000d21087223 */
                                                                                          /* 0x080fe20000010008 */
        /*1a50*/                   FFMA.FTZ R21, R12, R34, R21 ;                          /* 0x000000220c157223 */
                                                                                          /* 0x002fe20000010015 */
        /*1a60*/                   FFMA.FTZ R24, R34, R13, R24 ;                          /* 0x0000000d22187223 */
                                                                                          /* 0x000fe20000010018 */
        /*1a70*/                   FFMA.FTZ R25, R12, R35, R25 ;                          /* 0x000000230c197223 */
                                                                                          /* 0x008fe20000010019 */
        /*1a80*/                   FFMA.FTZ R28, R35, R13, R28 ;                          /* 0x0000000d231c7223 */
                                                                                          /* 0x000fe2000001001c */
        /*1a90*/                   FFMA.FTZ R9, R32.reuse, R14, R9 ;                      /* 0x0000000e20097223 */
                                                                                          /* 0x050fe20000010009 */
        /*1aa0*/                   FFMA.FTZ R6, R32, R15, R6 ;                            /* 0x0000000f20067223 */
                                                                                          /* 0x000fe20000010006 */
        /*1ab0*/                   FFMA.FTZ R11, R14.reuse, R33, R11 ;                    /* 0x000000210e0b7223 */
                                                                                          /* 0x040fe2000001000b */
        /*1ac0*/                   FFMA.FTZ R22, R33, R15.reuse, R22 ;                    /* 0x0000000f21167223 */
                                                                                          /* 0x080fe20000010016 */
        /*1ad0*/                   FFMA.FTZ R23, R14, R34, R23 ;                          /* 0x000000220e177223 */
                                                                                          /* 0x000fe20000010017 */
        /*1ae0*/                   FFMA.FTZ R26, R34, R15, R26 ;                          /* 0x0000000f221a7223 */
                                                                                          /* 0x000fe2000001001a */
        /*1af0*/                   FFMA.FTZ R29, R14, R35, R29 ;                          /* 0x000000230e1d7223 */
                                                                                          /* 0x000fe2000001001d */
        /*1b00*/                   FFMA.FTZ R30, R35, R15, R30 ;                          /* 0x0000000f231e7223 */
                                                                                          /* 0x000fce000001001e */
        /*1b10*/                   BAR.SYNC.DEFER_BLOCKING 0x0 ;                          /* 0x0000000000007b1d */
                                                                                          /* 0x000fec0000010000 */
        /*1b20*/                   BRA.U !UP1, 0x320 ;                                    /* 0xffffffe509fc7547 */
                                                                                          /* 0x000fea000b83ffff */
        /*1b30*/                   S2R R13, SR_CTAID.X ;                                  /* 0x00000000000d7919 */
                                                                                          /* 0x003e220000002500 */
        /*1b40*/                   LDCU.64 UR8, c[0x0][0x398] ;                           /* 0x00007300ff0877ac */
                                                                                          /* 0x000e620008000a00 */
        /*1b50*/                   S2R R2, SR_CTAID.Y ;                                   /* 0x0000000000027919 */
                                                                                          /* 0x000ea20000002600 */
        /*1b60*/                   LDCU.64 UR6, c[0x0][0x390] ;                           /* 0x00007200ff0677ac */
                                                                                          /* 0x000f220008000a00 */
        /*1b70*/                   IMAD R18, R13, 0x10, R0 ;                              /* 0x000000100d127824 */
                                                                                          /* 0x001fc800078e0200 */
        /*1b80*/                   IMAD.SHL.U32 R18, R18, 0x4, RZ ;                       /* 0x0000000412127824 */
                                                                                          /* 0x000fe400078e00ff */
        /*1b90*/                   IMAD R0, R2, 0x10, R7 ;                                /* 0x0000001002007824 */
                                                                                          /* 0x004fc600078e0207 */
        /*1ba0*/                   ISETP.GE.AND P1, PT, R18, UR9, PT ;                    /* 0x0000000912007c0c */
                                                                                          /* 0x002fe2000bf26270 */
        /*1bb0*/                   IMAD.SHL.U32 R0, R0, 0x4, RZ ;                         /* 0x0000000400007824 */
                                                                                          /* 0x000fe200078e00ff */
        /*1bc0*/                   ISETP.GE.AND P0, PT, R18.reuse, UR9, PT ;              /* 0x0000000912007c0c */
                                                                                          /* 0x040fe2000bf06270 */
        /*1bd0*/                   IADD R7, R18, 0x1 ;                                    /* 0x0000000112077835 */
                                                                                          /* 0x000fe200078e0000 */
        /*1be0*/                   SHF.R.S32.HI R19, RZ, 0x1f, R18 ;                      /* 0x0000001fff137819 */
                                                                                          /* 0x000fe20000011412 */
        /*1bf0*/                   IMAD R32, R0.reuse, UR9, RZ ;                          /* 0x0000000900207c24 */
                                                                                          /* 0x040fe2000f8e02ff */
        /*1c00*/                   ISETP.LT.AND P1, PT, R0.reuse, UR8, !P1 ;              /* 0x0000000800007c0c */
                                                                                          /* 0x040fe2000cf21270 */
        /*1c10*/                   IADD R2, R0, 0x1 ;                                     /* 0x0000000100027835 */
                                                                                          /* 0x000fe200078e0000 */
        /*1c20*/                   ISETP.GE.AND P3, PT, R7, UR9, PT ;                     /* 0x0000000907007c0c */
                                                                                          /* 0x000fe2000bf66270 */
        /*1c30*/                   IADD R10, R18, 0x2 ;                                   /* 0x00000002120a7835 */
                                                                                          /* 0x000fe200078e0000 */
        /*1c40*/                   SHF.R.S32.HI R33, RZ, 0x1f, R32 ;                      /* 0x0000001fff217819 */
                                                                                          /* 0x000fc40000011420 */
        /*1c50*/                   ISETP.GE.OR P6, PT, R2, UR8, P0 ;                      /* 0x0000000802007c0c */
                                                                                          /* 0x000fe200087c6670 */
        /*1c60*/                   ISETP.GE.OR P5, PT, R0, UR8, P3 ;                      /* 0x0000000800007c0c */
                                                                                          /* 0x000fe20009fa6670 */
        /*1c70*/                   ISETP.GE.AND P2, PT, R10, UR9, PT ;                    /* 0x000000090a007c0c */
                                                                                          /* 0x000fe2000bf46270 */
        /*1c80*/                   IADD.64 R16, R32, R18 ;                                /* 0x0000001220107235 */
                                                                                          /* 0x000fc800078e0200 */
        /*1c90*/               @P1 LDC.64 R34, c[0x0][0x390] ;                            /* 0x0000e400ff221b82 */
                                                                                          /* 0x000e220000000a00 */
        /*1ca0*/               @P1 IADD R7, R18, R32 ;                                    /* 0x0000002012071235 */
                                                                                          /* 0x000fe200078e0000 */
        /*1cb0*/                   LEA R12, P4, R16, UR6, 0x2 ;                           /* 0x00000006100c7c11 */
                                                                                          /* 0x010fe2000f8810ff */
        /*1cc0*/                   IADD R32, R32, UR9 ;                                   /* 0x0000000920207c35 */
                                                                                          /* 0x000fc6000f8e0000 */
        /*1cd0*/                   LEA.HI.X R13, R16, UR7, R17, 0x2, P4 ;                 /* 0x00000007100d7c11 */
                                                                                          /* 0x000fe4000a0f1411 */
        /*1ce0*/              @!P6 LDC.64 R14, c[0x0][0x390] ;                            /* 0x0000e400ff0eeb82 */
                                                                                          /* 0x000e620000000a00 */
        /*1cf0*/                   ISETP.GE.OR P4, PT, R0, UR8, P2 ;                      /* 0x0000000800007c0c */
                                                                                          /* 0x000fe20009786670 */
        /*1d00*/              @!P6 IADD R17, R18.reuse, R32 ;                             /* 0x000000201211e235 */
                                                                                          /* 0x040fe200078e0000 */
        /*1d10*/                   SHF.R.S32.HI R33, RZ, 0x1f, R32 ;                      /* 0x0000001fff217819 */
                                                                                          /* 0x000fe20000011420 */
        /*1d20*/               @P1 IMAD.WIDE R34, R7, 0x4, R34 ;                          /* 0x0000000407221825 */
                                                                                          /* 0x001fe200078e0222 */
        /*1d30*/                   IADD R7, R18, 0x3 ;                                    /* 0x0000000312077835 */
                                                                                          /* 0x000fc800078e0000 */
        /*1d40*/               @P1 STG.E desc[UR10][R34.64], R5 ;                         /* 0x0000000522001986 */
                                                                                          /* 0x008fe2000c10190a */
        /*1d50*/                   ISETP.GE.AND P1, PT, R7, UR9, PT ;                     /* 0x0000000907007c0c */
                                                                                          /* 0x000fe2000bf26270 */
        /*1d60*/                   IADD R7, R0, 0x2 ;                                     /* 0x0000000200077835 */
                                                                                          /* 0x000fe200078e0000 */
        /*1d70*/              @!P6 IMAD.WIDE R16, R17, 0x4, R14 ;                         /* 0x000000041110e825 */
                                                                                          /* 0x002fe200078e020e */
        /*1d80*/              @!P5 STG.E desc[UR10][R12.64+0x4], R4 ;                     /* 0x000004040c00d986 */
                                                                                          /* 0x0001e2000c10190a */
        /*1d90*/                   IADD.64 R14, R18, R32 ;                                /* 0x00000020120e7235 */
                                                                                          /* 0x000fe400078e0200 */
        /*1da0*/                   ISETP.GE.OR P5, PT, R0.reuse, UR8, P1 ;                /* 0x0000000800007c0c */
                                                                                          /* 0x040fe20008fa6670 */
        /*1db0*/              @!P4 STG.E desc[UR10][R12.64+0x8], R9 ;                     /* 0x000008090c00c986 */
                                                                                          /* 0x0003e2000c10190a */
        /*1dc0*/                   ISETP.GE.OR P4, PT, R7, UR8, P0 ;                      /* 0x0000000807007c0c */
                                                                                          /* 0x000fe20008786670 */
        /*1dd0*/                   IADD R0, R0, 0x3 ;                                     /* 0x0000000300007835 */
                                                                                          /* 0x000fe200078e0000 */
        /*1de0*/                   IADD R32, R32, UR9 ;                                   /* 0x0000000920207c35 */
                                                                                          /* 0x000fc8000f8e0000 */
        /*1df0*/                   ISETP.GE.OR P0, PT, R0, UR8, P0 ;                      /* 0x0000000800007c0c */
                                                                                          /* 0x000fe20008706670 */
        /*1e00*/                   SHF.R.S32.HI R33, RZ, 0x1f, R32 ;                      /* 0x0000001fff217819 */
                                                                                          /* 0x000fc80000011420 */
        /*1e10*/              @!P5 STG.E desc[UR10][R12.64+0xc], R6 ;                     /* 0x00000c060c00d986 */
                                                                                          /* 0x0005e2000c10190a */
        /*1e20*/                   ISETP.GE.OR P5, PT, R2, UR8, P3 ;                      /* 0x0000000802007c0c */
                                                                                          /* 0x000fe20009fa6670 */
        /*1e30*/              @!P4 LDC.64 R4, c[0x0][0x390] ;                             /* 0x0000e400ff04cb82 */
                                                                                          /* 0x001e220000000a00 */
        /*1e40*/              @!P4 IADD R9, R18, R32 ;                                    /* 0x000000201209c235 */
                                                                                          /* 0x002fe200078e0000 */
        /*1e50*/              @!P6 STG.E desc[UR10][R16.64], R3 ;                         /* 0x000000031000e986 */
                                                                                          /* 0x0003e2000c10190a */
        /*1e60*/                   LEA R34, P6, R14, UR6, 0x2 ;                           /* 0x000000060e227c11 */
                                                                                          /* 0x000fc8000f8c10ff */
        /*1e70*/                   LEA.HI.X R35, R14, UR7, R15, 0x2, P6 ;                 /* 0x000000070e237c11 */
                                                                                          /* 0x000fe2000b0f140f */
        /*1e80*/                   ISETP.GE.OR P6, PT, R2.reuse, UR8, P2 ;                /* 0x0000000802007c0c */
                                                                                          /* 0x040fe200097c6670 */
        /*1e90*/              @!P0 LDC.64 R12, c[0x0][0x390] ;                            /* 0x0000e400ff0c8b82 */
                                                                                          /* 0x004ea60000000a00 */
        /*1ea0*/              @!P5 STG.E desc[UR10][R34.64+0x4], R8 ;                     /* 0x000004082200d986 */
                                                                                          /* 0x0007e2000c10190a */
        /*1eb0*/                   ISETP.GE.OR P5, PT, R2, UR8, P1 ;                      /* 0x0000000802007c0c */
                                                                                          /* 0x000fe20008fa6670 */
        /*1ec0*/                   IADD.64 R2, R18, R32 ;                                 /* 0x0000002012027235 */
                                                                                          /* 0x002fe400078e0200 */
        /*1ed0*/                   IADD R32, R32, UR9 ;                                   /* 0x0000000920207c35 */
                                                                                          /* 0x000fca000f8e0000 */
        /*1ee0*/                   SHF.R.S32.HI R33, RZ, 0x1f, R32 ;                      /* 0x0000001fff217819 */
                                                                                          /* 0x000fe20000011420 */
        /*1ef0*/              @!P6 STG.E desc[UR10][R34.64+0x8], R11 ;                    /* 0x0000080b2200e986 */
                                                                                          /* 0x0007e2000c10190a */
        /*1f00*/                   LEA R14, P6, R2.reuse, UR6, 0x2 ;                      /* 0x00000006020e7c11 */
                                                                                          /* 0x040fe2000f8c10ff */
        /*1f10*/              @!P4 IMAD.WIDE R4, R9, 0x4, R4 ;                            /* 0x000000040904c825 */
                                                                                          /* 0x001fe400078e0204 */
        /*1f20*/              @!P5 STG.E desc[UR10][R34.64+0xc], R22 ;                    /* 0x00000c162200d986 */
                                                                                          /* 0x0007e2000c10190a */
        /*1f30*/                   ISETP.GE.OR P5, PT, R7.reuse, UR8, P3 ;                /* 0x0000000807007c0c */
                                                                                          /* 0x040fe20009fa6670 */
        /*1f40*/                   LEA.HI.X R15, R2, UR7, R3, 0x2, P6 ;                   /* 0x00000007020f7c11 */
                                                                                          /* 0x000fe4000b0f1403 */
        /*1f50*/              @!P4 STG.E desc[UR10][R4.64], R21 ;                         /* 0x000000150400c986 */
                                                                                          /* 0x0007e2000c10190a */
        /*1f60*/                   ISETP.GE.OR P4, PT, R7.reuse, UR8, P2 ;                /* 0x0000000807007c0c */
                                                                                          /* 0x040fe20009786670 */
        /*1f70*/                   ISETP.GE.OR P6, PT, R7, UR8, P1 ;                      /* 0x0000000807007c0c */
                                                                                          /* 0x000fe20008fc6670 */
        /*1f80*/              @!P0 IADD R3, R18.reuse, R32.reuse ;                        /* 0x0000002012038235 */
                                                                                          /* 0x0c0fe200078e0000 */
        /*1f90*/                   IADD.64 R18, R18, R32 ;                                /* 0x0000002012127235 */
                                                                                          /* 0x000fc400078e0200 */
        /*1fa0*/                   ISETP.GE.OR P3, PT, R0.reuse, UR8, P3 ;                /* 0x0000000800007c0c */
                                                                                          /* 0x040fe20009f66670 */
        /*1fb0*/                   ISETP.GE.OR P2, PT, R0.reuse, UR8, P2 ;                /* 0x0000000800007c0c */
                                                                                          /* 0x040fe20009746670 */
        /*1fc0*/                   ISETP.GE.OR P1, PT, R0, UR8, P1 ;                      /* 0x0000000800007c0c */
                                                                                          /* 0x000fe20008f26670 */
        /*1fd0*/              @!P0 IMAD.WIDE R12, R3, 0x4, R12 ;                          /* 0x00000004030c8825 */
                                                                                          /* 0x004fe200078e020c */
        /*1fe0*/              @!P5 STG.E desc[UR10][R14.64+0x4], R24 ;                    /* 0x000004180e00d986 */
                                                                                          /* 0x0007e2000c10190a */
        /*1ff0*/                   LEA R2, P5, R18, UR6, 0x2 ;                            /* 0x0000000612027c11 */
                                                                                          /* 0x000fc6000f8a10ff */
        /*2000*/              @!P4 STG.E desc[UR10][R14.64+0x8], R23 ;                    /* 0x000008170e00c986 */
                                                                                          /* 0x0007e2000c10190a */
        /*2010*/                   LEA.HI.X R3, R18, UR7, R19, 0x2, P5 ;                  /* 0x0000000712037c11 */
                                                                                          /* 0x000fc6000a8f1413 */
        /*2020*/              @!P6 STG.E desc[UR10][R14.64+0xc], R26 ;                    /* 0x00000c1a0e00e986 */
                                                                                          /* 0x0007e8000c10190a */
        /*2030*/              @!P0 STG.E desc[UR10][R12.64], R25 ;                        /* 0x000000190c008986 */
                                                                                          /* 0x0007e8000c10190a */
        /*2040*/              @!P3 STG.E desc[UR10][R2.64+0x4], R28 ;                     /* 0x0000041c0200b986 */
                                                                                          /* 0x0007e8000c10190a */
        /*2050*/              @!P2 STG.E desc[UR10][R2.64+0x8], R29 ;                     /* 0x0000081d0200a986 */
                                                                                          /* 0x0007e2000c10190a */
        /*2060*/               @P1 EXIT ;                                                 /* 0x000000000000194d */
                                                                                          /* 0x000fea0003800000 */
        /*2070*/                   STG.E desc[UR10][R2.64+0xc], R30 ;                     /* 0x00000c1e02007986 */
                                                                                          /* 0x000fe2000c10190a */
        /*2080*/                   EXIT ;                                                 /* 0x000000000000794d */
                                                                                          /* 0x000fea0003800000 */
        /*2090*/                   BRA 0x2090;                                            /* 0xfffffffc00fc7947 */
                                                                                          /* 0x000fc0000383ffff */
        /*20a0*/                   NOP;                                                   /* 0x0000000000007918 */
                                                                                          /* 0x000fc00000000000 */
        /*20b0*/                   NOP;                                                   /* 0x0000000000007918 */
                                                                                          /* 0x000fc00000000000 */
        /*20c0*/                   NOP;                                                   /* 0x0000000000007918 */
                                                                                          /* 0x000fc00000000000 */
        /*20d0*/                   NOP;                                                   /* 0x0000000000007918 */
                                                                                          /* 0x000fc00000000000 */
        /*20e0*/                   NOP;                                                   /* 0x0000000000007918 */
                                                                                          /* 0x000fc00000000000 */
        /*20f0*/                   NOP;                                                   /* 0x0000000000007918 */
                                                                                          /* 0x000fc00000000000 */
        /*2100*/                   NOP;                                                   /* 0x0000000000007918 */
                                                                                          /* 0x000fc00000000000 */
        /*2110*/                   NOP;                                                   /* 0x0000000000007918 */
                                                                                          /* 0x000fc00000000000 */
        /*2120*/                   NOP;                                                   /* 0x0000000000007918 */
                                                                                          /* 0x000fc00000000000 */
        /*2130*/                   NOP;                                                   /* 0x0000000000007918 */
                                                                                          /* 0x000fc00000000000 */
        /*2140*/                   NOP;                                                   /* 0x0000000000007918 */
                                                                                          /* 0x000fc00000000000 */
        /*2150*/                   NOP;                                                   /* 0x0000000000007918 */
                                                                                          /* 0x000fc00000000000 */
        /*2160*/                   NOP;                                                   /* 0x0000000000007918 */
                                                                                          /* 0x000fc00000000000 */
        /*2170*/                   NOP;                                                   /* 0x0000000000007918 */
                                                                                          /* 0x000fc00000000000 */
		..........


		Function : _Z31register_tiled_gemm_AsT_swizzleILb1ELb0EEvPKfS1_Pfiii
	.headerflags	@"EF_CUDA_SM120 EF_CUDA_VIRTUAL_SM(EF_CUDA_SM120)"
        /*0000*/                   LDC R1, c[0x0][0x37c] ;                                /* 0x0000df00ff017b82 */
                                                                                          /* 0x000fe20000000800 */
        /*0010*/                   LDCU UR7, c[0x0][0x3a0] ;                              /* 0x00007400ff0777ac */
                                                                                          /* 0x000e220008000800 */
        /*0020*/                   S2R R12, SR_TID.X ;                                    /* 0x00000000000c7919 */
                                                                                          /* 0x000e620000002100 */
        /*0030*/                   HFMA2 R26, -RZ, RZ, 0, 0 ;                             /* 0x00000000ff1a7431 */
                                                                                          /* 0x000fe200000001ff */
        /*0040*/                   CS2R R28, SRZ ;                                        /* 0x00000000001c7805 */
                                                                                          /* 0x000fe2000001ff00 */
        /*0050*/                   HFMA2 R0, -RZ, RZ, 0, 0 ;                              /* 0x00000000ff007431 */
                                                                                          /* 0x000fe200000001ff */
        /*0060*/                   S2R R27, SR_TID.Y ;                                    /* 0x00000000001b7919 */
                                                                                          /* 0x000ea20000002200 */
        /*0070*/                   CS2R R24, SRZ ;                                        /* 0x0000000000187805 */
                                                                                          /* 0x000fe2000001ff00 */
        /*0080*/                   CS2R R22, SRZ ;                                        /* 0x0000000000167805 */
                                                                                          /* 0x000fe2000001ff00 */
        /*0090*/                   MOV R21, RZ ;                                          /* 0x000000ff00157202 */
                                                                                          /* 0x000fe20000000f00 */
        /*00a0*/                   CS2R R2, SRZ ;                                         /* 0x0000000000027805 */
                                                                                          /* 0x000fe2000001ff00 */
        /*00b0*/                   CS2R R4, SRZ ;                                         /* 0x0000000000047805 */
                                                                                          /* 0x000fe2000001ff00 */
        /*00c0*/                   CS2R R6, SRZ ;                                         /* 0x0000000000067805 */
                                                                                          /* 0x000fe2000001ff00 */
        /*00d0*/                   MOV R13, RZ ;                                          /* 0x000000ff000d7202 */
                                                                                          /* 0x000fe20000000f00 */
        /*00e0*/                   LDCU.64 UR10, c[0x0][0x358] ;                          /* 0x00006b00ff0a77ac */
                                                                                          /* 0x000ee20008000a00 */
        /*00f0*/                   UISETP.GE.AND UP0, UPT, UR7, 0x1, UPT ;                /* 0x000000010700788c */
                                                                                          /* 0x001fd2000bf06270 */
        /*0100*/                   BRA.U !UP0, 0x1b30 ;                                   /* 0x0000001908887547 */
                                                                                          /* 0x000fea000b800000 */
        /*0110*/                   S2R R9, SR_CTAID.X ;                                   /* 0x0000000000097919 */
                                                                                          /* 0x000e220000002500 */
        /*0120*/                   S2UR UR5, SR_CgaCtaId ;                                /* 0x00000000000579c3 */
                                                                                          /* 0x000f220000008800 */
        /*0130*/                   IMAD.SHL.U32 R8, R12.reuse, 0x4, RZ ;                  /* 0x000000040c087824 */
                                                                                          /* 0x042fe200078e00ff */
        /*0140*/                   LDCU UR4, c[0x0][0x39c] ;                              /* 0x00007380ff0477ac */
                                                                                          /* 0x000e620008000800 */
        /*0150*/                   S2R R17, SR_CTAID.Y ;                                  /* 0x0000000000117919 */
                                                                                          /* 0x000f620000002600 */
        /*0160*/                   IMAD.SHL.U32 R11, R12, 0x8, RZ ;                       /* 0x000000080c0b7824 */
                                                                                          /* 0x000fe200078e00ff */
        /*0170*/                   MOV R28, RZ ;                                          /* 0x000000ff001c7202 */
                                                                                          /* 0x000fe20000000f00 */
        /*0180*/                   LOP3.LUT R8, R8, 0x3c, RZ, 0xc0, !PT ;                 /* 0x0000003c08087812 */
                                                                                          /* 0x000fe200078ec0ff */
        /*0190*/                   IMAD.SHL.U32 R15, R27, 0x4, RZ ;                       /* 0x000000041b0f7824 */
                                                                                          /* 0x004fc800078e00ff */
        /*01a0*/                   IMAD R14, R9, 0x40, R8 ;                               /* 0x00000040090e7824 */
                                                                                          /* 0x001fe400078e0208 */
        /*01b0*/                   IMAD.SHL.U32 R9, R12, 0x400, RZ ;                      /* 0x000004000c097824 */
                                                                                          /* 0x000fc600078e00ff */
        /*01c0*/                   IADD R8, R14, 0x3 ;                                    /* 0x000000030e087835 */
                                                                                          /* 0x000fe400078e0000 */
        /*01d0*/                   LOP3.LUT R9, R9, 0xc00, RZ, 0xc0, !PT ;                /* 0x00000c0009097812 */
                                                                                          /* 0x000fc600078ec0ff */
        /*01e0*/                   ISETP.GE.AND P0, PT, R8, UR4, PT ;                     /* 0x0000000408007c0c */
                                                                                          /* 0x002fe2000bf06270 */
        /*01f0*/                   UMOV UR4, 0x400 ;                                      /* 0x0000040000047882 */
                                                                                          /* 0x000fe20000000000 */
        /*0200*/                   IMAD R8, R27, 0x10, R12 ;                              /* 0x000000101b087824 */
                                                                                          /* 0x000fe200078e020c */
        /*0210*/                   ULEA UR6, UR5, UR4, 0x18 ;                             /* 0x0000000405067291 */
                                                                                          /* 0x010fe2000f8ec0ff */
        /*0220*/                   UIADD3 UR4, UPT, UPT, UR4, 0x1000, URZ ;               /* 0x0000100004047890 */
                                                                                          /* 0x000fe2000fffe0ff */
        /*0230*/                   IMAD.SHL.U32 R12, R12, 0x10, RZ ;                      /* 0x000000100c0c7824 */
                                                                                          /* 0x000fe400078e00ff */
        /*0240*/                   IMAD.SHL.U32 R10, R8, 0x10, RZ ;                       /* 0x00000010080a7824 */
                                                                                          /* 0x000fe200078e00ff */
        /*0250*/                   SHF.R.U32.HI R16, RZ, 0x2, R8 ;                        /* 0x00000002ff107819 */
                                                                                          /* 0x000fe20000011608 */
        /*0260*/                   ULEA UR4, UR5, UR4, 0x18 ;                             /* 0x0000000405047291 */
                                                                                          /* 0x000fe2000f8ec0ff */
        /*0270*/                   LOP3.LUT R19, R12, 0xf0, RZ, 0xc0, !PT ;               /* 0x000000f00c137812 */
                                                                                          /* 0x000fe200078ec0ff */
        /*0280*/                   IADD R9, R9, UR6 ;                                     /* 0x0000000609097c35 */
                                                                                          /* 0x000fe2000f8e0000 */
        /*0290*/                   LOP3.LUT R8, R16, 0x18, R11, 0x78, !PT ;               /* 0x0000001810087812 */
                                                                                          /* 0x000fe200078e780b */
        /*02a0*/                   IMAD R16, R17, 0x40, R16 ;                             /* 0x0000004011107824 */
                                                                                          /* 0x020fe200078e0210 */
        /*02b0*/                   LOP3.LUT R10, R10, 0x7ff00, RZ, 0xc0, !PT ;            /* 0x0007ff000a0a7812 */
                                                                                          /* 0x000fc600078ec0ff */
        /*02c0*/                   IMAD R17, R8, 0x4, R9 ;                                /* 0x0000000408117824 */
                                                                                          /* 0x000fe200078e0209 */
        /*02d0*/                   IADD3 R18, PT, PT, R19, UR4, R10 ;                     /* 0x0000000413127c10 */
                                                                                          /* 0x000fe2000fffe00a */
        /*02e0*/                   IMAD R20, R16, UR7, RZ ;                               /* 0x0000000710147c24 */
                                                                                          /* 0x000fe2000f8e02ff */
        /*02f0*/                   IADD R19, R15, 0x1 ;                                   /* 0x000000010f137835 */
                                                                                          /* 0x000fe200078e0000 */
        /*0300*/                   UMOV UR4, URZ ;                                        /* 0x000000ff00047c82 */
                                                                                          /* 0x008fcc0008000000 */
        /*0310*/                   S2R R12, SR_TID.X ;                                    /* 0x00000000000c7919 */
                                                                                          /* 0x001e220000002100 */
        /*0320*/                   LDCU UR14, c[0x0][0x3a0] ;                             /* 0x00007400ff0e77ac */
                                                                                          /* 0x002e620008000800 */
        /*0330*/                   LDCU UR9, c[0x0][0x398] ;                              /* 0x00007300ff0977ac */
                                                                                          /* 0x004ea20008000800 */
        /*0340*/                   IMAD.SHL.U32 R27, R12, 0x4, RZ ;                       /* 0x000000040c1b7824 */
                                                                                          /* 0x001fca00078e00ff */
        /*0350*/                   LOP3.LUT R27, R27, 0xc, RZ, 0xc0, !PT ;                /* 0x0000000c1b1b7812 */
                                                                                          /* 0x000fca00078ec0ff */
        /*0360*/                   IADD R27, R27, UR4 ;                                   /* 0x000000041b1b7c35 */
                                                                                          /* 0x000fca000f8e0000 */
        /*0370*/                   IADD R8, R27, 0x3 ;                                    /* 0x000000031b087835 */
                                                                                          /* 0x000fca00078e0000 */
        /*0380*/                   ISETP.GE.AND P1, PT, R8, UR14, PT ;                    /* 0x0000000e08007c0c */
                                                                                          /* 0x002fca000bf26270 */
        /*0390*/                   ISETP.GE.OR P2, PT, R16, UR9, P1 ;                     /* 0x0000000910007c0c */
                                                                                          /* 0x004fda0008f46670 */
        /*03a0*/              @!P2 LDC.64 R8, c[0x0][0x380] ;                             /* 0x0000e000ff08ab82 */
                                                                                          /* 0x000e220000000a00 */
        /*03b0*/              @!P2 IADD R11, R20, R27 ;                                   /* 0x0000001b140ba235 */
                                                                                          /* 0x000fca00078e0000 */
        /*03c0*/              @!P2 IMAD.WIDE.U32 R8, R11, 0x4, R8 ;                       /* 0x000000040b08a825 */
                                                                                          /* 0x001fcc00078e0008 */
        /*03d0*/              @!P2 LDG.E.128.CONSTANT R8, desc[UR10][R8.64] ;             /* 0x0000000a0808a981 */
                                                                                          /* 0x000ea2000c1e9d00 */
        /*03e0*/                   UIADD3 UR5, UPT, UPT, UR4, 0x10, URZ ;                 /* 0x0000001004057890 */
                                                                                          /* 0x000fe2000fffe0ff */
        /*03f0*/                   BSSY.RECONVERGENT B0, 0x7a0 ;                          /* 0x000003a000007945 */
                                                                                          /* 0x000fe60003800200 */
        /*0400*/                   UVIMNMX.S32 UR6, UR5, UR14, UPT ;                      /* 0x0000000e0506724a */
                                                                                          /* 0x000fe2000bfe0100 */
        /*0410*/                   UISETP.GE.AND UP1, UPT, UR5, UR14, UPT ;               /* 0x0000000e0500728c */
                                                                                          /* 0x000fc6000bf26270 */
        /*0420*/                   UIADD3 UR7, UPT, UPT, UR6, -UR4, URZ ;                 /* 0x8000000406077290 */
                                                                                          /* 0x000fc6000fffe0ff */
        /*0430*/                   UMOV UR6, UR4 ;                                        /* 0x0000000400067c82 */
                                                                                          /* 0x000fe20008000000 */
        /*0440*/                   UMOV UR4, UR5 ;                                        /* 0x0000000500047c82 */
                                                                                          /* 0x000fe20008000000 */
        /*0450*/              @!P2 STS [R17], R8 ;                                        /* 0x000000081100a388 */
                                                                                          /* 0x0041e80000000800 */
        /*0460*/              @!P2 STS [R17+0x100], R9 ;                                  /* 0x000100091100a388 */
                                                                                          /* 0x0001e80000000800 */
        /*0470*/              @!P2 STS [R17+0x200], R10 ;                                 /* 0x0002000a1100a388 */
                                                                                          /* 0x0001e80000000800 */
        /*0480*/              @!P2 STS [R17+0x300], R11 ;                                 /* 0x0003000b1100a388 */
                                                                                          /* 0x0001e20000000800 */
        /*0490*/              @!P2 BRA 0x780 ;                                            /* 0x0000000000b8a947 */
                                                                                          /* 0x008fea0003800000 */
        /*04a0*/                   ISETP.GE.AND P2, PT, R16, UR9, PT ;                    /* 0x0000000910007c0c */
                                                                                          /* 0x000fda000bf46270 */
        /*04b0*/               @P2 BRA 0x740 ;                                            /* 0x0000000000a02947 */
                                                                                          /* 0x000fea0003800000 */
        /*04c0*/                   ISETP.GE.AND P2, PT, R27, UR14, PT ;                   /* 0x0000000e1b007c0c */
                                                                                          /* 0x000fe2000bf46270 */
        /*04d0*/                   LDCU.64 UR12, c[0x0][0x380] ;                          /* 0x00007000ff0c77ac */
                                                                                          /* 0x000e620008000a00 */
        /*04e0*/                   MOV R10, R20 ;                                         /* 0x00000014000a7202 */
                                                                                          /* 0x001fe20000000f00 */
        /*04f0*/                   HFMA2 R11, -RZ, RZ, 0, 0 ;                             /* 0x00000000ff0b7431 */
                                                                                          /* 0x000fe200000001ff */
        /*0500*/                   MOV R30, R27 ;                                         /* 0x0000001b001e7202 */
                                                                                          /* 0x000fe20000000f00 */
        /*0510*/                   HFMA2 R31, -RZ, RZ, 0, 0 ;                             /* 0x00000000ff1f7431 */
                                                                                          /* 0x000fe200000001ff */
        /*0520*/                   MOV R32, RZ ;                                          /* 0x000000ff00207202 */
                                                                                          /* 0x000fc80000000f00 */
        /*0530*/                   IADD.64 R30, R10, R30 ;                                /* 0x0000001e0a1e7235 */
                                                                                          /* 0x000fe400078e0200 */
        /*0540*/                   IADD R10, R27.reuse, 0x1 ;                             /* 0x000000011b0a7835 */
                                                                                          /* 0x040fe200078e0000 */
        /*0550*/              @!P2 LDC.64 R8, c[0x0][0x380] ;                             /* 0x0000e000ff08ab82 */
                                                                                          /* 0x000e220000000a00 */
        /*0560*/                   IADD R11, R27, 0x2 ;                                   /* 0x000000021b0b7835 */
                                                                                          /* 0x000fe200078e0000 */
        /*0570*/              @!P2 IADD R27, R20, R27 ;                                   /* 0x0000001b141ba235 */
                                                                                          /* 0x000fe400078e0000 */
        /*0580*/                   ISETP.GE.AND P3, PT, R10, UR14, PT ;                   /* 0x0000000e0a007c0c */
                                                                                          /* 0x000fe4000bf66270 */
        /*0590*/                   ISETP.GE.AND P4, PT, R11, UR14, PT ;                   /* 0x0000000e0b007c0c */
                                                                                          /* 0x000fe2000bf86270 */
        /*05a0*/                   LEA R10, P5, R30, UR12, 0x2 ;                          /* 0x0000000c1e0a7c11 */
                                                                                          /* 0x002fc8000f8a10ff */
        /*05b0*/                   LEA.HI.X R11, R30, UR13, R31, 0x2, P5 ;                /* 0x0000000d1e0b7c11 */
                                                                                          /* 0x000fe2000a8f141f */
        /*05c0*/                   CS2R R30, SRZ ;                                        /* 0x00000000001e7805 */
                                                                                          /* 0x000fcc000001ff00 */
        /*05d0*/              @!P3 LDG.E.CONSTANT R31, desc[UR10][R10.64+0x4] ;           /* 0x0000040a0a1fb981 */
                                                                                          /* 0x000ea8000c1e9900 */
        /*05e0*/              @!P4 LDG.E.CONSTANT R30, desc[UR10][R10.64+0x8] ;           /* 0x0000080a0a1ec981 */
                                                                                          /* 0x000ee2000c1e9900 */
        /*05f0*/              @!P2 IMAD.WIDE.U32 R8, R27, 0x4, R8 ;                       /* 0x000000041b08a825 */
                                                                                          /* 0x001fc800078e0008 */
        /*0600*/                   HFMA2 R27, -RZ, RZ, 0, 0 ;                             /* 0x00000000ff1b7431 */
                                                                                          /* 0x000fe200000001ff */
        /*0610*/              @!P2 LDG.E.CONSTANT R32, desc[UR10][R8.64] ;                /* 0x0000000a0820a981 */
                                                                                          /* 0x00012a000c1e9900 */
        /*0620*/              @!P1 LDG.E.CONSTANT R27, desc[UR10][R10.64+0xc] ;           /* 0x00000c0a0a1b9981 */
                                                                                          /* 0x000f62000c1e9900 */
        /*0630*/                   S2R R35, SR_TID.Y ;                                    /* 0x0000000000237919 */
                                                                                          /* 0x000e620000002200 */
        /*0640*/                   S2UR UR8, SR_CgaCtaId ;                                /* 0x00000000000879c3 */
                                                                                          /* 0x000e620000008800 */
        /*0650*/                   IMAD.SHL.U32 R33, R12.reuse, 0x400, RZ ;               /* 0x000004000c217824 */
                                                                                          /* 0x040fe200078e00ff */
        /*0660*/                   UMOV UR5, 0x400 ;                                      /* 0x0000040000057882 */
                                                                                          /* 0x000fe20000000000 */
        /*0670*/                   IMAD.SHL.U32 R8, R12, 0x8, RZ ;                        /* 0x000000080c087824 */
                                                                                          /* 0x001fc600078e00ff */
        /*0680*/                   LOP3.LUT R33, R33, 0xc00, RZ, 0xc0, !PT ;              /* 0x00000c0021217812 */
                                                                                          /* 0x000fe200078ec0ff */
        /*0690*/                   ULEA UR5, UR8, UR5, 0x18 ;                             /* 0x0000000508057291 */
                                                                                          /* 0x002fe2000f8ec0ff */
        /*06a0*/                   IMAD R35, R35, 0x10, R12 ;                             /* 0x0000001023237824 */
                                                                                          /* 0x000fca00078e020c */
        /*06b0*/                   IADD R33, R33, UR5 ;                                   /* 0x0000000521217c35 */
                                                                                          /* 0x000fe2000f8e0000 */
        /*06c0*/                   SHF.R.U32.HI R35, RZ, 0x2, R35 ;                       /* 0x00000002ff237819 */
                                                                                          /* 0x000fc80000011623 */
        /*06d0*/                   LOP3.LUT R8, R35, 0x18, R8, 0x78, !PT ;                /* 0x0000001823087812 */
                                                                                          /* 0x000fca00078e7808 */
        /*06e0*/                   IMAD R8, R8, 0x4, R33 ;                                /* 0x0000000408087824 */
                                                                                          /* 0x000fe200078e0221 */
        /*06f0*/                   STS [R17], R32 ;                                       /* 0x0000002011007388 */
                                                                                          /* 0x0103e80000000800 */
        /*0700*/                   STS [R8+0x100], R31 ;                                  /* 0x0001001f08007388 */
                                                                                          /* 0x0043e80000000800 */
        /*0710*/                   STS [R8+0x200], R30 ;                                  /* 0x0002001e08007388 */
                                                                                          /* 0x0083e80000000800 */
        /*0720*/                   STS [R8+0x300], R27 ;                                  /* 0x0003001b08007388 */
                                                                                          /* 0x0203e20000000800 */
        /*0730*/                   BRA 0x780 ;                                            /* 0x0000000000107947 */
                                                                                          /* 0x000fea0003800000 */
        /*0740*/                   STS [R17], RZ ;                                        /* 0x000000ff11007388 */
                                                                                          /* 0x0005e80000000800 */
        /*0750*/                   STS [R17+0x100], RZ ;                                  /* 0x000100ff11007388 */
                                                                                          /* 0x0005e80000000800 */
        /*0760*/                   STS [R17+0x200], RZ ;                                  /* 0x000200ff11007388 */
                                                                                          /* 0x0005e80000000800 */
        /*0770*/                   STS [R17+0x300], RZ ;                                  /* 0x000300ff11007388 */
                                                                                          /* 0x0005e40000000800 */
        /*0780*/                   NOP ;                                                  /* 0x0000000000007918 */
                                                                                          /* 0x000fe20000000000 */
        /*0790*/                   BSYNC.RECONVERGENT B0 ;                                /* 0x0000000000007941 */
                                                                                          /* 0x000fea0003800200 */
        /*07a0*/                   S2R R27, SR_TID.Y ;                                    /* 0x00000000001b7919 */
                                                                                          /* 0x002e220000002200 */
        /*07b0*/                   BSSY.RECONVERGENT B0, 0xaf0 ;                          /* 0x0000033000007945 */
                                                                                          /* 0x000fe20003800200 */
        /*07c0*/                   IMAD R9, R27, 0x10, R12 ;                              /* 0x000000101b097824 */
                                                                                          /* 0x001fca00078e020c */
        /*07d0*/                   LEA.HI R9, R9, UR6, RZ, 0x1c ;                         /* 0x0000000609097c11 */
                                                                                          /* 0x000fca000f8fe0ff */
        /*07e0*/                   ISETP.GE.OR P1, PT, R9.reuse, UR14, P0 ;               /* 0x0000000e09007c0c */
                                                                                          /* 0x040fe20008726670 */
        /*07f0*/                   ISETP.GE.AND P2, PT, R9, UR14, PT ;                    /* 0x0000000e09007c0c */
                                                                                          /* 0x000fd8000bf46270 */
        /*0800*/               @P1 BRA 0x8b0 ;                                            /* 0x0000000000281947 */
                                                                                          /* 0x000fea0003800000 */
        /*0810*/                   LDC.64 R30, c[0x0][0x388] ;                            /* 0x0000e200ff1e7b82 */
                                                                                          /* 0x000e220000000a00 */
        /*0820*/                   LDCU UR5, c[0x0][0x39c] ;                              /* 0x00007380ff0577ac */
                                                                                          /* 0x000e640008000800 */
        /*0830*/                   IMAD R9, R9, UR5, R14 ;                                /* 0x0000000509097c24 */
                                                                                          /* 0x002fc8000f8e020e */
        /*0840*/                   IMAD.WIDE R30, R9, 0x4, R30 ;                          /* 0x00000004091e7825 */
                                                                                          /* 0x001fca00078e021e */
        /*0850*/                   LDG.E.CONSTANT R8, desc[UR10][R30.64] ;                /* 0x0000000a1e087981 */
                                                                                          /* 0x000ee8000c1e9900 */
        /*0860*/                   LDG.E.CONSTANT R9, desc[UR10][R30.64+0x4] ;            /* 0x0000040a1e097981 */
                                                                                          /* 0x000ee8000c1e9900 */
        /*0870*/                   LDG.E.CONSTANT R10, desc[UR10][R30.64+0x8] ;           /* 0x0000080a1e0a7981 */
                                                                                          /* 0x000ee8000c1e9900 */
        /*0880*/                   LDG.E.CONSTANT R11, desc[UR10][R30.64+0xc] ;           /* 0x00000c0a1e0b7981 */
                                                                                          /* 0x000ee8000c1e9900 */
        /*0890*/                   STS.128 [R18], R8 ;                                    /* 0x0000000812007388 */
                                                                                          /* 0x0081e20000000c00 */
        /*08a0*/                   BRA 0xad0 ;                                            /* 0x0000000000887947 */
                                                                                          /* 0x000fea0003800000 */
        /*08b0*/               @P2 BRA 0xac0 ;                                            /* 0x0000000000802947 */
                                                                                          /* 0x000fea0003800000 */
        /*08c0*/                   LDCU UR5, c[0x0][0x39c] ;                              /* 0x00007380ff0577ac */
                                                                                          /* 0x000e220008000800 */
        /*08d0*/                   MOV R8, R14 ;                                          /* 0x0000000e00087202 */
                                                                                          /* 0x000fe20000000f00 */
        /*08e0*/                   IADD R32, R14.reuse, 0x1 ;                             /* 0x000000010e207835 */
                                                                                          /* 0x040fe200078e0000 */
        /*08f0*/                   IADD R33, R14.reuse, 0x3 ;                             /* 0x000000030e217835 */
                                                                                          /* 0x040fe200078e0000 */
        /*0900*/                   LDCU.64 UR8, c[0x0][0x388] ;                           /* 0x00007100ff0877ac */
                                                                                          /* 0x000e620008000a00 */
        /*0910*/                   ISETP.GE.AND P1, PT, R14, UR5, PT ;                    /* 0x000000050e007c0c */
                                                                                          /* 0x001fe2000bf26270 */
        /*0920*/                   IMAD R30, R9, UR5, RZ ;                                /* 0x00000005091e7c24 */
                                                                                          /* 0x000fe4000f8e02ff */
        /*0930*/                   HFMA2 R9, -RZ, RZ, 0, 0 ;                              /* 0x00000000ff097431 */
                                                                                          /* 0x000fe200000001ff */
        /*0940*/                   ISETP.GE.AND P2, PT, R32, UR5, PT ;                    /* 0x0000000520007c0c */
                                                                                          /* 0x000fe2000bf46270 */
        /*0950*/                   ISETP.GE.AND P0, PT, R33, UR5, PT ;                    /* 0x0000000521007c0c */
                                                                                          /* 0x000fe2000bf06270 */
        /*0960*/                   MOV R33, RZ ;                                          /* 0x000000ff00217202 */
                                                                                          /* 0x000fe20000000f00 */
        /*0970*/                   SHF.R.S32.HI R31, RZ, 0x1f, R30 ;                      /* 0x0000001fff1f7819 */
                                                                                          /* 0x000fca000001141e */
        /*0980*/                   IADD.64 R8, R8, R30 ;                                  /* 0x0000001e08087235 */
                                                                                          /* 0x000fe400078e0200 */
        /*0990*/              @!P1 LDC.64 R10, c[0x0][0x388] ;                            /* 0x0000e200ff0a9b82 */
                                                                                          /* 0x000e220000000a00 */
        /*09a0*/              @!P1 IADD R31, R14.reuse, R30 ;                             /* 0x0000001e0e1f9235 */
                                                                                          /* 0x040fe200078e0000 */
        /*09b0*/                   IADD R30, R14, 0x2 ;                                   /* 0x000000020e1e7835 */
                                                                                          /* 0x000fca00078e0000 */
        /*09c0*/                   ISETP.GE.AND P3, PT, R30, UR5, PT ;                    /* 0x000000051e007c0c */
                                                                                          /* 0x000fe2000bf66270 */
        /*09d0*/                   MOV R35, RZ ;                                          /* 0x000000ff00237202 */
                                                                                          /* 0x000fe20000000f00 */
        /*09e0*/                   HFMA2 R37, -RZ, RZ, 0, 0 ;                             /* 0x00000000ff257431 */
                                                                                          /* 0x000fe400000001ff */
        /*09f0*/              @!P1 IMAD.WIDE R30, R31, 0x4, R10 ;                         /* 0x000000041f1e9825 */
                                                                                          /* 0x001fe200078e020a */
        /*0a00*/                   LEA R10, P4, R8, UR8, 0x2 ;                            /* 0x00000008080a7c11 */
                                                                                          /* 0x002fc8000f8810ff */
        /*0a10*/                   LEA.HI.X R11, R8, UR9, R9, 0x2, P4 ;                   /* 0x00000009080b7c11 */
                                                                                          /* 0x000fe2000a0f1409 */
        /*0a20*/                   HFMA2 R9, -RZ, RZ, 0, 0 ;                              /* 0x00000000ff097431 */
                                                                                          /* 0x000fe200000001ff */
        /*0a30*/              @!P1 LDG.E.CONSTANT R33, desc[UR10][R30.64] ;               /* 0x0000000a1e219981 */
                                                                                          /* 0x000ee8000c1e9900 */
        /*0a40*/              @!P3 LDG.E.CONSTANT R35, desc[UR10][R10.64+0x8] ;           /* 0x0000080a0a23b981 */
                                                                                          /* 0x000f28000c1e9900 */
        /*0a50*/              @!P2 LDG.E.CONSTANT R9, desc[UR10][R10.64+0x4] ;            /* 0x0000040a0a09a981 */
                                                                                          /* 0x000f68000c1e9900 */
        /*0a60*/              @!P0 LDG.E.CONSTANT R37, desc[UR10][R10.64+0xc] ;           /* 0x00000c0a0a258981 */
                                                                                          /* 0x000ea8000c1e9900 */
        /*0a70*/                   STS [R18], R33 ;                                       /* 0x0000002112007388 */
                                                                                          /* 0x0083e80000000800 */
        /*0a80*/                   STS [R18+0x8], R35 ;                                   /* 0x0000082312007388 */
                                                                                          /* 0x0103e80000000800 */
        /*0a90*/                   STS [R18+0x4], R9 ;                                    /* 0x0000040912007388 */
                                                                                          /* 0x0203e80000000800 */
        /*0aa0*/                   STS [R18+0xc], R37 ;                                   /* 0x00000c2512007388 */
                                                                                          /* 0x0043e20000000800 */
        /*0ab0*/                   BRA 0xad0 ;                                            /* 0x0000000000047947 */
                                                                                          /* 0x000fea0003800000 */
        /*0ac0*/                   STS.128 [R18], RZ ;                                    /* 0x000000ff12007388 */
                                                                                          /* 0x0007e40000000c00 */
        /*0ad0*/                   NOP ;                                                  /* 0x0000000000007918 */
                                                                                          /* 0x000fe20000000000 */
        /*0ae0*/                   BSYNC.RECONVERGENT B0 ;                                /* 0x0000000000007941 */
                                                                                          /* 0x000fea0003800200 */
        /*0af0*/                   BAR.SYNC.DEFER_BLOCKING 0x0 ;                          /* 0x0000000000007b1d */
                                                                                          /* 0x000fe20000010000 */
        /*0b00*/                   UISETP.GE.AND UP0, UPT, UR7, 0x1, UPT ;                /* 0x000000010700788c */
                                                                                          /* 0x000fd2000bf06270 */
        /*0b10*/                   BRA.U !UP0, 0x1b10 ;                                   /* 0x0000000d08fc7547 */
                                                                                          /* 0x000fea000b800000 */
        /*0b20*/                   S2UR UR8, SR_CgaCtaId ;                                /* 0x00000000000879c3 */
                                                                                          /* 0x000f220000008800 */
        /*0b30*/                   UMOV UR6, 0x400 ;                                      /* 0x0000040000067882 */
                                                                                          /* 0x000fe20000000000 */
        /*0b40*/                   UISETP.GT.AND UP2, UPT, UR7, 0x3, UPT ;                /* 0x000000030700788c */
                                                                                          /* 0x000fe2000bf44270 */
        /*0b50*/                   UIADD3 UR5, UPT, UPT, UR6, 0x1000, URZ ;               /* 0x0000100006057890 */
                                                                                          /* 0x000fe2000fffe0ff */
        /*0b60*/                   HFMA2 R32, -RZ, RZ, 0, 0 ;                             /* 0x00000000ff207431 */
                                                                                          /* 0x000fe200000001ff */
        /*0b70*/                   UPLOP3.LUT UP0, UPT, UPT, UPT, UPT, 0x80, 0x8 ;        /* 0x000000000008789c */
                                                                                          /* 0x000fe40003f0f070 */
        /*0b80*/                   ULEA UR9, UR8, UR5, 0x18 ;                             /* 0x0000000508097291 */
                                                                                          /* 0x010fe2000f8ec0ff */
        /*0b90*/                   ULEA UR6, UR8, UR6, 0x18 ;                             /* 0x0000000608067291 */
                                                                                          /* 0x000fe4000f8ec0ff */
        /*0ba0*/                   UMOV UR5, URZ ;                                        /* 0x000000ff00057c82 */
                                                                                          /* 0x000fc60008000000 */
        /*0bb0*/                   LEA R30, R12, UR9, 0x4 ;                               /* 0x000000090c1e7c11 */
                                                                                          /* 0x000fca000f8e20ff */
        /*0bc0*/                   IADD R30, R30, 0x8 ;                                   /* 0x000000081e1e7835 */
                                                                                          /* 0x000fe200078e0000 */
        /*0bd0*/                   BRA.U !UP2, 0x1460 ;                                   /* 0x000000090a207547 */
                                                                                          /* 0x000fec000b800000 */
        /*0be0*/                   IADD R33, R15.reuse, 0x2 ;                             /* 0x000000020f217835 */
                                                                                          /* 0x042fe200078e0000 */
        /*0bf0*/                   IADD R31, R15, 0x3 ;                                   /* 0x000000030f1f7835 */
                                                                                          /* 0x000fe200078e0000 */
        /*0c00*/                   UIADD3 UR8, UPT, UPT, UR7, -0x3, URZ ;                 /* 0xfffffffd07087890 */
                                                                                          /* 0x000fe2000fffe0ff */
        /*0c10*/                   UPLOP3.LUT UP0, UPT, UPT, UPT, UPT, 0x40, 0x4 ;        /* 0x000000000004789c */
                                                                                          /* 0x00dfd60003f0e870 */
        /*0c20*/                   LOP3.LUT R8, R15, 0x18, R32, 0x78, !PT ;               /* 0x000000180f087812 */
                                                                                          /* 0x000fe200078e7820 */
        /*0c30*/                   LDS.64 R10, [R30] ;                                    /* 0x000000001e0a7984 */
                                                                                          /* 0x000fe20000000a00 */
        /*0c40*/                   UIADD3 UR5, UPT, UPT, UR5, 0x4, URZ ;                  /* 0x0000000405057890 */
                                                                                          /* 0x000fe4000fffe0ff */
        /*0c50*/                   LEA R36, R8, UR6, 0x2 ;                                /* 0x0000000608247c11 */
                                                                                          /* 0x000fe4000f8e10ff */
        /*0c60*/                   LDS.64 R8, [R30+-0x8] ;                                /* 0xfffff8001e087984 */
                                                                                          /* 0x000fe20000000a00 */
        /*0c70*/                   UISETP.GE.AND UP2, UPT, UR5, UR8, UPT ;                /* 0x000000080500728c */
                                                                                          /* 0x000fc6000bf46270 */
        /*0c80*/                   LDS R36, [R36] ;                                       /* 0x0000000024247984 */
                                                                                          /* 0x000e240000000800 */
        /*0c90*/                   FFMA.FTZ R34, R36.reuse, R11, R4 ;                     /* 0x0000000b24227223 */
                                                                                          /* 0x041fe20000010004 */
        /*0ca0*/                   LOP3.LUT R4, R19, 0x18, R32, 0x78, !PT ;               /* 0x0000001813047812 */
                                                                                          /* 0x000fe200078e7820 */
        /*0cb0*/                   FFMA.FTZ R13, R36.reuse, R8, R13 ;                     /* 0x00000008240d7223 */
                                                                                          /* 0x040fe2000001000d */
        /*0cc0*/                   FFMA.FTZ R6, R36.reuse, R9, R6 ;                       /* 0x0000000924067223 */
                                                                                          /* 0x040fe20000010006 */
        /*0cd0*/                   FFMA.FTZ R7, R36, R10, R7 ;                            /* 0x0000000a24077223 */
                                                                                          /* 0x000fe20000010007 */
        /*0ce0*/                   LEA R4, R4, UR6, 0x2 ;                                 /* 0x0000000604047c11 */
                                                                                          /* 0x000fca000f8e10ff */
        /*0cf0*/                   LDS R39, [R4] ;                                        /* 0x0000000004277984 */
                                                                                          /* 0x000e240000000800 */
        /*0d00*/                   FFMA.FTZ R36, R39, R9, R2 ;                            /* 0x0000000927247223 */
                                                                                          /* 0x001fe20000010002 */
        /*0d10*/                   LOP3.LUT R2, R33, 0x18, R32, 0x78, !PT ;               /* 0x0000001821027812 */
                                                                                          /* 0x000fe200078e7820 */
        /*0d20*/                   FFMA.FTZ R37, R10, R39.reuse, R3 ;                     /* 0x000000270a257223 */
                                                                                          /* 0x080fe20000010003 */
        /*0d30*/                   FFMA.FTZ R35, R8, R39, R5 ;                            /* 0x0000002708237223 */
                                                                                          /* 0x000fe20000010005 */
        /*0d40*/                   FFMA.FTZ R0, R39, R11, R0 ;                            /* 0x0000000b27007223 */
                                                                                          /* 0x000fe20000010000 */
        /*0d50*/                   LEA R2, R2, UR6, 0x2 ;                                 /* 0x0000000602027c11 */
                                                                                          /* 0x000fca000f8e10ff */
        /*0d60*/                   LDS R3, [R2] ;                                         /* 0x0000000002037984 */
                                                                                          /* 0x000e240000000800 */
        /*0d70*/                   FFMA.FTZ R21, R8, R3, R21 ;                            /* 0x0000000308157223 */
                                                                                          /* 0x001fe20000010015 */
        /*0d80*/                   FFMA.FTZ R22, R3.reuse, R9, R22 ;                      /* 0x0000000903167223 */
                                                                                          /* 0x040fe20000010016 */
        /*0d90*/                   FFMA.FTZ R23, R10, R3, R23 ;                           /* 0x000000030a177223 */
                                                                                          /* 0x000fe20000010017 */
        /*0da0*/                   FFMA.FTZ R24, R3, R11, R24 ;                           /* 0x0000000b03187223 */
                                                                                          /* 0x000fe20000010018 */
        /*0db0*/                   LOP3.LUT R3, R31, 0x18, R32, 0x78, !PT ;               /* 0x000000181f037812 */
                                                                                          /* 0x000fc800078e7820 */
        /*0dc0*/                   LEA R4, R3, UR6, 0x2 ;                                 /* 0x0000000603047c11 */
                                                                                          /* 0x000fca000f8e10ff */
        /*0dd0*/                   LDS R3, [R4] ;                                         /* 0x0000000004037984 */
                                                                                          /* 0x000e280000000800 */
        /*0de0*/                   LDS.64 R4, [R30+0x100] ;                               /* 0x000100001e047984 */
                                                                                          /* 0x000fe20000000a00 */
        /*0df0*/                   FFMA.FTZ R25, R8, R3, R25 ;                            /* 0x0000000308197223 */
                                                                                          /* 0x001fe20000010019 */
        /*0e00*/                   IADD R8, R32, 0x2 ;                                    /* 0x0000000220087835 */
                                                                                          /* 0x000fe200078e0000 */
        /*0e10*/                   FFMA.FTZ R26, R3.reuse, R9, R26 ;                      /* 0x00000009031a7223 */
                                                                                          /* 0x040fe2000001001a */
        /*0e20*/                   FFMA.FTZ R29, R10, R3, R29 ;                           /* 0x000000030a1d7223 */
                                                                                          /* 0x000fe2000001001d */
        /*0e30*/                   FFMA.FTZ R28, R3, R11, R28 ;                           /* 0x0000000b031c7223 */
                                                                                          /* 0x000fe4000001001c */
        /*0e40*/                   LOP3.LUT R8, R8, 0x18, RZ, 0xc0, !PT ;                 /* 0x0000001808087812 */
                                                                                          /* 0x000fc800078ec0ff */
        /*0e50*/                   LOP3.LUT R2, R15, R8.reuse, RZ, 0x3c, !PT ;            /* 0x000000080f027212 */
                                                                                          /* 0x080fe400078e3cff */
        /*0e60*/                   LOP3.LUT R9, R19, R8, RZ, 0x3c, !PT ;                  /* 0x0000000813097212 */
                                                                                          /* 0x000fe400078e3cff */
        /*0e70*/                   LEA R38, R2, UR6, 0x2 ;                                /* 0x0000000602267c11 */
                                                                                          /* 0x000fe4000f8e10ff */
        /*0e80*/                   LDS.64 R2, [R30+0xf8] ;                                /* 0x0000f8001e027984 */
                                                                                          /* 0x000fe80000000a00 */
        /*0e90*/                   LDS R10, [R38+0x100] ;                                 /* 0x00010000260a7984 */
                                                                                          /* 0x000e240000000800 */
        /*0ea0*/                   FFMA.FTZ R13, R10.reuse, R2, R13 ;                     /* 0x000000020a0d7223 */
                                                                                          /* 0x041fe2000001000d */
        /*0eb0*/                   FFMA.FTZ R6, R10.reuse, R3, R6 ;                       /* 0x000000030a067223 */
                                                                                          /* 0x040fe20000010006 */
        /*0ec0*/                   FFMA.FTZ R7, R10.reuse, R4, R7 ;                       /* 0x000000040a077223 */
                                                                                          /* 0x040fe20000010007 */
        /*0ed0*/                   FFMA.FTZ R34, R10, R5, R34 ;                           /* 0x000000050a227223 */
                                                                                          /* 0x000fe20000010022 */
        /*0ee0*/                   LEA R10, R9, UR6, 0x2 ;                                /* 0x00000006090a7c11 */
                                                                                          /* 0x000fca000f8e10ff */
        /*0ef0*/                   LDS R9, [R10+0x100] ;                                  /* 0x000100000a097984 */
                                                                                          /* 0x000e240000000800 */
        /*0f00*/                   FFMA.FTZ R35, R2, R9, R35 ;                            /* 0x0000000902237223 */
                                                                                          /* 0x001fe20000010023 */
        /*0f10*/                   FFMA.FTZ R36, R9.reuse, R3, R36 ;                      /* 0x0000000309247223 */
                                                                                          /* 0x040fe20000010024 */
        /*0f20*/                   FFMA.FTZ R37, R4, R9, R37 ;                            /* 0x0000000904257223 */
                                                                                          /* 0x000fe20000010025 */
        /*0f30*/                   FFMA.FTZ R0, R9, R5, R0 ;                              /* 0x0000000509007223 */
                                                                                          /* 0x000fe20000010000 */
        /*0f40*/                   LOP3.LUT R9, R33, R8.reuse, RZ, 0x3c, !PT ;            /* 0x0000000821097212 */
                                                                                          /* 0x080fe400078e3cff */
        /*0f50*/                   LOP3.LUT R8, R31, R8, RZ, 0x3c, !PT ;                  /* 0x000000081f087212 */
                                                                                          /* 0x000fe400078e3cff */
        /*0f60*/                   LEA R11, R9, UR6, 0x2 ;                                /* 0x00000006090b7c11 */
                                                                                          /* 0x000fca000f8e10ff */
        /*0f70*/                   LDS R9, [R11+0x100] ;                                  /* 0x000100000b097984 */
                                                                                          /* 0x000e240000000800 */
        /*0f80*/                   FFMA.FTZ R21, R2, R9, R21 ;                            /* 0x0000000902157223 */
                                                                                          /* 0x001fe20000010015 */
        /*0f90*/                   FFMA.FTZ R22, R9.reuse, R3, R22 ;                      /* 0x0000000309167223 */
                                                                                          /* 0x040fe20000010016 */
        /*0fa0*/                   FFMA.FTZ R23, R4, R9, R23 ;                            /* 0x0000000904177223 */
                                                                                          /* 0x000fe20000010017 */
        /*0fb0*/                   FFMA.FTZ R24, R9, R5, R24 ;                            /* 0x0000000509187223 */
                                                                                          /* 0x000fe20000010018 */
        /*0fc0*/                   LEA R9, R8, UR6, 0x2 ;                                 /* 0x0000000608097c11 */
                                                                                          /* 0x000fe2000f8e10ff */
        /*0fd0*/                   IADD R8, R32, 0x4 ;                                    /* 0x0000000420087835 */
                                                                                          /* 0x000fca00078e0000 */
        /*0fe0*/                   LDS R9, [R9+0x100] ;                                   /* 0x0001000009097984 */
                                                                                          /* 0x000e220000000800 */
        /*0ff0*/                   LOP3.LUT R8, R8, 0x18, RZ, 0xc0, !PT ;                 /* 0x0000001808087812 */
                                                                                          /* 0x000fe200078ec0ff */
        /*1000*/                   FFMA.FTZ R25, R2, R9, R25 ;                            /* 0x0000000902197223 */
                                                                                          /* 0x001fc60000010019 */
        /*1010*/                   LOP3.LUT R2, R15, R8.reuse, RZ, 0x3c, !PT ;            /* 0x000000080f027212 */
                                                                                          /* 0x080fe200078e3cff */
        /*1020*/                   FFMA.FTZ R26, R9.reuse, R3, R26 ;                      /* 0x00000003091a7223 */
                                                                                          /* 0x040fe2000001001a */
        /*1030*/                   FFMA.FTZ R29, R4, R9, R29 ;                            /* 0x00000009041d7223 */
                                                                                          /* 0x000fe2000001001d */
        /*1040*/                   FFMA.FTZ R10, R9, R5, R28 ;                            /* 0x00000005090a7223 */
                                                                                          /* 0x000fe2000001001c */
        /*1050*/                   LEA R11, R2, UR6, 0x2 ;                                /* 0x00000006020b7c11 */
                                                                                          /* 0x000fe2000f8e10ff */
        /*1060*/                   LDS.64 R4, [R30+0x200] ;                               /* 0x000200001e047984 */
                                                                                          /* 0x000fe20000000a00 */
        /*1070*/                   LOP3.LUT R9, R19, R8, RZ, 0x3c, !PT ;                  /* 0x0000000813097212 */
                                                                                          /* 0x000fc600078e3cff */
        /*1080*/                   LDS R28, [R11+0x200] ;                                 /* 0x000200000b1c7984 */
                                                                                          /* 0x000e280000000800 */
        /*1090*/                   LDS.64 R2, [R30+0x1f8] ;                               /* 0x0001f8001e027984 */
                                                                                          /* 0x000e620000000a00 */
        /*10a0*/                   FFMA.FTZ R7, R28.reuse, R4, R7 ;                       /* 0x000000041c077223 */
                                                                                          /* 0x041fe20000010007 */
        /*10b0*/                   FFMA.FTZ R34, R28.reuse, R5, R34 ;                     /* 0x000000051c227223 */
                                                                                          /* 0x040fe20000010022 */
        /*10c0*/                   FFMA.FTZ R13, R28.reuse, R2, R13 ;                     /* 0x000000021c0d7223 */
                                                                                          /* 0x042fe2000001000d */
        /*10d0*/                   FFMA.FTZ R6, R28, R3, R6 ;                             /* 0x000000031c067223 */
                                                                                          /* 0x000fe20000010006 */
        /*10e0*/                   LEA R28, R9, UR6, 0x2 ;                                /* 0x00000006091c7c11 */
                                                                                          /* 0x000fca000f8e10ff */
        /*10f0*/                   LDS R9, [R28+0x200] ;                                  /* 0x000200001c097984 */
                                                                                          /* 0x0000640000000800 */
        /*1100*/                   IADD R28, R32.reuse, 0x6 ;                             /* 0x00000006201c7835 */
                                                                                          /* 0x041fe200078e0000 */
        /*1110*/                   IADD R32, R32, 0x8 ;                                   /* 0x0000000820207835 */
                                                                                          /* 0x000fc800078e0000 */
        /*1120*/                   LOP3.LUT R28, R28, 0x18, RZ, 0xc0, !PT ;               /* 0x000000181c1c7812 */
                                                                                          /* 0x000fe200078ec0ff */
        /*1130*/                   FFMA.FTZ R35, R2, R9, R35 ;                            /* 0x0000000902237223 */
                                                                                          /* 0x002fe20000010023 */
        /*1140*/                   FFMA.FTZ R36, R9.reuse, R3, R36 ;                      /* 0x0000000309247223 */
                                                                                          /* 0x040fe20000010024 */
        /*1150*/                   FFMA.FTZ R37, R4, R9, R37 ;                            /* 0x0000000904257223 */
                                                                                          /* 0x000fe20000010025 */
        /*1160*/                   FFMA.FTZ R0, R9, R5, R0 ;                              /* 0x0000000509007223 */
                                                                                          /* 0x000fe20000010000 */
        /*1170*/                   LOP3.LUT R9, R33, R8.reuse, RZ, 0x3c, !PT ;            /* 0x0000000821097212 */
                                                                                          /* 0x080fe400078e3cff */
        /*1180*/                   LOP3.LUT R8, R31, R8, RZ, 0x3c, !PT ;                  /* 0x000000081f087212 */
                                                                                          /* 0x000fe400078e3cff */
        /*1190*/                   LEA R11, R9, UR6, 0x2 ;                                /* 0x00000006090b7c11 */
                                                                                          /* 0x000fe4000f8e10ff */
        /*11a0*/                   LEA R39, R8, UR6, 0x2 ;                                /* 0x0000000608277c11 */
                                                                                          /* 0x000fc6000f8e10ff */
        /*11b0*/                   LDS R9, [R11+0x200] ;                                  /* 0x000200000b097984 */
                                                                                          /* 0x000e240000000800 */
        /*11c0*/                   FFMA.FTZ R21, R2, R9, R21 ;                            /* 0x0000000902157223 */
                                                                                          /* 0x001fe20000010015 */
        /*11d0*/                   FFMA.FTZ R22, R9.reuse, R3, R22 ;                      /* 0x0000000309167223 */
                                                                                          /* 0x040fe20000010016 */
        /*11e0*/                   FFMA.FTZ R23, R4, R9, R23 ;                            /* 0x0000000904177223 */
                                                                                          /* 0x000fe20000010017 */
        /*11f0*/                   FFMA.FTZ R24, R9, R5, R24 ;                            /* 0x0000000509187223 */
                                                                                          /* 0x000fe40000010018 */
        /*1200*/                   LDS R9, [R39+0x200] ;                                  /* 0x0002000027097984 */
                                                                                          /* 0x000e240000000800 */
        /*1210*/                   FFMA.FTZ R25, R2, R9, R25 ;                            /* 0x0000000902197223 */
                                                                                          /* 0x001fe20000010019 */
        /*1220*/                   LOP3.LUT R2, R15, R28.reuse, RZ, 0x3c, !PT ;           /* 0x0000001c0f027212 */
                                                                                          /* 0x080fe200078e3cff */
        /*1230*/                   FFMA.FTZ R26, R9.reuse, R3, R26 ;                      /* 0x00000003091a7223 */
                                                                                          /* 0x040fe2000001001a */
        /*1240*/                   FFMA.FTZ R29, R4, R9, R29 ;                            /* 0x00000009041d7223 */
                                                                                          /* 0x000fe2000001001d */
        /*1250*/                   FFMA.FTZ R38, R9, R5, R10 ;                            /* 0x0000000509267223 */
                                                                                          /* 0x000fe2000001000a */
        /*1260*/                   LEA R3, R2, UR6, 0x2 ;                                 /* 0x0000000602037c11 */
                                                                                          /* 0x000fe2000f8e10ff */
        /*1270*/                   LDS.64 R8, [R30+0x2f8] ;                               /* 0x0002f8001e087984 */
                                                                                          /* 0x000fe20000000a00 */
        /*1280*/                   LOP3.LUT R2, R19, R28, RZ, 0x3c, !PT ;                 /* 0x0000001c13027212 */
                                                                                          /* 0x000fc600078e3cff */
        /*1290*/                   LDS R4, [R3+0x300] ;                                   /* 0x0003000003047984 */
                                                                                          /* 0x000e220000000800 */
        /*12a0*/                   LEA R39, R2, UR6, 0x2 ;                                /* 0x0000000602277c11 */
                                                                                          /* 0x000fc6000f8e10ff */
        /*12b0*/                   LDS.64 R10, [R30+0x300] ;                              /* 0x000300001e0a7984 */
                                                                                          /* 0x0002a80000000a00 */
        /*12c0*/                   LDS R39, [R39+0x300] ;                                 /* 0x0003000027277984 */
                                                                                          /* 0x000ee20000000800 */
        /*12d0*/                   IADD R30, R30, 0x400 ;                                 /* 0x000004001e1e7835 */
                                                                                          /* 0x002fe200078e0000 */
        /*12e0*/                   FFMA.FTZ R13, R4.reuse, R8, R13 ;                      /* 0x00000008040d7223 */
                                                                                          /* 0x041fe2000001000d */
        /*12f0*/                   FFMA.FTZ R6, R4.reuse, R9, R6 ;                        /* 0x0000000904067223 */
                                                                                          /* 0x040fe20000010006 */
        /*1300*/                   FFMA.FTZ R7, R4.reuse, R10, R7 ;                       /* 0x0000000a04077223 */
                                                                                          /* 0x044fe20000010007 */
        /*1310*/                   FFMA.FTZ R4, R4, R11, R34 ;                            /* 0x0000000b04047223 */
                                                                                          /* 0x000fe20000010022 */
        /*1320*/                   LOP3.LUT R34, R33, R28.reuse, RZ, 0x3c, !PT ;          /* 0x0000001c21227212 */
                                                                                          /* 0x080fe200078e3cff */
        /*1330*/                   FFMA.FTZ R5, R8, R39, R35 ;                            /* 0x0000002708057223 */
                                                                                          /* 0x008fe20000010023 */
        /*1340*/                   LOP3.LUT R28, R31, R28, RZ, 0x3c, !PT ;                /* 0x0000001c1f1c7212 */
                                                                                          /* 0x000fe200078e3cff */
        /*1350*/                   FFMA.FTZ R2, R39.reuse, R9, R36 ;                      /* 0x0000000927027223 */
                                                                                          /* 0x040fe20000010024 */
        /*1360*/                   LEA R34, R34, UR6, 0x2 ;                               /* 0x0000000622227c11 */
                                                                                          /* 0x000fe2000f8e10ff */
        /*1370*/                   FFMA.FTZ R3, R10, R39, R37 ;                           /* 0x000000270a037223 */
                                                                                          /* 0x000fe20000010025 */
        /*1380*/                   FFMA.FTZ R0, R39, R11, R0 ;                            /* 0x0000000b27007223 */
                                                                                          /* 0x000fc60000010000 */
        /*1390*/                   LDS R35, [R34+0x300] ;                                 /* 0x0003000022237984 */
                                                                                          /* 0x000e240000000800 */
        /*13a0*/                   FFMA.FTZ R21, R8, R35, R21 ;                           /* 0x0000002308157223 */
                                                                                          /* 0x001fe20000010015 */
        /*13b0*/                   FFMA.FTZ R22, R35.reuse, R9, R22 ;                     /* 0x0000000923167223 */
                                                                                          /* 0x040fe20000010016 */
        /*13c0*/                   FFMA.FTZ R23, R10, R35, R23 ;                          /* 0x000000230a177223 */
                                                                                          /* 0x000fe20000010017 */
        /*13d0*/                   FFMA.FTZ R24, R35, R11, R24 ;                          /* 0x0000000b23187223 */
                                                                                          /* 0x000fe20000010018 */
        /*13e0*/                   LEA R35, R28, UR6, 0x2 ;                               /* 0x000000061c237c11 */
                                                                                          /* 0x000fe2000f8e10ff */
        /*13f0*/                   UIADD3 UR6, UPT, UPT, UR6, 0x400, URZ ;                /* 0x0000040006067890 */
                                                                                          /* 0x000fca000fffe0ff */
        /*1400*/                   LDS R35, [R35+0x300] ;                                 /* 0x0003000023237984 */
                                                                                          /* 0x000e240000000800 */
        /*1410*/                   FFMA.FTZ R25, R8, R35, R25 ;                           /* 0x0000002308197223 */
                                                                                          /* 0x001fe20000010019 */
        /*1420*/                   FFMA.FTZ R26, R35.reuse, R9, R26 ;                     /* 0x00000009231a7223 */
                                                                                          /* 0x040fe2000001001a */
        /*1430*/                   FFMA.FTZ R29, R10, R35, R29 ;                          /* 0x000000230a1d7223 */
                                                                                          /* 0x000fe2000001001d */
        /*1440*/                   FFMA.FTZ R28, R35, R11, R38 ;                          /* 0x0000000b231c7223 */
                                                                                          /* 0x000fe20000010026 */
        /*1450*/                   BRA.U !UP2, 0xc20 ;                                    /* 0xfffffff50af07547 */
                                                                                          /* 0x000fec000b83ffff */
        /*1460*/                   UIADD3 UR8, UPT, UPT, UR7, -UR5, URZ ;                 /* 0x8000000507087290 */
                                                                                          /* 0x000fc8000fffe0ff */
        /*1470*/                   UISETP.GT.AND UP2, UPT, UR8, 0x1, UPT ;                /* 0x000000010800788c */
                                                                                          /* 0x000fd2000bf44270 */
        /*1480*/                   BRA.U !UP2, 0x18e0 ;                                   /* 0x000000050a147547 */
                                                                                          /* 0x000fea000b800000 */
        /*1490*/                   LOP3.LUT R8, R15.reuse, 0x18, R32.reuse, 0x78, !PT ;   /* 0x000000180f087812 */
                                                                                          /* 0x141fe200078e7820 */
        /*14a0*/                   LDS.64 R10, [R30] ;                                    /* 0x000000001e0a7984 */
                                                                                          /* 0x000fe20000000a00 */
        /*14b0*/                   IADD R33, R15, 0x2 ;                                   /* 0x000000020f217835 */
                                                                                          /* 0x002fe200078e0000 */
        /*14c0*/                   UIADD3 UR5, UPT, UPT, UR5, 0x2, URZ ;                  /* 0x0000000205057890 */
                                                                                          /* 0x000fe2000fffe0ff */
        /*14d0*/                   LEA R31, R8, UR6, 0x2 ;                                /* 0x00000006081f7c11 */
                                                                                          /* 0x000fe2000f8e10ff */
        /*14e0*/                   UPLOP3.LUT UP0, UPT, UPT, UPT, UPT, 0x40, 0x4 ;        /* 0x000000000004789c */
                                                                                          /* 0x000fe20003f0e870 */
        /*14f0*/                   LDS.64 R8, [R30+-0x8] ;                                /* 0xfffff8001e087984 */
                                                                                          /* 0x000fe20000000a00 */
        /*1500*/                   LOP3.LUT R35, R33, 0x18, R32, 0x78, !PT ;              /* 0x0000001821237812 */
                                                                                          /* 0x000fc600078e7820 */
        /*1510*/                   LDS R34, [R31] ;                                       /* 0x000000001f227984 */
                                                                                          /* 0x000e220000000800 */
        /*1520*/                   LEA R36, R35, UR6, 0x2 ;                               /* 0x0000000623247c11 */
                                                                                          /* 0x000fca000f8e10ff */
        /*1530*/                   LDS R31, [R36] ;                                       /* 0x00000000241f7984 */
                                                                                          /* 0x000e620000000800 */
        /*1540*/                   FFMA.FTZ R13, R34.reuse, R8, R13 ;                     /* 0x00000008220d7223 */
                                                                                          /* 0x041fe2000001000d */
        /*1550*/                   FFMA.FTZ R6, R34.reuse, R9, R6 ;                       /* 0x0000000922067223 */
                                                                                          /* 0x040fe20000010006 */
        /*1560*/                   FFMA.FTZ R7, R34.reuse, R10, R7 ;                      /* 0x0000000a22077223 */
                                                                                          /* 0x040fe20000010007 */
        /*1570*/                   FFMA.FTZ R4, R34, R11, R4 ;                            /* 0x0000000b22047223 */
                                                                                          /* 0x000fe20000010004 */
        /*1580*/                   LOP3.LUT R34, R19, 0x18, R32, 0x78, !PT ;              /* 0x0000001813227812 */
                                                                                          /* 0x000fe200078e7820 */
        /*1590*/                   FFMA.FTZ R21, R8, R31, R21 ;                           /* 0x0000001f08157223 */
                                                                                          /* 0x002fe20000010015 */
        /*15a0*/                   FFMA.FTZ R22, R31.reuse, R9, R22 ;                     /* 0x000000091f167223 */
                                                                                          /* 0x040fe40000010016 */
        /*15b0*/                   LEA R34, R34, UR6, 0x2 ;                               /* 0x0000000622227c11 */
                                                                                          /* 0x000fe2000f8e10ff */
        /*15c0*/                   FFMA.FTZ R23, R10, R31, R23 ;                          /* 0x0000001f0a177223 */
                                                                                          /* 0x000fe20000010017 */
        /*15d0*/                   FFMA.FTZ R24, R31, R11, R24 ;                          /* 0x0000000b1f187223 */
                                                                                          /* 0x000fe20000010018 */
        /*15e0*/                   IADD R31, R15, 0x3 ;                                   /* 0x000000030f1f7835 */
                                                                                          /* 0x000fc400078e0000 */
        /*15f0*/                   LDS R35, [R34] ;                                       /* 0x0000000022237984 */
                                                                                          /* 0x0000660000000800 */
        /*1600*/                   LOP3.LUT R34, R31, 0x18, R32, 0x78, !PT ;              /* 0x000000181f227812 */
                                                                                          /* 0x001fe200078e7820 */
        /*1610*/                   FFMA.FTZ R5, R8, R35, R5 ;                             /* 0x0000002308057223 */
                                                                                          /* 0x002fe20000010005 */
        /*1620*/                   FFMA.FTZ R2, R35.reuse, R9, R2 ;                       /* 0x0000000923027223 */
                                                                                          /* 0x040fe20000010002 */
        /*1630*/                   FFMA.FTZ R3, R10, R35, R3 ;                            /* 0x000000230a037223 */
                                                                                          /* 0x000fe20000010003 */
        /*1640*/                   FFMA.FTZ R0, R35, R11, R0 ;                            /* 0x0000000b23007223 */
                                                                                          /* 0x000fe20000010000 */
        /*1650*/                   LEA R35, R34, UR6, 0x2 ;                               /* 0x0000000622237c11 */
                                                                                          /* 0x000fe2000f8e10ff */
        /*1660*/                   IADD R34, R32.reuse, 0x2 ;                             /* 0x0000000220227835 */
                                                                                          /* 0x040fe200078e0000 */
        /*1670*/                   IADD R32, R32, 0x4 ;                                   /* 0x0000000420207835 */
                                                                                          /* 0x000fc800078e0000 */
        /*1680*/                   LDS R35, [R35] ;                                       /* 0x0000000023237984 */
                                                                                          /* 0x000e220000000800 */
        /*1690*/                   LOP3.LUT R34, R34, 0x18, RZ, 0xc0, !PT ;               /* 0x0000001822227812 */
                                                                                          /* 0x000fc800078ec0ff */
        /*16a0*/                   LOP3.LUT R33, R33, R34.reuse, RZ, 0x3c, !PT ;          /* 0x0000002221217212 */
                                                                                          /* 0x080fe400078e3cff */
        /*16b0*/                   LOP3.LUT R31, R31, R34, RZ, 0x3c, !PT ;                /* 0x000000221f1f7212 */
                                                                                          /* 0x000fe400078e3cff */
        /*16c0*/                   LEA R37, R33, UR6, 0x2 ;                               /* 0x0000000621257c11 */
                                                                                          /* 0x000fe4000f8e10ff */
        /*16d0*/                   LEA R31, R31, UR6, 0x2 ;                               /* 0x000000061f1f7c11 */
                                                                                          /* 0x000fc6000f8e10ff */
        /*16e0*/                   LDS R33, [R37+0x100] ;                                 /* 0x0001000025217984 */
                                                                                          /* 0x000fe80000000800 */
        /*16f0*/                   LDS R31, [R31+0x100] ;                                 /* 0x000100001f1f7984 */
                                                                                          /* 0x000fe20000000800 */
        /*1700*/                   FFMA.FTZ R25, R8, R35, R25 ;                           /* 0x0000002308197223 */
                                                                                          /* 0x001fe20000010019 */
        /*1710*/                   FFMA.FTZ R26, R35.reuse, R9, R26 ;                     /* 0x00000009231a7223 */
                                                                                          /* 0x040fe2000001001a */
        /*1720*/                   FFMA.FTZ R29, R10, R35, R29 ;                          /* 0x000000230a1d7223 */
                                                                                          /* 0x000fe2000001001d */
        /*1730*/                   FFMA.FTZ R28, R35, R11, R28 ;                          /* 0x0000000b231c7223 */
                                                                                          /* 0x000fe2000001001c */
        /*1740*/                   LDS.64 R8, [R30+0xf8] ;                                /* 0x0000f8001e087984 */
                                                                                          /* 0x000e280000000a00 */
        /*1750*/                   LDS.64 R10, [R30+0x100] ;                              /* 0x000100001e0a7984 */
                                                                                          /* 0x0003240000000a00 */
        /*1760*/                   IADD R30, R30, 0x200 ;                                 /* 0x000002001e1e7835 */
                                                                                          /* 0x002fe200078e0000 */
        /*1770*/                   FFMA.FTZ R21, R8.reuse, R33, R21 ;                     /* 0x0000002108157223 */
                                                                                          /* 0x041fe20000010015 */
        /*1780*/                   FFMA.FTZ R22, R33, R9, R22 ;                           /* 0x0000000921167223 */
                                                                                          /* 0x000fe20000010016 */
        /*1790*/                   FFMA.FTZ R25, R8, R31, R25 ;                           /* 0x0000001f08197223 */
                                                                                          /* 0x000fe20000010019 */
        /*17a0*/                   FFMA.FTZ R26, R31, R9, R26 ;                           /* 0x000000091f1a7223 */
                                                                                          /* 0x000fe2000001001a */
        /*17b0*/                   FFMA.FTZ R23, R10.reuse, R33, R23 ;                    /* 0x000000210a177223 */
                                                                                          /* 0x050fe20000010017 */
        /*17c0*/                   FFMA.FTZ R24, R33, R11, R24 ;                          /* 0x0000000b21187223 */
                                                                                          /* 0x000fe20000010018 */
        /*17d0*/                   LOP3.LUT R33, R15, R34, RZ, 0x3c, !PT ;                /* 0x000000220f217212 */
                                                                                          /* 0x000fe200078e3cff */
        /*17e0*/                   FFMA.FTZ R29, R10, R31, R29 ;                          /* 0x0000001f0a1d7223 */
                                                                                          /* 0x000fe2000001001d */
        /*17f0*/                   FFMA.FTZ R28, R31, R11, R28 ;                          /* 0x0000000b1f1c7223 */
                                                                                          /* 0x000fc4000001001c */
        /*1800*/                   LEA R36, R33, UR6, 0x2 ;                               /* 0x0000000621247c11 */
                                                                                          /* 0x000fe4000f8e10ff */
        /*1810*/                   LOP3.LUT R33, R19, R34, RZ, 0x3c, !PT ;                /* 0x0000002213217212 */
                                                                                          /* 0x000fc800078e3cff */
        /*1820*/                   LEA R33, R33, UR6, 0x2 ;                               /* 0x0000000621217c11 */
                                                                                          /* 0x000fe2000f8e10ff */
        /*1830*/                   LDS R36, [R36+0x100] ;                                 /* 0x0001000024247984 */
                                                                                          /* 0x000e220000000800 */
        /*1840*/                   UIADD3 UR6, UPT, UPT, UR6, 0x200, URZ ;                /* 0x0000020006067890 */
                                                                                          /* 0x000fc8000fffe0ff */
        /*1850*/                   LDS R33, [R33+0x100] ;                                 /* 0x0001000021217984 */
                                                                                          /* 0x000e620000000800 */
        /*1860*/                   FFMA.FTZ R13, R36.reuse, R8, R13 ;                     /* 0x00000008240d7223 */
                                                                                          /* 0x041fe2000001000d */
        /*1870*/                   FFMA.FTZ R6, R36.reuse, R9, R6 ;                       /* 0x0000000924067223 */
                                                                                          /* 0x040fe20000010006 */
        /*1880*/                   FFMA.FTZ R7, R36.reuse, R10, R7 ;                      /* 0x0000000a24077223 */
                                                                                          /* 0x040fe20000010007 */
        /*1890*/                   FFMA.FTZ R4, R36, R11, R4 ;                            /* 0x0000000b24047223 */
                                                                                          /* 0x000fe20000010004 */
        /*18a0*/                   FFMA.FTZ R5, R8, R33, R5 ;                             /* 0x0000002108057223 */
                                                                                          /* 0x002fe20000010005 */
        /*18b0*/                   FFMA.FTZ R2, R33.reuse, R9, R2 ;                       /* 0x0000000921027223 */
                                                                                          /* 0x040fe20000010002 */
        /*18c0*/                   FFMA.FTZ R3, R10, R33, R3 ;                            /* 0x000000210a037223 */
                                                                                          /* 0x000fe20000010003 */
        /*18d0*/                   FFMA.FTZ R0, R33, R11, R0 ;                            /* 0x0000000b21007223 */
                                                                                          /* 0x000fce0000010000 */
        /*18e0*/                   UISETP.LT.OR UP0, UPT, UR5, UR7, UP0 ;                 /* 0x000000070500728c */
                                                                                          /* 0x000fd20008701670 */
        /*18f0*/                   BRA.U !UP0, 0x1b10 ;                                   /* 0x0000000108847547 */
                                                                                          /* 0x000fea000b800000 */
        /*1900*/                   IADD R9, R15.reuse, 0x2 ;                              /* 0x000000020f097835 */
                                                                                          /* 0x043fe200078e0000 */
        /*1910*/                   LOP3.LUT R32, R32, 0x18, RZ, 0xc0, !PT ;               /* 0x0000001820207812 */
                                                                                          /* 0x000fe200078ec0ff */
        /*1920*/                   IADD R11, R15, 0x3 ;                                   /* 0x000000030f0b7835 */
                                                                                          /* 0x000fc600078e0000 */
        /*1930*/                   LOP3.LUT R10, R9, R32.reuse, RZ, 0x3c, !PT ;           /* 0x00000020090a7212 */
                                                                                          /* 0x080fe400078e3cff */
        /*1940*/                   LOP3.LUT R8, R15, R32.reuse, RZ, 0x3c, !PT ;           /* 0x000000200f087212 */
                                                                                          /* 0x080fe400078e3cff */
        /*1950*/                   LOP3.LUT R9, R19, R32.reuse, RZ, 0x3c, !PT ;           /* 0x0000002013097212 */
                                                                                          /* 0x080fe400078e3cff */
        /*1960*/                   LOP3.LUT R32, R11, R32, RZ, 0x3c, !PT ;                /* 0x000000200b207212 */
                                                                                          /* 0x000fe400078e3cff */
        /*1970*/                   LEA R33, R9, UR6, 0x2 ;                                /* 0x0000000609217c11 */
                                                                                          /* 0x000fe4000f8e10ff */
        /*1980*/                   LEA R34, R10, UR6, 0x2 ;                               /* 0x000000060a227c11 */
                                                                                          /* 0x000fc4000f8e10ff */
        /*1990*/                   LEA R35, R32, UR6, 0x2 ;                               /* 0x0000000620237c11 */
                                                                                          /* 0x000fe2000f8e10ff */
        /*19a0*/                   LDS.64 R10, [R30] ;                                    /* 0x000000001e0a7984 */
                                                                                          /* 0x000fe20000000a00 */
        /*19b0*/                   LEA R31, R8, UR6, 0x2 ;                                /* 0x00000006081f7c11 */
                                                                                          /* 0x000fc6000f8e10ff */
        /*19c0*/                   LDS.64 R8, [R30+-0x8] ;                                /* 0xfffff8001e087984 */
                                                                                          /* 0x000fe80000000a00 */
        /*19d0*/                   LDS R32, [R31] ;                                       /* 0x000000001f207984 */
                                                                                          /* 0x000e280000000800 */
        /*19e0*/                   LDS R33, [R33] ;                                       /* 0x0000000021217984 */
                                                                                          /* 0x000e680000000800 */
        /*19f0*/                   LDS R34, [R34] ;                                       /* 0x0000000022227984 */
                                                                                          /* 0x000f280000000800 */
        /*1a00*/                   LDS R35, [R35] ;                                       /* 0x0000000023237984 */
                                                                                          /* 0x000f620000000800 */
        /*1a10*/                   FFMA.FTZ R13, R32.reuse, R8, R13 ;                     /* 0x00000008200d7223 */
                                                                                          /* 0x041fe2000001000d */
        /*1a20*/                   FFMA.FTZ R6, R32.reuse, R9, R6 ;                       /* 0x0000000920067223 */
                                                                                          /* 0x040fe20000010006 */
        /*1a30*/                   FFMA.FTZ R7, R32.reuse, R10, R7 ;                      /* 0x0000000a20077223 */
                                                                                          /* 0x040fe20000010007 */
        /*1a40*/                   FFMA.FTZ R4, R32, R11, R4 ;                            /* 0x0000000b20047223 */
                                                                                          /* 0x000fe20000010004 */
        /*1a50*/                   FFMA.FTZ R5, R8, R33, R5 ;                             /* 0x0000002108057223 */
                                                                                          /* 0x002fe20000010005 */
        /*1a60*/                   FFMA.FTZ R2, R33.reuse, R9, R2 ;                       /* 0x0000000921027223 */
                                                                                          /* 0x040fe20000010002 */
        /*1a70*/                   FFMA.FTZ R3, R10, R33, R3 ;                            /* 0x000000210a037223 */
                                                                                          /* 0x000fe20000010003 */
        /*1a80*/                   FFMA.FTZ R0, R33, R11, R0 ;                            /* 0x0000000b21007223 */
                                                                                          /* 0x000fe20000010000 */
        /*1a90*/                   FFMA.FTZ R21, R8, R34.reuse, R21 ;                     /* 0x0000002208157223 */
                                                                                          /* 0x090fe20000010015 */
        /*1aa0*/                   FFMA.FTZ R22, R34, R9, R22 ;                           /* 0x0000000922167223 */
                                                                                          /* 0x000fe20000010016 */
        /*1ab0*/                   FFMA.FTZ R23, R10, R34, R23 ;                          /* 0x000000220a177223 */
                                                                                          /* 0x000fe20000010017 */
        /*1ac0*/                   FFMA.FTZ R24, R34, R11, R24 ;                          /* 0x0000000b22187223 */
                                                                                          /* 0x000fe20000010018 */
        /*1ad0*/                   FFMA.FTZ R25, R8, R35, R25 ;                           /* 0x0000002308197223 */
                                                                                          /* 0x020fe20000010019 */
        /*1ae0*/                   FFMA.FTZ R26, R35.reuse, R9, R26 ;                     /* 0x00000009231a7223 */
                                                                                          /* 0x040fe2000001001a */
        /*1af0*/                   FFMA.FTZ R29, R10, R35, R29 ;                          /* 0x000000230a1d7223 */
                                                                                          /* 0x000fe2000001001d */
        /*1b00*/                   FFMA.FTZ R28, R35, R11, R28 ;                          /* 0x0000000b231c7223 */
                                                                                          /* 0x000fce000001001c */
        /*1b10*/                   BAR.SYNC.DEFER_BLOCKING 0x0 ;                          /* 0x0000000000007b1d */
                                                                                          /* 0x000fec0000010000 */
        /*1b20*/                   BRA.U !UP1, 0x310 ;                                    /* 0xffffffe509f87547 */
                                                                                          /* 0x000fea000b83ffff */
        /*1b30*/                   S2R R9, SR_CTAID.X ;                                   /* 0x0000000000097919 */
                                                                                          /* 0x003e220000002500 */
        /*1b40*/                   LDCU.64 UR8, c[0x0][0x398] ;                           /* 0x00007300ff0877ac */
                                                                                          /* 0x000e620008000a00 */
        /*1b50*/                   S2R R8, SR_CTAID.Y ;                                   /* 0x0000000000087919 */
                                                                                          /* 0x000ea20000002600 */
        /*1b60*/                   LDCU.64 UR6, c[0x0][0x390] ;                           /* 0x00007200ff0677ac */
                                                                                          /* 0x000f220008000a00 */
        /*1b70*/                   IMAD R16, R9, 0x10, R12 ;                              /* 0x0000001009107824 */
                                                                                          /* 0x001fc800078e020c */
        /*1b80*/                   IMAD.SHL.U32 R16, R16, 0x4, RZ ;                       /* 0x0000000410107824 */
                                                                                          /* 0x000fe400078e00ff */
        /*1b90*/                   IMAD R12, R8, 0x10, R27 ;                              /* 0x00000010080c7824 */
                                                                                          /* 0x004fc600078e021b */
        /*1ba0*/                   ISETP.GE.AND P1, PT, R16, UR9, PT ;                    /* 0x0000000910007c0c */
                                                                                          /* 0x002fe2000bf26270 */
        /*1bb0*/                   IMAD.SHL.U32 R12, R12, 0x4, RZ ;                       /* 0x000000040c0c7824 */
                                                                                          /* 0x000fe200078e00ff */
        /*1bc0*/                   ISETP.GE.AND P0, PT, R16.reuse, UR9, PT ;              /* 0x0000000910007c0c */
                                                                                          /* 0x040fe2000bf06270 */
        /*1bd0*/                   IADD R8, R16, 0x1 ;                                    /* 0x0000000110087835 */
                                                                                          /* 0x000fe200078e0000 */
        /*1be0*/                   SHF.R.S32.HI R17, RZ, 0x1f, R16 ;                      /* 0x0000001fff117819 */
                                                                                          /* 0x000fe20000011410 */
        /*1bf0*/                   IMAD R18, R12.reuse, UR9, RZ ;                         /* 0x000000090c127c24 */
                                                                                          /* 0x048fe2000f8e02ff */
        /*1c00*/                   ISETP.LT.AND P1, PT, R12.reuse, UR8, !P1 ;             /* 0x000000080c007c0c */
                                                                                          /* 0x040fe2000cf21270 */
        /*1c10*/                   IADD R20, R12, 0x1 ;                                   /* 0x000000010c147835 */
                                                                                          /* 0x000fe200078e0000 */
        /*1c20*/                   ISETP.GE.AND P3, PT, R8, UR9, PT ;                     /* 0x0000000908007c0c */
                                                                                          /* 0x000fe2000bf66270 */
        /*1c30*/                   IADD R8, R16, 0x2 ;                                    /* 0x0000000210087835 */
                                                                                          /* 0x000fe200078e0000 */
        /*1c40*/                   SHF.R.S32.HI R19, RZ, 0x1f, R18 ;                      /* 0x0000001fff137819 */
                                                                                          /* 0x000fc40000011412 */
        /*1c50*/                   ISETP.GE.OR P6, PT, R20, UR8, P0 ;                     /* 0x0000000814007c0c */
                                                                                          /* 0x000fe200087c6670 */
        /*1c60*/                   ISETP.GE.OR P5, PT, R12, UR8, P3 ;                     /* 0x000000080c007c0c */
                                                                                          /* 0x000fe20009fa6670 */
        /*1c70*/                   ISETP.GE.AND P2, PT, R8, UR9, PT ;                     /* 0x0000000908007c0c */
                                                                                          /* 0x000fe2000bf46270 */
        /*1c80*/                   IADD.64 R14, R18, R16 ;                                /* 0x00000010120e7235 */
                                                                                          /* 0x000fe400078e0200 */
        /*1c90*/                   IADD R19, R16, 0x3 ;                                   /* 0x0000000310137835 */
                                                                                          /* 0x000fe200078e0000 */
        /*1ca0*/                   IADD R27, R12, 0x2 ;                                   /* 0x000000020c1b7835 */
                                                                                          /* 0x000fe200078e0000 */
        /*1cb0*/               @P1 LDC.64 R30, c[0x0][0x390] ;                            /* 0x0000e400ff1e1b82 */
                                                                                          /* 0x000e220000000a00 */
        /*1cc0*/               @P1 IADD R9, R16, R18 ;                                    /* 0x0000001210091235 */
                                                                                          /* 0x000fe200078e0000 */
        /*1cd0*/                   LEA R8, P4, R14, UR6, 0x2 ;                            /* 0x000000060e087c11 */
                                                                                          /* 0x010fe2000f8810ff */
        /*1ce0*/                   IADD R18, R18, UR9 ;                                   /* 0x0000000912127c35 */
                                                                                          /* 0x000fca000f8e0000 */
        /*1cf0*/              @!P6 LDC.64 R10, c[0x0][0x390] ;                            /* 0x0000e400ff0aeb82 */
                                                                                          /* 0x000e620000000a00 */
        /*1d00*/               @P1 IMAD.WIDE R30, R9, 0x4, R30 ;                          /* 0x00000004091e1825 */
                                                                                          /* 0x001fe200078e021e */
        /*1d10*/                   LEA.HI.X R9, R14, UR7, R15, 0x2, P4 ;                  /* 0x000000070e097c11 */
                                                                                          /* 0x000fe2000a0f140f */
        /*1d20*/                   ISETP.GE.OR P4, PT, R12, UR8, P2 ;                     /* 0x000000080c007c0c */
                                                                                          /* 0x000fe20009786670 */
        /*1d30*/              @!P6 IADD R15, R16, R18.reuse ;                             /* 0x00000012100fe235 */
                                                                                          /* 0x080fe400078e0000 */
        /*1d40*/               @P1 STG.E desc[UR10][R30.64], R13 ;                        /* 0x0000000d1e001986 */
                                                                                          /* 0x0001e2000c10190a */
        /*1d50*/                   ISETP.GE.AND P1, PT, R19, UR9, PT ;                    /* 0x0000000913007c0c */
                                                                                          /* 0x000fe2000bf26270 */
        /*1d60*/                   SHF.R.S32.HI R19, RZ, 0x1f, R18 ;                      /* 0x0000001fff137819 */
                                                                                          /* 0x000fe40000011412 */
        /*1d70*/              @!P5 STG.E desc[UR10][R8.64+0x4], R6 ;                      /* 0x000004060800d986 */
                                                                                          /* 0x0005e2000c10190a */
        /*1d80*/              @!P6 IMAD.WIDE R14, R15, 0x4, R10 ;                         /* 0x000000040f0ee825 */
                                                                                          /* 0x002fe200078e020a */
        /*1d90*/                   ISETP.GE.OR P5, PT, R12, UR8, P1 ;                     /* 0x000000080c007c0c */
                                                                                          /* 0x000fe20008fa6670 */
        /*1da0*/                   IADD.64 R10, R16, R18 ;                                /* 0x00000012100a7235 */
                                                                                          /* 0x000fc400078e0200 */
        /*1db0*/                   IADD R18, R18, UR9 ;                                   /* 0x0000000912127c35 */
                                                                                          /* 0x000fe2000f8e0000 */
        /*1dc0*/              @!P4 STG.E desc[UR10][R8.64+0x8], R7 ;                      /* 0x000008070800c986 */
                                                                                          /* 0x0003e2000c10190a */
        /*1dd0*/                   ISETP.GE.OR P4, PT, R27, UR8, P0 ;                     /* 0x000000081b007c0c */
                                                                                          /* 0x000fe20008786670 */
        /*1de0*/                   IADD R30, R12, 0x3 ;                                   /* 0x000000030c1e7835 */
                                                                                          /* 0x001fe400078e0000 */
        /*1df0*/                   SHF.R.S32.HI R19, RZ, 0x1f, R18 ;                      /* 0x0000001fff137819 */
                                                                                          /* 0x000fc60000011412 */
        /*1e00*/                   ISETP.GE.OR P0, PT, R30, UR8, P0 ;                     /* 0x000000081e007c0c */
                                                                                          /* 0x000fe40008706670 */
        /*1e10*/              @!P5 STG.E desc[UR10][R8.64+0xc], R4 ;                      /* 0x00000c040800d986 */
                                                                                          /* 0x0001e2000c10190a */
        /*1e20*/                   ISETP.GE.OR P5, PT, R20, UR8, P3 ;                     /* 0x0000000814007c0c */
                                                                                          /* 0x000fc60009fa6670 */
        /*1e30*/              @!P6 STG.E desc[UR10][R14.64], R5 ;                         /* 0x000000050e00e986 */
                                                                                          /* 0x0007e2000c10190a */
        /*1e40*/                   LEA R6, P6, R10.reuse, UR6, 0x2 ;                      /* 0x000000060a067c11 */
                                                                                          /* 0x044fe2000f8c10ff */
        /*1e50*/              @!P4 LDC.64 R12, c[0x0][0x390] ;                            /* 0x0000e400ff0ccb82 */
                                                                                          /* 0x000ea60000000a00 */
        /*1e60*/                   LEA.HI.X R7, R10, UR7, R11, 0x2, P6 ;                  /* 0x000000070a077c11 */
                                                                                          /* 0x002fe2000b0f140b */
        /*1e70*/                   ISETP.GE.OR P6, PT, R20, UR8, P2 ;                     /* 0x0000000814007c0c */
                                                                                          /* 0x000fe200097c6670 */
        /*1e80*/              @!P4 IADD R11, R16, R18 ;                                   /* 0x00000012100bc235 */
                                                                                          /* 0x000fc600078e0000 */
        /*1e90*/              @!P5 STG.E desc[UR10][R6.64+0x4], R2 ;                      /* 0x000004020600d986 */
                                                                                          /* 0x000fe2000c10190a */
        /*1ea0*/                   ISETP.GE.OR P5, PT, R20, UR8, P1 ;                     /* 0x0000000814007c0c */
                                                                                          /* 0x000fe20008fa6670 */
        /*1eb0*/              @!P0 LDC.64 R8, c[0x0][0x390] ;                             /* 0x0000e400ff088b82 */
                                                                                          /* 0x001e220000000a00 */
        /*1ec0*/                   IADD.64 R4, R16, R18 ;                                 /* 0x0000001210047235 */
                                                                                          /* 0x008fe400078e0200 */
        /*1ed0*/                   IADD R18, R18, UR9 ;                                   /* 0x0000000912127c35 */
                                                                                          /* 0x000fc8000f8e0000 */
        /*1ee0*/              @!P6 STG.E desc[UR10][R6.64+0x8], R3 ;                      /* 0x000008030600e986 */
                                                                                          /* 0x0003e2000c10190a */
        /*1ef0*/                   LEA R10, P6, R4.reuse, UR6, 0x2 ;                      /* 0x00000006040a7c11 */
                                                                                          /* 0x040fe4000f8c10ff */
        /*1f00*/                   SHF.R.S32.HI R19, RZ, 0x1f, R18 ;                      /* 0x0000001fff137819 */
                                                                                          /* 0x000fe40000011412 */
        /*1f10*/              @!P5 STG.E desc[UR10][R6.64+0xc], R0 ;                      /* 0x00000c000600d986 */
                                                                                          /* 0x0007e2000c10190a */
        /*1f20*/                   ISETP.GE.OR P5, PT, R27, UR8, P3 ;                     /* 0x000000081b007c0c */
                                                                                          /* 0x000fe20009fa6670 */
        /*1f30*/              @!P4 IMAD.WIDE R12, R11, 0x4, R12 ;                         /* 0x000000040b0cc825 */
                                                                                          /* 0x004fe200078e020c */
        /*1f40*/                   LEA.HI.X R11, R4, UR7, R5, 0x2, P6 ;                   /* 0x00000007040b7c11 */
                                                                                          /* 0x000fe2000b0f1405 */
        /*1f50*/                   ISETP.GE.OR P6, PT, R27, UR8, P1 ;                     /* 0x000000081b007c0c */
                                                                                          /* 0x000fe20008fc6670 */
        /*1f60*/                   ISETP.GE.OR P3, PT, R30, UR8, P3 ;                     /* 0x000000081e007c0c */
                                                                                          /* 0x000fc40009f66670 */
        /*1f70*/              @!P4 STG.E desc[UR10][R12.64], R21 ;                        /* 0x000000150c00c986 */
                                                                                          /* 0x0007e2000c10190a */
        /*1f80*/                   ISETP.GE.OR P4, PT, R27, UR8, P2 ;                     /* 0x000000081b007c0c */
                                                                                          /* 0x000fe20009786670 */
        /*1f90*/              @!P0 IADD R3, R16.reuse, R18.reuse ;                        /* 0x0000001210038235 */
                                                                                          /* 0x0c2fe200078e0000 */
        /*1fa0*/                   IADD.64 R16, R16, R18 ;                                /* 0x0000001210107235 */
                                                                                          /* 0x000fe400078e0200 */
        /*1fb0*/                   ISETP.GE.OR P2, PT, R30.reuse, UR8, P2 ;               /* 0x000000081e007c0c */
                                                                                          /* 0x040fe20009746670 */
        /*1fc0*/                   ISETP.GE.OR P1, PT, R30, UR8, P1 ;                     /* 0x000000081e007c0c */
                                                                                          /* 0x000fe20008f26670 */
        /*1fd0*/              @!P5 STG.E desc[UR10][R10.64+0x4], R22 ;                    /* 0x000004160a00d986 */
                                                                                          /* 0x0007e2000c10190a */
        /*1fe0*/                   LEA R2, P5, R16.reuse, UR6, 0x2 ;                      /* 0x0000000610027c11 */
                                                                                          /* 0x040fe2000f8a10ff */
        /*1ff0*/              @!P0 IMAD.WIDE R8, R3, 0x4, R8 ;                            /* 0x0000000403088825 */
                                                                                          /* 0x001fe400078e0208 */
        /*2000*/              @!P6 STG.E desc[UR10][R10.64+0xc], R24 ;                    /* 0x00000c180a00e986 */
                                                                                          /* 0x0007e2000c10190a */
        /*2010*/                   LEA.HI.X R3, R16, UR7, R17, 0x2, P5 ;                  /* 0x0000000710037c11 */
                                                                                          /* 0x000fc6000a8f1411 */
        /*2020*/              @!P4 STG.E desc[UR10][R10.64+0x8], R23 ;                    /* 0x000008170a00c986 */
                                                                                          /* 0x0007e8000c10190a */
        /*2030*/              @!P0 STG.E desc[UR10][R8.64], R25 ;                         /* 0x0000001908008986 */
                                                                                          /* 0x0007e8000c10190a */
        /*2040*/              @!P3 STG.E desc[UR10][R2.64+0x4], R26 ;                     /* 0x0000041a0200b986 */
                                                                                          /* 0x0007e8000c10190a */
        /*2050*/              @!P2 STG.E desc[UR10][R2.64+0x8], R29 ;                     /* 0x0000081d0200a986 */
                                                                                          /* 0x0007e2000c10190a */
        /*2060*/               @P1 EXIT ;                                                 /* 0x000000000000194d */
                                                                                          /* 0x000fea0003800000 */
        /*2070*/                   STG.E desc[UR10][R2.64+0xc], R28 ;                     /* 0x00000c1c02007986 */
                                                                                          /* 0x000fe2000c10190a */
        /*2080*/                   EXIT ;                                                 /* 0x000000000000794d */
                                                                                          /* 0x000fea0003800000 */
        /*2090*/                   BRA 0x2090;                                            /* 0xfffffffc00fc7947 */
                                                                                          /* 0x000fc0000383ffff */
        /*20a0*/                   NOP;                                                   /* 0x0000000000007918 */
                                                                                          /* 0x000fc00000000000 */
        /*20b0*/                   NOP;                                                   /* 0x0000000000007918 */
                                                                                          /* 0x000fc00000000000 */
        /*20c0*/                   NOP;                                                   /* 0x0000000000007918 */
                                                                                          /* 0x000fc00000000000 */
        /*20d0*/                   NOP;                                                   /* 0x0000000000007918 */
                                                                                          /* 0x000fc00000000000 */
        /*20e0*/                   NOP;                                                   /* 0x0000000000007918 */
                                                                                          /* 0x000fc00000000000 */
        /*20f0*/                   NOP;                                                   /* 0x0000000000007918 */
                                                                                          /* 0x000fc00000000000 */
        /*2100*/                   NOP;                                                   /* 0x0000000000007918 */
                                                                                          /* 0x000fc00000000000 */
        /*2110*/                   NOP;                                                   /* 0x0000000000007918 */
                                                                                          /* 0x000fc00000000000 */
        /*2120*/                   NOP;                                                   /* 0x0000000000007918 */
                                                                                          /* 0x000fc00000000000 */
        /*2130*/                   NOP;                                                   /* 0x0000000000007918 */
                                                                                          /* 0x000fc00000000000 */
        /*2140*/                   NOP;                                                   /* 0x0000000000007918 */
                                                                                          /* 0x000fc00000000000 */
        /*2150*/                   NOP;                                                   /* 0x0000000000007918 */
                                                                                          /* 0x000fc00000000000 */
        /*2160*/                   NOP;                                                   /* 0x0000000000007918 */
                                                                                          /* 0x000fc00000000000 */
        /*2170*/                   NOP;                                                   /* 0x0000000000007918 */
                                                                                          /* 0x000fc00000000000 */
		..........


		Function : _Z31register_tiled_gemm_AsT_swizzleILb1ELb1EEvPKfS1_Pfiii
	.headerflags	@"EF_CUDA_SM120 EF_CUDA_VIRTUAL_SM(EF_CUDA_SM120)"
        /*0000*/                   LDC R1, c[0x0][0x37c] ;                                /* 0x0000df00ff017b82 */
                                                                                          /* 0x000fe20000000800 */
        /*0010*/                   LDCU UR7, c[0x0][0x3a0] ;                              /* 0x00007400ff0777ac */
                                                                                          /* 0x000e220008000800 */
        /*0020*/                   S2R R12, SR_TID.X ;                                    /* 0x00000000000c7919 */
                                                                                          /* 0x000e620000002100 */
        /*0030*/                   HFMA2 R26, -RZ, RZ, 0, 0 ;                             /* 0x00000000ff1a7431 */
                                                                                          /* 0x000fe200000001ff */
        /*0040*/                   CS2R R28, SRZ ;                                        /* 0x00000000001c7805 */
                                                                                          /* 0x000fe2000001ff00 */
        /*0050*/                   HFMA2 R0, -RZ, RZ, 0, 0 ;                              /* 0x00000000ff007431 */
                                                                                          /* 0x000fe200000001ff */
        /*0060*/                   S2R R27, SR_TID.Y ;                                    /* 0x00000000001b7919 */
                                                                                          /* 0x000ea20000002200 */
        /*0070*/                   CS2R R24, SRZ ;                                        /* 0x0000000000187805 */
                                                                                          /* 0x000fe2000001ff00 */
        /*0080*/                   CS2R R22, SRZ ;                                        /* 0x0000000000167805 */
                                                                                          /* 0x000fe2000001ff00 */
        /*0090*/                   MOV R21, RZ ;                                          /* 0x000000ff00157202 */
                                                                                          /* 0x000fe20000000f00 */
        /*00a0*/                   CS2R R2, SRZ ;                                         /* 0x0000000000027805 */
                                                                                          /* 0x000fe2000001ff00 */
        /*00b0*/                   CS2R R4, SRZ ;                                         /* 0x0000000000047805 */
                                                                                          /* 0x000fe2000001ff00 */
        /*00c0*/                   CS2R R6, SRZ ;                                         /* 0x0000000000067805 */
                                                                                          /* 0x000fe2000001ff00 */
        /*00d0*/                   MOV R13, RZ ;                                          /* 0x000000ff000d7202 */
                                                                                          /* 0x000fe20000000f00 */
        /*00e0*/                   LDCU.64 UR10, c[0x0][0x358] ;                          /* 0x00006b00ff0a77ac */
                                                                                          /* 0x000ee20008000a00 */
        /*00f0*/                   UISETP.GE.AND UP0, UPT, UR7, 0x1, UPT ;                /* 0x000000010700788c */
                                                                                          /* 0x001fd2000bf06270 */
        /*0100*/                   BRA.U !UP0, 0x1b00 ;                                   /* 0x00000019087c7547 */
                                                                                          /* 0x000fea000b800000 */
        /*0110*/                   S2R R9, SR_CTAID.X ;                                   /* 0x0000000000097919 */
                                                                                          /* 0x000e220000002500 */
        /*0120*/                   S2UR UR5, SR_CgaCtaId ;                                /* 0x00000000000579c3 */
                                                                                          /* 0x000f220000008800 */
        /*0130*/                   IMAD.SHL.U32 R8, R12.reuse, 0x4, RZ ;                  /* 0x000000040c087824 */
                                                                                          /* 0x042fe200078e00ff */
        /*0140*/                   LDCU UR4, c[0x0][0x39c] ;                              /* 0x00007380ff0477ac */
                                                                                          /* 0x000e620008000800 */
        /*0150*/                   S2R R17, SR_CTAID.Y ;                                  /* 0x0000000000117919 */
                                                                                          /* 0x000f620000002600 */
        /*0160*/                   IMAD.SHL.U32 R11, R12, 0x8, RZ ;                       /* 0x000000080c0b7824 */
                                                                                          /* 0x000fe200078e00ff */
        /*0170*/                   MOV R28, RZ ;                                          /* 0x000000ff001c7202 */
                                                                                          /* 0x000fe20000000f00 */
        /*0180*/                   LOP3.LUT R8, R8, 0x3c, RZ, 0xc0, !PT ;                 /* 0x0000003c08087812 */
                                                                                          /* 0x000fe200078ec0ff */
        /*0190*/                   IMAD.SHL.U32 R15, R27, 0x4, RZ ;                       /* 0x000000041b0f7824 */
                                                                                          /* 0x004fc800078e00ff */
        /*01a0*/                   IMAD R14, R9, 0x40, R8 ;                               /* 0x00000040090e7824 */
                                                                                          /* 0x001fe400078e0208 */
        /*01b0*/                   IMAD.SHL.U32 R9, R12, 0x400, RZ ;                      /* 0x000004000c097824 */
                                                                                          /* 0x000fc600078e00ff */
        /*01c0*/                   IADD R8, R14, 0x3 ;                                    /* 0x000000030e087835 */
                                                                                          /* 0x000fe400078e0000 */
        /*01d0*/                   LOP3.LUT R9, R9, 0xc00, RZ, 0xc0, !PT ;                /* 0x00000c0009097812 */
                                                                                          /* 0x000fc600078ec0ff */
        /*01e0*/                   ISETP.GE.AND P0, PT, R8, UR4, PT ;                     /* 0x0000000408007c0c */
                                                                                          /* 0x002fe2000bf06270 */
        /*01f0*/                   UMOV UR4, 0x400 ;                                      /* 0x0000040000047882 */
                                                                                          /* 0x000fe20000000000 */
        /*0200*/                   IMAD R8, R27, 0x10, R12 ;                              /* 0x000000101b087824 */
                                                                                          /* 0x000fe200078e020c */
        /*0210*/                   ULEA UR6, UR5, UR4, 0x18 ;                             /* 0x0000000405067291 */
                                                                                          /* 0x010fe2000f8ec0ff */
        /*0220*/                   UIADD3 UR4, UPT, UPT, UR4, 0x1000, URZ ;               /* 0x0000100004047890 */
                                                                                          /* 0x000fe2000fffe0ff */
        /*0230*/                   IMAD.SHL.U32 R12, R12, 0x10, RZ ;                      /* 0x000000100c0c7824 */
                                                                                          /* 0x000fe400078e00ff */
        /*0240*/                   IMAD.SHL.U32 R10, R8, 0x10, RZ ;                       /* 0x00000010080a7824 */
                                                                                          /* 0x000fe200078e00ff */
        /*0250*/                   SHF.R.U32.HI R16, RZ, 0x2, R8 ;                        /* 0x00000002ff107819 */
                                                                                          /* 0x000fe20000011608 */
        /*0260*/                   ULEA UR4, UR5, UR4, 0x18 ;                             /* 0x0000000405047291 */
                                                                                          /* 0x000fe2000f8ec0ff */
        /*0270*/                   LOP3.LUT R19, R12, 0xf0, RZ, 0xc0, !PT ;               /* 0x000000f00c137812 */
                                                                                          /* 0x000fe200078ec0ff */
        /*0280*/                   IADD R9, R9, UR6 ;                                     /* 0x0000000609097c35 */
                                                                                          /* 0x000fe2000f8e0000 */
        /*0290*/                   LOP3.LUT R8, R16, 0x18, R11, 0x78, !PT ;               /* 0x0000001810087812 */
                                                                                          /* 0x000fe200078e780b */
        /*02a0*/                   IMAD R16, R17, 0x40, R16 ;                             /* 0x0000004011107824 */
                                                                                          /* 0x020fe200078e0210 */
        /*02b0*/                   LOP3.LUT R10, R10, 0x7ff00, RZ, 0xc0, !PT ;            /* 0x0007ff000a0a7812 */
                                                                                          /* 0x000fc600078ec0ff */
        /*02c0*/                   IMAD R17, R8, 0x4, R9 ;                                /* 0x0000000408117824 */
                                                                                          /* 0x000fe200078e0209 */
        /*02d0*/                   IADD3 R18, PT, PT, R19, UR4, R10 ;                     /* 0x0000000413127c10 */
                                                                                          /* 0x000fe2000fffe00a */
        /*02e0*/                   IMAD R20, R16, UR7, RZ ;                               /* 0x0000000710147c24 */
                                                                                          /* 0x000fe2000f8e02ff */
        /*02f0*/                   IADD R19, R15, 0x1 ;                                   /* 0x000000010f137835 */
                                                                                          /* 0x000fe200078e0000 */
        /*0300*/                   UMOV UR4, URZ ;                                        /* 0x000000ff00047c82 */
                                                                                          /* 0x008fcc0008000000 */
        /*0310*/                   S2R R12, SR_TID.X ;                                    /* 0x00000000000c7919 */
                                                                                          /* 0x001e220000002100 */
        /*0320*/                   LDCU UR14, c[0x0][0x3a0] ;                             /* 0x00007400ff0e77ac */
                                                                                          /* 0x002e620008000800 */
        /*0330*/                   LDCU UR9, c[0x0][0x398] ;                              /* 0x00007300ff0977ac */
                                                                                          /* 0x004ea20008000800 */
        /*0340*/                   IMAD.SHL.U32 R27, R12, 0x4, RZ ;                       /* 0x000000040c1b7824 */
                                                                                          /* 0x001fca00078e00ff */
        /*0350*/                   LOP3.LUT R27, R27, 0xc, RZ, 0xc0, !PT ;                /* 0x0000000c1b1b7812 */
                                                                                          /* 0x000fca00078ec0ff */
        /*0360*/                   IADD R27, R27, UR4 ;                                   /* 0x000000041b1b7c35 */
                                                                                          /* 0x000fca000f8e0000 */
        /*0370*/                   IADD R8, R27, 0x3 ;                                    /* 0x000000031b087835 */
                                                                                          /* 0x000fca00078e0000 */
        /*0380*/                   ISETP.GE.AND P1, PT, R8, UR14, PT ;                    /* 0x0000000e08007c0c */
                                                                                          /* 0x002fca000bf26270 */
        /*0390*/                   ISETP.GE.OR P2, PT, R16, UR9, P1 ;                     /* 0x0000000910007c0c */
                                                                                          /* 0x004fda0008f46670 */
        /*03a0*/              @!P2 LDC.64 R8, c[0x0][0x380] ;                             /* 0x0000e000ff08ab82 */
                                                                                          /* 0x000e220000000a00 */
        /*03b0*/              @!P2 IADD R11, R20, R27 ;                                   /* 0x0000001b140ba235 */
                                                                                          /* 0x000fca00078e0000 */
        /*03c0*/              @!P2 IMAD.WIDE.U32 R8, R11, 0x4, R8 ;                       /* 0x000000040b08a825 */
                                                                                          /* 0x001fcc00078e0008 */
        /*03d0*/              @!P2 LDG.E.128.CONSTANT R8, desc[UR10][R8.64] ;             /* 0x0000000a0808a981 */
                                                                                          /* 0x000ea2000c1e9d00 */
        /*03e0*/                   UIADD3 UR5, UPT, UPT, UR4, 0x10, URZ ;                 /* 0x0000001004057890 */
                                                                                          /* 0x000fe2000fffe0ff */
        /*03f0*/                   BSSY.RECONVERGENT B0, 0x7a0 ;                          /* 0x000003a000007945 */
                                                                                          /* 0x000fe60003800200 */
        /*0400*/                   UVIMNMX.S32 UR6, UR5, UR14, UPT ;                      /* 0x0000000e0506724a */
                                                                                          /* 0x000fe2000bfe0100 */
        /*0410*/                   UISETP.GE.AND UP1, UPT, UR5, UR14, UPT ;               /* 0x0000000e0500728c */
                                                                                          /* 0x000fc6000bf26270 */
        /*0420*/                   UIADD3 UR7, UPT, UPT, UR6, -UR4, URZ ;                 /* 0x8000000406077290 */
                                                                                          /* 0x000fc6000fffe0ff */
        /*0430*/                   UMOV UR6, UR4 ;                                        /* 0x0000000400067c82 */
                                                                                          /* 0x000fe20008000000 */
        /*0440*/                   UMOV UR4, UR5 ;                                        /* 0x0000000500047c82 */
                                                                                          /* 0x000fe20008000000 */
        /*0450*/              @!P2 STS [R17], R8 ;                                        /* 0x000000081100a388 */
                                                                                          /* 0x0041e80000000800 */
        /*0460*/              @!P2 STS [R17+0x100], R9 ;                                  /* 0x000100091100a388 */
                                                                                          /* 0x0001e80000000800 */
        /*0470*/              @!P2 STS [R17+0x200], R10 ;                                 /* 0x0002000a1100a388 */
                                                                                          /* 0x0001e80000000800 */
        /*0480*/              @!P2 STS [R17+0x300], R11 ;                                 /* 0x0003000b1100a388 */
                                                                                          /* 0x0001e20000000800 */
        /*0490*/              @!P2 BRA 0x780 ;                                            /* 0x0000000000b8a947 */
                                                                                          /* 0x008fea0003800000 */
        /*04a0*/                   ISETP.GE.AND P2, PT, R16, UR9, PT ;                    /* 0x0000000910007c0c */
                                                                                          /* 0x000fda000bf46270 */
        /*04b0*/               @P2 BRA 0x740 ;                                            /* 0x0000000000a02947 */
                                                                                          /* 0x000fea0003800000 */
        /*04c0*/                   ISETP.GE.AND P2, PT, R27, UR14, PT ;                   /* 0x0000000e1b007c0c */
                                                                                          /* 0x000fe2000bf46270 */
        /*04d0*/                   LDCU.64 UR12, c[0x0][0x380] ;                          /* 0x00007000ff0c77ac */
                                                                                          /* 0x000e620008000a00 */
        /*04e0*/                   MOV R10, R20 ;                                         /* 0x00000014000a7202 */
                                                                                          /* 0x001fe20000000f00 */
        /*04f0*/                   HFMA2 R11, -RZ, RZ, 0, 0 ;                             /* 0x00000000ff0b7431 */
                                                                                          /* 0x000fe200000001ff */
        /*0500*/                   MOV R30, R27 ;                                         /* 0x0000001b001e7202 */
                                                                                          /* 0x000fe20000000f00 */
        /*0510*/                   HFMA2 R31, -RZ, RZ, 0, 0 ;                             /* 0x00000000ff1f7431 */
                                                                                          /* 0x000fe200000001ff */
        /*0520*/                   MOV R32, RZ ;                                          /* 0x000000ff00207202 */
                                                                                          /* 0x000fc80000000f00 */
        /*0530*/                   IADD.64 R30, R10, R30 ;                                /* 0x0000001e0a1e7235 */
                                                                                          /* 0x000fe400078e0200 */
        /*0540*/                   IADD R10, R27.reuse, 0x1 ;                             /* 0x000000011b0a7835 */
                                                                                          /* 0x040fe200078e0000 */
        /*0550*/              @!P2 LDC.64 R8, c[0x0][0x380] ;                             /* 0x0000e000ff08ab82 */
                                                                                          /* 0x000e220000000a00 */
        /*0560*/                   IADD R11, R27, 0x2 ;                                   /* 0x000000021b0b7835 */
                                                                                          /* 0x000fe200078e0000 */
        /*0570*/              @!P2 IADD R27, R20, R27 ;                                   /* 0x0000001b141ba235 */
                                                                                          /* 0x000fe400078e0000 */
        /*0580*/                   ISETP.GE.AND P3, PT, R10, UR14, PT ;                   /* 0x0000000e0a007c0c */
                                                                                          /* 0x000fe4000bf66270 */
        /*0590*/                   ISETP.GE.AND P4, PT, R11, UR14, PT ;                   /* 0x0000000e0b007c0c */
                                                                                          /* 0x000fe2000bf86270 */
        /*05a0*/                   LEA R10, P5, R30, UR12, 0x2 ;                          /* 0x0000000c1e0a7c11 */
                                                                                          /* 0x002fc8000f8a10ff */
        /*05b0*/                   LEA.HI.X R11, R30, UR13, R31, 0x2, P5 ;                /* 0x0000000d1e0b7c11 */
                                                                                          /* 0x000fe2000a8f141f */
        /*05c0*/                   CS2R R30, SRZ ;                                        /* 0x00000000001e7805 */
                                                                                          /* 0x000fcc000001ff00 */
        /*05d0*/              @!P3 LDG.E.CONSTANT R31, desc[UR10][R10.64+0x4] ;           /* 0x0000040a0a1fb981 */
                                                                                          /* 0x000ea8000c1e9900 */
        /*05e0*/              @!P4 LDG.E.CONSTANT R30, desc[UR10][R10.64+0x8] ;           /* 0x0000080a0a1ec981 */
                                                                                          /* 0x000ee2000c1e9900 */
        /*05f0*/              @!P2 IMAD.WIDE.U32 R8, R27, 0x4, R8 ;                       /* 0x000000041b08a825 */
                                                                                          /* 0x001fc800078e0008 */
        /*0600*/                   HFMA2 R27, -RZ, RZ, 0, 0 ;                             /* 0x00000000ff1b7431 */
                                                                                          /* 0x000fe200000001ff */
        /*0610*/              @!P2 LDG.E.CONSTANT R32, desc[UR10][R8.64] ;                /* 0x0000000a0820a981 */
                                                                                          /* 0x00012a000c1e9900 */
        /*0620*/              @!P1 LDG.E.CONSTANT R27, desc[UR10][R10.64+0xc] ;           /* 0x00000c0a0a1b9981 */
                                                                                          /* 0x000f62000c1e9900 */
        /*0630*/                   S2R R35, SR_TID.Y ;                                    /* 0x0000000000237919 */
                                                                                          /* 0x000e620000002200 */
        /*0640*/                   S2UR UR8, SR_CgaCtaId ;                                /* 0x00000000000879c3 */
                                                                                          /* 0x000e620000008800 */
        /*0650*/                   IMAD.SHL.U32 R33, R12.reuse, 0x400, RZ ;               /* 0x000004000c217824 */
                                                                                          /* 0x040fe200078e00ff */
        /*0660*/                   UMOV UR5, 0x400 ;                                      /* 0x0000040000057882 */
                                                                                          /* 0x000fe20000000000 */
        /*0670*/                   IMAD.SHL.U32 R8, R12, 0x8, RZ ;                        /* 0x000000080c087824 */
                                                                                          /* 0x001fc600078e00ff */
        /*0680*/                   LOP3.LUT R33, R33, 0xc00, RZ, 0xc0, !PT ;              /* 0x00000c0021217812 */
                                                                                          /* 0x000fe200078ec0ff */
        /*0690*/                   ULEA UR5, UR8, UR5, 0x18 ;                             /* 0x0000000508057291 */
                                                                                          /* 0x002fe2000f8ec0ff */
        /*06a0*/                   IMAD R35, R35, 0x10, R12 ;                             /* 0x0000001023237824 */
                                                                                          /* 0x000fca00078e020c */
        /*06b0*/                   IADD R33, R33, UR5 ;                                   /* 0x0000000521217c35 */
                                                                                          /* 0x000fe2000f8e0000 */
        /*06c0*/                   SHF.R.U32.HI R35, RZ, 0x2, R35 ;                       /* 0x00000002ff237819 */
                                                                                          /* 0x000fc80000011623 */
        /*06d0*/                   LOP3.LUT R8, R35, 0x18, R8, 0x78, !PT ;                /* 0x0000001823087812 */
                                                                                          /* 0x000fca00078e7808 */
        /*06e0*/                   IMAD R8, R8, 0x4, R33 ;                                /* 0x0000000408087824 */
                                                                                          /* 0x000fe200078e0221 */
        /*06f0*/                   STS [R17], R32 ;                                       /* 0x0000002011007388 */
                                                                                          /* 0x0103e80000000800 */
        /*0700*/                   STS [R8+0x100], R31 ;                                  /* 0x0001001f08007388 */
                                                                                          /* 0x0043e80000000800 */
        /*0710*/                   STS [R8+0x200], R30 ;                                  /* 0x0002001e08007388 */
                                                                                          /* 0x0083e80000000800 */
        /*0720*/                   STS [R8+0x300], R27 ;                                  /* 0x0003001b08007388 */
                                                                                          /* 0x0203e20000000800 */
        /*0730*/                   BRA 0x780 ;                                            /* 0x0000000000107947 */
                                                                                          /* 0x000fea0003800000 */
        /*0740*/                   STS [R17], RZ ;                                        /* 0x000000ff11007388 */
                                                                                          /* 0x0005e80000000800 */
        /*0750*/                   STS [R17+0x100], RZ ;                                  /* 0x000100ff11007388 */
                                                                                          /* 0x0005e80000000800 */
        /*0760*/                   STS [R17+0x200], RZ ;                                  /* 0x000200ff11007388 */
                                                                                          /* 0x0005e80000000800 */
        /*0770*/                   STS [R17+0x300], RZ ;                                  /* 0x000300ff11007388 */
                                                                                          /* 0x0005e40000000800 */
        /*0780*/                   NOP ;                                                  /* 0x0000000000007918 */
                                                                                          /* 0x000fe20000000000 */
        /*0790*/                   BSYNC.RECONVERGENT B0 ;                                /* 0x0000000000007941 */
                                                                                          /* 0x000fea0003800200 */
        /*07a0*/                   S2R R27, SR_TID.Y ;                                    /* 0x00000000001b7919 */
                                                                                          /* 0x002e620000002200 */
        /*07b0*/                   BSSY.RECONVERGENT B0, 0xac0 ;                          /* 0x0000030000007945 */
                                                                                          /* 0x000fe20003800200 */
        /*07c0*/                   IMAD R31, R27, 0x10, R12 ;                             /* 0x000000101b1f7824 */
                                                                                          /* 0x002fca00078e020c */
        /*07d0*/                   LEA.HI R31, R31, UR6, RZ, 0x1c ;                       /* 0x000000061f1f7c11 */
                                                                                          /* 0x000fca000f8fe0ff */
        /*07e0*/                   ISETP.GE.OR P1, PT, R31.reuse, UR14, P0 ;              /* 0x0000000e1f007c0c */
                                                                                          /* 0x040fe20008726670 */
        /*07f0*/                   ISETP.GE.AND P2, PT, R31, UR14, PT ;                   /* 0x0000000e1f007c0c */
                                                                                          /* 0x000fd8000bf46270 */
        /*0800*/               @P1 BRA 0x880 ;                                            /* 0x00000000001c1947 */
                                                                                          /* 0x000fea0003800000 */
        /*0810*/                   LDC.64 R8, c[0x0][0x388] ;                             /* 0x0000e200ff087b82 */
                                                                                          /* 0x001e220000000a00 */
        /*0820*/                   LDCU UR5, c[0x0][0x39c] ;                              /* 0x00007380ff0577ac */
                                                                                          /* 0x000e640008000800 */
        /*0830*/                   IMAD R11, R31, UR5, R14 ;                              /* 0x000000051f0b7c24 */
                                                                                          /* 0x002fc8000f8e020e */
        /*0840*/                   IMAD.WIDE R8, R11, 0x4, R8 ;                           /* 0x000000040b087825 */
                                                                                          /* 0x001fcc00078e0208 */
        /*0850*/                   LDG.E.128.CONSTANT R8, desc[UR10][R8.64] ;             /* 0x0000000a08087981 */
                                                                                          /* 0x000ee8000c1e9d00 */
        /*0860*/                   STS.128 [R18], R8 ;                                    /* 0x0000000812007388 */
                                                                                          /* 0x0081e20000000c00 */
        /*0870*/                   BRA 0xaa0 ;                                            /* 0x0000000000887947 */
                                                                                          /* 0x000fea0003800000 */
        /*0880*/               @P2 BRA 0xa90 ;                                            /* 0x0000000000802947 */
                                                                                          /* 0x000fea0003800000 */
        /*0890*/                   LDCU UR5, c[0x0][0x39c] ;                              /* 0x00007380ff0577ac */
                                                                                          /* 0x000e620008000800 */
        /*08a0*/                   MOV R8, R14 ;                                          /* 0x0000000e00087202 */
                                                                                          /* 0x001fe20000000f00 */
        /*08b0*/                   HFMA2 R9, -RZ, RZ, 0, 0 ;                              /* 0x00000000ff097431 */
                                                                                          /* 0x000fe200000001ff */
        /*08c0*/                   IADD R32, R14.reuse, 0x1 ;                             /* 0x000000010e207835 */
                                                                                          /* 0x040fe200078e0000 */
        /*08d0*/                   LDCU.64 UR8, c[0x0][0x388] ;                           /* 0x00007100ff0877ac */
                                                                                          /* 0x000e220008000a00 */
        /*08e0*/                   IADD R33, R14.reuse, 0x3 ;                             /* 0x000000030e217835 */
                                                                                          /* 0x040fe200078e0000 */
        /*08f0*/                   ISETP.GE.AND P1, PT, R14, UR5, PT ;                    /* 0x000000050e007c0c */
                                                                                          /* 0x002fe2000bf26270 */
        /*0900*/                   IMAD R30, R31, UR5, RZ ;                               /* 0x000000051f1e7c24 */
                                                                                          /* 0x000fe2000f8e02ff */
        /*0910*/                   ISETP.GE.AND P2, PT, R32, UR5, PT ;                    /* 0x0000000520007c0c */
                                                                                          /* 0x000fe4000bf46270 */
        /*0920*/                   ISETP.GE.AND P0, PT, R33, UR5, PT ;                    /* 0x0000000521007c0c */
                                                                                          /* 0x000fe2000bf06270 */
        /*0930*/                   MOV R33, RZ ;                                          /* 0x000000ff00217202 */
                                                                                          /* 0x000fe20000000f00 */
        /*0940*/                   SHF.R.S32.HI R31, RZ, 0x1f, R30 ;                      /* 0x0000001fff1f7819 */
                                                                                          /* 0x000fca000001141e */
        /*0950*/                   IADD.64 R8, R8, R30 ;                                  /* 0x0000001e08087235 */
                                                                                          /* 0x000fe400078e0200 */
        /*0960*/              @!P1 LDC.64 R10, c[0x0][0x388] ;                            /* 0x0000e200ff0a9b82 */
                                                                                          /* 0x000e620000000a00 */
        /*0970*/              @!P1 IADD R31, R14.reuse, R30 ;                             /* 0x0000001e0e1f9235 */
                                                                                          /* 0x040fe200078e0000 */
        /*0980*/                   IADD R30, R14, 0x2 ;                                   /* 0x000000020e1e7835 */
                                                                                          /* 0x000fca00078e0000 */
        /*0990*/                   ISETP.GE.AND P3, PT, R30, UR5, PT ;                    /* 0x000000051e007c0c */
                                                                                          /* 0x000fe2000bf66270 */
        /*09a0*/                   MOV R35, RZ ;                                          /* 0x000000ff00237202 */
                                                                                          /* 0x000fe20000000f00 */
        /*09b0*/                   HFMA2 R37, -RZ, RZ, 0, 0 ;                             /* 0x00000000ff257431 */
                                                                                          /* 0x000fe400000001ff */
        /*09c0*/              @!P1 IMAD.WIDE R30, R31, 0x4, R10 ;                         /* 0x000000041f1e9825 */
                                                                                          /* 0x002fe200078e020a */
        /*09d0*/                   LEA R10, P4, R8, UR8, 0x2 ;                            /* 0x00000008080a7c11 */
                                                                                          /* 0x001fc8000f8810ff */
        /*09e0*/                   LEA.HI.X R11, R8, UR9, R9, 0x2, P4 ;                   /* 0x00000009080b7c11 */
                                                                                          /* 0x000fe2000a0f1409 */
        /*09f0*/                   HFMA2 R9, -RZ, RZ, 0, 0 ;                              /* 0x00000000ff097431 */
                                                                                          /* 0x000fe200000001ff */
        /*0a00*/              @!P1 LDG.E.CONSTANT R33, desc[UR10][R30.64] ;               /* 0x0000000a1e219981 */
                                                                                          /* 0x000ee8000c1e9900 */
        /*0a10*/              @!P3 LDG.E.CONSTANT R35, desc[UR10][R10.64+0x8] ;           /* 0x0000080a0a23b981 */
                                                                                          /* 0x000f28000c1e9900 */
        /*0a20*/              @!P2 LDG.E.CONSTANT R9, desc[UR10][R10.64+0x4] ;            /* 0x0000040a0a09a981 */
                                                                                          /* 0x000f68000c1e9900 */
        /*0a30*/              @!P0 LDG.E.CONSTANT R37, desc[UR10][R10.64+0xc] ;           /* 0x00000c0a0a258981 */
                                                                                          /* 0x000ea8000c1e9900 */
        /*0a40*/                   STS [R18], R33 ;                                       /* 0x0000002112007388 */
                                                                                          /* 0x0083e80000000800 */
        /*0a50*/                   STS [R18+0x8], R35 ;                                   /* 0x0000082312007388 */
                                                                                          /* 0x0103e80000000800 */
        /*0a60*/                   STS [R18+0x4], R9 ;                                    /* 0x0000040912007388 */
                                                                                          /* 0x0203e80000000800 */
        /*0a70*/                   STS [R18+0xc], R37 ;                                   /* 0x00000c2512007388 */
                                                                                          /* 0x0043e20000000800 */
        /*0a80*/                   BRA 0xaa0 ;                                            /* 0x0000000000047947 */
                                                                                          /* 0x000fea0003800000 */
        /*0a90*/                   STS.128 [R18], RZ ;                                    /* 0x000000ff12007388 */
                                                                                          /* 0x0007e40000000c00 */
        /*0aa0*/                   NOP ;                                                  /* 0x0000000000007918 */
                                                                                          /* 0x000fe20000000000 */
        /*0ab0*/                   BSYNC.RECONVERGENT B0 ;                                /* 0x0000000000007941 */
                                                                                          /* 0x000fea0003800200 */
        /*0ac0*/                   BAR.SYNC.DEFER_BLOCKING 0x0 ;                          /* 0x0000000000007b1d */
                                                                                          /* 0x000fe20000010000 */
        /*0ad0*/                   UISETP.GE.AND UP0, UPT, UR7, 0x1, UPT ;                /* 0x000000010700788c */
                                                                                          /* 0x000fd2000bf06270 */
        /*0ae0*/                   BRA.U !UP0, 0x1ae0 ;                                   /* 0x0000000d08fc7547 */
                                                                                          /* 0x000fea000b800000 */
        /*0af0*/                   S2UR UR8, SR_CgaCtaId ;                                /* 0x00000000000879c3 */
                                                                                          /* 0x000f220000008800 */
        /*0b00*/                   UMOV UR6, 0x400 ;                                      /* 0x0000040000067882 */
                                                                                          /* 0x000fe20000000000 */
        /*0b10*/                   UISETP.GT.AND UP2, UPT, UR7, 0x3, UPT ;                /* 0x000000030700788c */
                                                                                          /* 0x000fe2000bf44270 */
        /*0b20*/                   UIADD3 UR5, UPT, UPT, UR6, 0x1000, URZ ;               /* 0x0000100006057890 */
                                                                                          /* 0x000fe2000fffe0ff */
        /*0b30*/                   HFMA2 R32, -RZ, RZ, 0, 0 ;                             /* 0x00000000ff207431 */
                                                                                          /* 0x000fe200000001ff */
        /*0b40*/                   UPLOP3.LUT UP0, UPT, UPT, UPT, UPT, 0x80, 0x8 ;        /* 0x000000000008789c */
                                                                                          /* 0x000fe40003f0f070 */
        /*0b50*/                   ULEA UR9, UR8, UR5, 0x18 ;                             /* 0x0000000508097291 */
                                                                                          /* 0x010fe2000f8ec0ff */
        /*0b60*/                   ULEA UR6, UR8, UR6, 0x18 ;                             /* 0x0000000608067291 */
                                                                                          /* 0x000fe4000f8ec0ff */
        /*0b70*/                   UMOV UR5, URZ ;                                        /* 0x000000ff00057c82 */
                                                                                          /* 0x000fc60008000000 */
        /*0b80*/                   LEA R30, R12, UR9, 0x4 ;                               /* 0x000000090c1e7c11 */
                                                                                          /* 0x000fca000f8e20ff */
        /*0b90*/                   IADD R30, R30, 0x8 ;                                   /* 0x000000081e1e7835 */
                                                                                          /* 0x000fe200078e0000 */
        /*0ba0*/                   BRA.U !UP2, 0x1430 ;                                   /* 0x000000090a207547 */
                                                                                          /* 0x000fec000b800000 */
        /*0bb0*/                   IADD R33, R15.reuse, 0x2 ;                             /* 0x000000020f217835 */
                                                                                          /* 0x042fe200078e0000 */
        /*0bc0*/                   IADD R31, R15, 0x3 ;                                   /* 0x000000030f1f7835 */
                                                                                          /* 0x000fe200078e0000 */
        /*0bd0*/                   UIADD3 UR8, UPT, UPT, UR7, -0x3, URZ ;                 /* 0xfffffffd07087890 */
                                                                                          /* 0x000fe2000fffe0ff */
        /*0be0*/                   UPLOP3.LUT UP0, UPT, UPT, UPT, UPT, 0x40, 0x4 ;        /* 0x000000000004789c */
                                                                                          /* 0x00dfd60003f0e870 */
        /*0bf0*/                   LOP3.LUT R8, R15, 0x18, R32, 0x78, !PT ;               /* 0x000000180f087812 */
                                                                                          /* 0x000fe200078e7820 */
        /*0c00*/                   LDS.64 R10, [R30] ;                                    /* 0x000000001e0a7984 */
                                                                                          /* 0x000fe20000000a00 */
        /*0c10*/                   UIADD3 UR5, UPT, UPT, UR5, 0x4, URZ ;                  /* 0x0000000405057890 */
                                                                                          /* 0x000fe4000fffe0ff */
        /*0c20*/                   LEA R36, R8, UR6, 0x2 ;                                /* 0x0000000608247c11 */
                                                                                          /* 0x000fe4000f8e10ff */
        /*0c30*/                   LDS.64 R8, [R30+-0x8] ;                                /* 0xfffff8001e087984 */
                                                                                          /* 0x000fe20000000a00 */
        /*0c40*/                   UISETP.GE.AND UP2, UPT, UR5, UR8, UPT ;                /* 0x000000080500728c */
                                                                                          /* 0x000fc6000bf46270 */
        /*0c50*/                   LDS R36, [R36] ;                                       /* 0x0000000024247984 */
                                                                                          /* 0x000e240000000800 */
        /*0c60*/                   FFMA.FTZ R34, R36.reuse, R11, R4 ;                     /* 0x0000000b24227223 */
                                                                                          /* 0x041fe20000010004 */
        /*0c70*/                   LOP3.LUT R4, R19, 0x18, R32, 0x78, !PT ;               /* 0x0000001813047812 */
                                                                                          /* 0x000fe200078e7820 */
        /*0c80*/                   FFMA.FTZ R13, R36.reuse, R8, R13 ;                     /* 0x00000008240d7223 */
                                                                                          /* 0x040fe2000001000d */
        /*0c90*/                   FFMA.FTZ R6, R36.reuse, R9, R6 ;                       /* 0x0000000924067223 */
                                                                                          /* 0x040fe20000010006 */
        /*0ca0*/                   FFMA.FTZ R7, R36, R10, R7 ;                            /* 0x0000000a24077223 */
                                                                                          /* 0x000fe20000010007 */
        /*0cb0*/                   LEA R4, R4, UR6, 0x2 ;                                 /* 0x0000000604047c11 */
                                                                                          /* 0x000fca000f8e10ff */
        /*0cc0*/                   LDS R39, [R4] ;                                        /* 0x0000000004277984 */
                                                                                          /* 0x000e240000000800 */
        /*0cd0*/                   FFMA.FTZ R36, R39, R9, R2 ;                            /* 0x0000000927247223 */
                                                                                          /* 0x001fe20000010002 */
        /*0ce0*/                   LOP3.LUT R2, R33, 0x18, R32, 0x78, !PT ;               /* 0x0000001821027812 */
                                                                                          /* 0x000fe200078e7820 */
        /*0cf0*/                   FFMA.FTZ R37, R10, R39.reuse, R3 ;                     /* 0x000000270a257223 */
                                                                                          /* 0x080fe20000010003 */
        /*0d00*/                   FFMA.FTZ R35, R8, R39, R5 ;                            /* 0x0000002708237223 */
                                                                                          /* 0x000fe20000010005 */
        /*0d10*/                   FFMA.FTZ R0, R39, R11, R0 ;                            /* 0x0000000b27007223 */
                                                                                          /* 0x000fe20000010000 */
        /*0d20*/                   LEA R2, R2, UR6, 0x2 ;                                 /* 0x0000000602027c11 */
                                                                                          /* 0x000fca000f8e10ff */
        /*0d30*/                   LDS R3, [R2] ;                                         /* 0x0000000002037984 */
                                                                                          /* 0x000e240000000800 */
        /*0d40*/                   FFMA.FTZ R21, R8, R3, R21 ;                            /* 0x0000000308157223 */
                                                                                          /* 0x001fe20000010015 */
        /*0d50*/                   FFMA.FTZ R22, R3.reuse, R9, R22 ;                      /* 0x0000000903167223 */
                                                                                          /* 0x040fe20000010016 */
        /*0d60*/                   FFMA.FTZ R23, R10, R3, R23 ;                           /* 0x000000030a177223 */
                                                                                          /* 0x000fe20000010017 */
        /*0d70*/                   FFMA.FTZ R24, R3, R11, R24 ;                           /* 0x0000000b03187223 */
                                                                                          /* 0x000fe20000010018 */
        /*0d80*/                   LOP3.LUT R3, R31, 0x18, R32, 0x78, !PT ;               /* 0x000000181f037812 */
                                                                                          /* 0x000fc800078e7820 */
        /*0d90*/                   LEA R4, R3, UR6, 0x2 ;                                 /* 0x0000000603047c11 */
                                                                                          /* 0x000fca000f8e10ff */
        /*0da0*/                   LDS R3, [R4] ;                                         /* 0x0000000004037984 */
                                                                                          /* 0x000e280000000800 */
        /*0db0*/                   LDS.64 R4, [R30+0x100] ;                               /* 0x000100001e047984 */
                                                                                          /* 0x000fe20000000a00 */
        /*0dc0*/                   FFMA.FTZ R25, R8, R3, R25 ;                            /* 0x0000000308197223 */
                                                                                          /* 0x001fe20000010019 */
        /*0dd0*/                   IADD R8, R32, 0x2 ;                                    /* 0x0000000220087835 */
                                                                                          /* 0x000fe200078e0000 */
        /*0de0*/                   FFMA.FTZ R26, R3.reuse, R9, R26 ;                      /* 0x00000009031a7223 */
                                                                                          /* 0x040fe2000001001a */
        /*0df0*/                   FFMA.FTZ R29, R10, R3, R29 ;                           /* 0x000000030a1d7223 */
                                                                                          /* 0x000fe2000001001d */
        /*0e00*/                   FFMA.FTZ R28, R3, R11, R28 ;                           /* 0x0000000b031c7223 */
                                                                                          /* 0x000fe4000001001c */
        /*0e10*/                   LOP3.LUT R8, R8, 0x18, RZ, 0xc0, !PT ;                 /* 0x0000001808087812 */
                                                                                          /* 0x000fc800078ec0ff */
        /*0e20*/                   LOP3.LUT R2, R15, R8.reuse, RZ, 0x3c, !PT ;            /* 0x000000080f027212 */
                                                                                          /* 0x080fe400078e3cff */
        /*0e30*/                   LOP3.LUT R9, R19, R8, RZ, 0x3c, !PT ;                  /* 0x0000000813097212 */
                                                                                          /* 0x000fe400078e3cff */
        /*0e40*/                   LEA R38, R2, UR6, 0x2 ;                                /* 0x0000000602267c11 */
                                                                                          /* 0x000fe4000f8e10ff */
        /*0e50*/                   LDS.64 R2, [R30+0xf8] ;                                /* 0x0000f8001e027984 */
                                                                                          /* 0x000fe80000000a00 */
        /*0e60*/                   LDS R10, [R38+0x100] ;                                 /* 0x00010000260a7984 */
                                                                                          /* 0x000e240000000800 */
        /*0e70*/                   FFMA.FTZ R13, R10.reuse, R2, R13 ;                     /* 0x000000020a0d7223 */
                                                                                          /* 0x041fe2000001000d */
        /*0e80*/                   FFMA.FTZ R6, R10.reuse, R3, R6 ;                       /* 0x000000030a067223 */
                                                                                          /* 0x040fe20000010006 */
        /*0e90*/                   FFMA.FTZ R7, R10.reuse, R4, R7 ;                       /* 0x000000040a077223 */
                                                                                          /* 0x040fe20000010007 */
        /*0ea0*/                   FFMA.FTZ R34, R10, R5, R34 ;                           /* 0x000000050a227223 */
                                                                                          /* 0x000fe20000010022 */
        /*0eb0*/                   LEA R10, R9, UR6, 0x2 ;                                /* 0x00000006090a7c11 */
                                                                                          /* 0x000fca000f8e10ff */
        /*0ec0*/                   LDS R9, [R10+0x100] ;                                  /* 0x000100000a097984 */
                                                                                          /* 0x000e240000000800 */
        /*0ed0*/                   FFMA.FTZ R35, R2, R9, R35 ;                            /* 0x0000000902237223 */
                                                                                          /* 0x001fe20000010023 */
        /*0ee0*/                   FFMA.FTZ R36, R9.reuse, R3, R36 ;                      /* 0x0000000309247223 */
                                                                                          /* 0x040fe20000010024 */
        /*0ef0*/                   FFMA.FTZ R37, R4, R9, R37 ;                            /* 0x0000000904257223 */
                                                                                          /* 0x000fe20000010025 */
        /*0f00*/                   FFMA.FTZ R0, R9, R5, R0 ;                              /* 0x0000000509007223 */
                                                                                          /* 0x000fe20000010000 */
        /*0f10*/                   LOP3.LUT R9, R33, R8.reuse, RZ, 0x3c, !PT ;            /* 0x0000000821097212 */
                                                                                          /* 0x080fe400078e3cff */
        /*0f20*/                   LOP3.LUT R8, R31, R8, RZ, 0x3c, !PT ;                  /* 0x000000081f087212 */
                                                                                          /* 0x000fe400078e3cff */
        /*0f30*/                   LEA R11, R9, UR6, 0x2 ;                                /* 0x00000006090b7c11 */
                                                                                          /* 0x000fca000f8e10ff */
        /*0f40*/                   LDS R9, [R11+0x100] ;                                  /* 0x000100000b097984 */
                                                                                          /* 0x000e240000000800 */
        /*0f50*/                   FFMA.FTZ R21, R2, R9, R21 ;                            /* 0x0000000902157223 */
                                                                                          /* 0x001fe20000010015 */
        /*0f60*/                   FFMA.FTZ R22, R9.reuse, R3, R22 ;                      /* 0x0000000309167223 */
                                                                                          /* 0x040fe20000010016 */
        /*0f70*/                   FFMA.FTZ R23, R4, R9, R23 ;                            /* 0x0000000904177223 */
                                                                                          /* 0x000fe20000010017 */
        /*0f80*/                   FFMA.FTZ R24, R9, R5, R24 ;                            /* 0x0000000509187223 */
                                                                                          /* 0x000fe20000010018 */
        /*0f90*/                   LEA R9, R8, UR6, 0x2 ;                                 /* 0x0000000608097c11 */
                                                                                          /* 0x000fe2000f8e10ff */
        /*0fa0*/                   IADD R8, R32, 0x4 ;                                    /* 0x0000000420087835 */
                                                                                          /* 0x000fca00078e0000 */
        /*0fb0*/                   LDS R9, [R9+0x100] ;                                   /* 0x0001000009097984 */
                                                                                          /* 0x000e220000000800 */
        /*0fc0*/                   LOP3.LUT R8, R8, 0x18, RZ, 0xc0, !PT ;                 /* 0x0000001808087812 */
                                                                                          /* 0x000fe200078ec0ff */
        /*0fd0*/                   FFMA.FTZ R25, R2, R9, R25 ;                            /* 0x0000000902197223 */
                                                                                          /* 0x001fc60000010019 */
        /*0fe0*/                   LOP3.LUT R2, R15, R8.reuse, RZ, 0x3c, !PT ;            /* 0x000000080f027212 */
                                                                                          /* 0x080fe200078e3cff */
        /*0ff0*/                   FFMA.FTZ R26, R9.reuse, R3, R26 ;                      /* 0x00000003091a7223 */
                                                                                          /* 0x040fe2000001001a */
        /*1000*/                   FFMA.FTZ R29, R4, R9, R29 ;                            /* 0x00000009041d7223 */
                                                                                          /* 0x000fe2000001001d */
        /*1010*/                   FFMA.FTZ R10, R9, R5, R28 ;                            /* 0x00000005090a7223 */
                                                                                          /* 0x000fe2000001001c */
        /*1020*/                   LEA R11, R2, UR6, 0x2 ;                                /* 0x00000006020b7c11 */
                                                                                          /* 0x000fe2000f8e10ff */
        /*1030*/                   LDS.64 R4, [R30+0x200] ;                               /* 0x000200001e047984 */
                                                                                          /* 0x000fe20000000a00 */
        /*1040*/                   LOP3.LUT R9, R19, R8, RZ, 0x3c, !PT ;                  /* 0x0000000813097212 */
                                                                                          /* 0x000fc600078e3cff */
        /*1050*/                   LDS R28, [R11+0x200] ;                                 /* 0x000200000b1c7984 */
                                                                                          /* 0x000e280000000800 */
        /*1060*/                   LDS.64 R2, [R30+0x1f8] ;                               /* 0x0001f8001e027984 */
                                                                                          /* 0x000e620000000a00 */
        /*1070*/                   FFMA.FTZ R7, R28.reuse, R4, R7 ;                       /* 0x000000041c077223 */
                                                                                          /* 0x041fe20000010007 */
        /*1080*/                   FFMA.FTZ R34, R28.reuse, R5, R34 ;                     /* 0x000000051c227223 */
                                                                                          /* 0x040fe20000010022 */
        /*1090*/                   FFMA.FTZ R13, R28.reuse, R2, R13 ;                     /* 0x000000021c0d7223 */
                                                                                          /* 0x042fe2000001000d */
        /*10a0*/                   FFMA.FTZ R6, R28, R3, R6 ;                             /* 0x000000031c067223 */
                                                                                          /* 0x000fe20000010006 */
        /*10b0*/                   LEA R28, R9, UR6, 0x2 ;                                /* 0x00000006091c7c11 */
                                                                                          /* 0x000fca000f8e10ff */
        /*10c0*/                   LDS R9, [R28+0x200] ;                                  /* 0x000200001c097984 */
                                                                                          /* 0x0000640000000800 */
        /*10d0*/                   IADD R28, R32.reuse, 0x6 ;                             /* 0x00000006201c7835 */
                                                                                          /* 0x041fe200078e0000 */
        /*10e0*/                   IADD R32, R32, 0x8 ;                                   /* 0x0000000820207835 */
                                                                                          /* 0x000fc800078e0000 */
        /*10f0*/                   LOP3.LUT R28, R28, 0x18, RZ, 0xc0, !PT ;               /* 0x000000181c1c7812 */
                                                                                          /* 0x000fe200078ec0ff */
        /*1100*/                   FFMA.FTZ R35, R2, R9, R35 ;                            /* 0x0000000902237223 */
                                                                                          /* 0x002fe20000010023 */
        /*1110*/                   FFMA.FTZ R36, R9.reuse, R3, R36 ;                      /* 0x0000000309247223 */
                                                                                          /* 0x040fe20000010024 */
        /*1120*/                   FFMA.FTZ R37, R4, R9, R37 ;                            /* 0x0000000904257223 */
                                                                                          /* 0x000fe20000010025 */
        /*1130*/                   FFMA.FTZ R0, R9, R5, R0 ;                              /* 0x0000000509007223 */
                                                                                          /* 0x000fe20000010000 */
        /*1140*/                   LOP3.LUT R9, R33, R8.reuse, RZ, 0x3c, !PT ;            /* 0x0000000821097212 */
                                                                                          /* 0x080fe400078e3cff */
        /*1150*/                   LOP3.LUT R8, R31, R8, RZ, 0x3c, !PT ;                  /* 0x000000081f087212 */
                                                                                          /* 0x000fe400078e3cff */
        /*1160*/                   LEA R11, R9, UR6, 0x2 ;                                /* 0x00000006090b7c11 */
                                                                                          /* 0x000fe4000f8e10ff */
        /*1170*/                   LEA R39, R8, UR6, 0x2 ;                                /* 0x0000000608277c11 */
                                                                                          /* 0x000fc6000f8e10ff */
        /*1180*/                   LDS R9, [R11+0x200] ;                                  /* 0x000200000b097984 */
                                                                                          /* 0x000e240000000800 */
        /*1190*/                   FFMA.FTZ R21, R2, R9, R21 ;                            /* 0x0000000902157223 */
                                                                                          /* 0x001fe20000010015 */
        /*11a0*/                   FFMA.FTZ R22, R9.reuse, R3, R22 ;                      /* 0x0000000309167223 */
                                                                                          /* 0x040fe20000010016 */
        /*11b0*/                   FFMA.FTZ R23, R4, R9, R23 ;                            /* 0x0000000904177223 */
                                                                                          /* 0x000fe20000010017 */
        /*11c0*/                   FFMA.FTZ R24, R9, R5, R24 ;                            /* 0x0000000509187223 */
                                                                                          /* 0x000fe40000010018 */
        /*11d0*/                   LDS R9, [R39+0x200] ;                                  /* 0x0002000027097984 */
                                                                                          /* 0x000e240000000800 */
        /*11e0*/                   FFMA.FTZ R25, R2, R9, R25 ;                            /* 0x0000000902197223 */
                                                                                          /* 0x001fe20000010019 */
        /*11f0*/                   LOP3.LUT R2, R15, R28.reuse, RZ, 0x3c, !PT ;           /* 0x0000001c0f027212 */
                                                                                          /* 0x080fe200078e3cff */
        /*1200*/                   FFMA.FTZ R26, R9.reuse, R3, R26 ;                      /* 0x00000003091a7223 */
                                                                                          /* 0x040fe2000001001a */
        /*1210*/                   FFMA.FTZ R29, R4, R9, R29 ;                            /* 0x00000009041d7223 */
                                                                                          /* 0x000fe2000001001d */
        /*1220*/                   FFMA.FTZ R38, R9, R5, R10 ;                            /* 0x0000000509267223 */
                                                                                          /* 0x000fe2000001000a */
        /*1230*/                   LEA R3, R2, UR6, 0x2 ;                                 /* 0x0000000602037c11 */
                                                                                          /* 0x000fe2000f8e10ff */
        /*1240*/                   LDS.64 R8, [R30+0x2f8] ;                               /* 0x0002f8001e087984 */
                                                                                          /* 0x000fe20000000a00 */
        /*1250*/                   LOP3.LUT R2, R19, R28, RZ, 0x3c, !PT ;                 /* 0x0000001c13027212 */
                                                                                          /* 0x000fc600078e3cff */
        /*1260*/                   LDS R4, [R3+0x300] ;                                   /* 0x0003000003047984 */
                                                                                          /* 0x000e220000000800 */
        /*1270*/                   LEA R39, R2, UR6, 0x2 ;                                /* 0x0000000602277c11 */
                                                                                          /* 0x000fc6000f8e10ff */
        /*1280*/                   LDS.64 R10, [R30+0x300] ;                              /* 0x000300001e0a7984 */
                                                                                          /* 0x0002a80000000a00 */
        /*1290*/                   LDS R39, [R39+0x300] ;                                 /* 0x0003000027277984 */
                                                                                          /* 0x000ee20000000800 */
        /*12a0*/                   IADD R30, R30, 0x400 ;                                 /* 0x000004001e1e7835 */
                                                                                          /* 0x002fe200078e0000 */
        /*12b0*/                   FFMA.FTZ R13, R4.reuse, R8, R13 ;                      /* 0x00000008040d7223 */
                                                                                          /* 0x041fe2000001000d */
        /*12c0*/                   FFMA.FTZ R6, R4.reuse, R9, R6 ;                        /* 0x0000000904067223 */
                                                                                          /* 0x040fe20000010006 */
        /*12d0*/                   FFMA.FTZ R7, R4.reuse, R10, R7 ;                       /* 0x0000000a04077223 */
                                                                                          /* 0x044fe20000010007 */
        /*12e0*/                   FFMA.FTZ R4, R4, R11, R34 ;                            /* 0x0000000b04047223 */
                                                                                          /* 0x000fe20000010022 */
        /*12f0*/                   LOP3.LUT R34, R33, R28.reuse, RZ, 0x3c, !PT ;          /* 0x0000001c21227212 */
                                                                                          /* 0x080fe200078e3cff */
        /*1300*/                   FFMA.FTZ R5, R8, R39, R35 ;                            /* 0x0000002708057223 */
                                                                                          /* 0x008fe20000010023 */
        /*1310*/                   LOP3.LUT R28, R31, R28, RZ, 0x3c, !PT ;                /* 0x0000001c1f1c7212 */
                                                                                          /* 0x000fe200078e3cff */
        /*1320*/                   FFMA.FTZ R2, R39.reuse, R9, R36 ;                      /* 0x0000000927027223 */
                                                                                          /* 0x040fe20000010024 */
        /*1330*/                   LEA R34, R34, UR6, 0x2 ;                               /* 0x0000000622227c11 */
                                                                                          /* 0x000fe2000f8e10ff */
        /*1340*/                   FFMA.FTZ R3, R10, R39, R37 ;                           /* 0x000000270a037223 */
                                                                                          /* 0x000fe20000010025 */
        /*1350*/                   FFMA.FTZ R0, R39, R11, R0 ;                            /* 0x0000000b27007223 */
                                                                                          /* 0x000fc60000010000 */
        /*1360*/                   LDS R35, [R34+0x300] ;                                 /* 0x0003000022237984 */
                                                                                          /* 0x000e240000000800 */
        /*1370*/                   FFMA.FTZ R21, R8, R35, R21 ;                           /* 0x0000002308157223 */
                                                                                          /* 0x001fe20000010015 */
        /*1380*/                   FFMA.FTZ R22, R35.reuse, R9, R22 ;                     /* 0x0000000923167223 */
                                                                                          /* 0x040fe20000010016 */
        /*1390*/                   FFMA.FTZ R23, R10, R35, R23 ;                          /* 0x000000230a177223 */
                                                                                          /* 0x000fe20000010017 */
        /*13a0*/                   FFMA.FTZ R24, R35, R11, R24 ;                          /* 0x0000000b23187223 */
                                                                                          /* 0x000fe20000010018 */
        /*13b0*/                   LEA R35, R28, UR6, 0x2 ;                               /* 0x000000061c237c11 */
                                                                                          /* 0x000fe2000f8e10ff */
        /*13c0*/                   UIADD3 UR6, UPT, UPT, UR6, 0x400, URZ ;                /* 0x0000040006067890 */
                                                                                          /* 0x000fca000fffe0ff */
        /*13d0*/                   LDS R35, [R35+0x300] ;                                 /* 0x0003000023237984 */
                                                                                          /* 0x000e240000000800 */
        /*13e0*/                   FFMA.FTZ R25, R8, R35, R25 ;                           /* 0x0000002308197223 */
                                                                                          /* 0x001fe20000010019 */
        /*13f0*/                   FFMA.FTZ R26, R35.reuse, R9, R26 ;                     /* 0x00000009231a7223 */
                                                                                          /* 0x040fe2000001001a */
        /*1400*/                   FFMA.FTZ R29, R10, R35, R29 ;                          /* 0x000000230a1d7223 */
                                                                                          /* 0x000fe2000001001d */
        /*1410*/                   FFMA.FTZ R28, R35, R11, R38 ;                          /* 0x0000000b231c7223 */
                                                                                          /* 0x000fe20000010026 */
        /*1420*/                   BRA.U !UP2, 0xbf0 ;                                    /* 0xfffffff50af07547 */
                                                                                          /* 0x000fec000b83ffff */
        /*1430*/                   UIADD3 UR8, UPT, UPT, UR7, -UR5, URZ ;                 /* 0x8000000507087290 */
                                                                                          /* 0x000fc8000fffe0ff */
        /*1440*/                   UISETP.GT.AND UP2, UPT, UR8, 0x1, UPT ;                /* 0x000000010800788c */
                                                                                          /* 0x000fd2000bf44270 */
        /*1450*/                   BRA.U !UP2, 0x18b0 ;                                   /* 0x000000050a147547 */
                                                                                          /* 0x000fea000b800000 */
        /*1460*/                   LOP3.LUT R8, R15.reuse, 0x18, R32.reuse, 0x78, !PT ;   /* 0x000000180f087812 */
                                                                                          /* 0x141fe200078e7820 */
        /*1470*/                   LDS.64 R10, [R30] ;                                    /* 0x000000001e0a7984 */
                                                                                          /* 0x000fe20000000a00 */
        /*1480*/                   IADD R33, R15, 0x2 ;                                   /* 0x000000020f217835 */
                                                                                          /* 0x002fe200078e0000 */
        /*1490*/                   UIADD3 UR5, UPT, UPT, UR5, 0x2, URZ ;                  /* 0x0000000205057890 */
                                                                                          /* 0x000fe2000fffe0ff */
        /*14a0*/                   LEA R31, R8, UR6, 0x2 ;                                /* 0x00000006081f7c11 */
                                                                                          /* 0x000fe2000f8e10ff */
        /*14b0*/                   UPLOP3.LUT UP0, UPT, UPT, UPT, UPT, 0x40, 0x4 ;        /* 0x000000000004789c */
                                                                                          /* 0x000fe20003f0e870 */
        /*14c0*/                   LDS.64 R8, [R30+-0x8] ;                                /* 0xfffff8001e087984 */
                                                                                          /* 0x000fe20000000a00 */
        /*14d0*/                   LOP3.LUT R35, R33, 0x18, R32, 0x78, !PT ;              /* 0x0000001821237812 */
                                                                                          /* 0x000fc600078e7820 */
        /*14e0*/                   LDS R34, [R31] ;                                       /* 0x000000001f227984 */
                                                                                          /* 0x000e220000000800 */
        /*14f0*/                   LEA R36, R35, UR6, 0x2 ;                               /* 0x0000000623247c11 */
                                                                                          /* 0x000fca000f8e10ff */
        /*1500*/                   LDS R31, [R36] ;                                       /* 0x00000000241f7984 */
                                                                                          /* 0x000e620000000800 */
        /*1510*/                   FFMA.FTZ R13, R34.reuse, R8, R13 ;                     /* 0x00000008220d7223 */
                                                                                          /* 0x041fe2000001000d */
        /*1520*/                   FFMA.FTZ R6, R34.reuse, R9, R6 ;                       /* 0x0000000922067223 */
                                                                                          /* 0x040fe20000010006 */
        /*1530*/                   FFMA.FTZ R7, R34.reuse, R10, R7 ;                      /* 0x0000000a22077223 */
                                                                                          /* 0x040fe20000010007 */
        /*1540*/                   FFMA.FTZ R4, R34, R11, R4 ;                            /* 0x0000000b22047223 */
                                                                                          /* 0x000fe20000010004 */
        /*1550*/                   LOP3.LUT R34, R19, 0x18, R32, 0x78, !PT ;              /* 0x0000001813227812 */
                                                                                          /* 0x000fe200078e7820 */
        /*1560*/                   FFMA.FTZ R21, R8, R31, R21 ;                           /* 0x0000001f08157223 */
                                                                                          /* 0x002fe20000010015 */
        /*1570*/                   FFMA.FTZ R22, R31.reuse, R9, R22 ;                     /* 0x000000091f167223 */
                                                                                          /* 0x040fe40000010016 */
        /*1580*/                   LEA R34, R34, UR6, 0x2 ;                               /* 0x0000000622227c11 */
                                                                                          /* 0x000fe2000f8e10ff */
        /*1590*/                   FFMA.FTZ R23, R10, R31, R23 ;                          /* 0x0000001f0a177223 */
                                                                                          /* 0x000fe20000010017 */
        /*15a0*/                   FFMA.FTZ R24, R31, R11, R24 ;                          /* 0x0000000b1f187223 */
                                                                                          /* 0x000fe20000010018 */
        /*15b0*/                   IADD R31, R15, 0x3 ;                                   /* 0x000000030f1f7835 */
                                                                                          /* 0x000fc400078e0000 */
        /*15c0*/                   LDS R35, [R34] ;                                       /* 0x0000000022237984 */
                                                                                          /* 0x0000660000000800 */
        /*15d0*/                   LOP3.LUT R34, R31, 0x18, R32, 0x78, !PT ;              /* 0x000000181f227812 */
                                                                                          /* 0x001fe200078e7820 */
        /*15e0*/                   FFMA.FTZ R5, R8, R35, R5 ;                             /* 0x0000002308057223 */
                                                                                          /* 0x002fe20000010005 */
        /*15f0*/                   FFMA.FTZ R2, R35.reuse, R9, R2 ;                       /* 0x0000000923027223 */
                                                                                          /* 0x040fe20000010002 */
        /*1600*/                   FFMA.FTZ R3, R10, R35, R3 ;                            /* 0x000000230a037223 */
                                                                                          /* 0x000fe20000010003 */
        /*1610*/                   FFMA.FTZ R0, R35, R11, R0 ;                            /* 0x0000000b23007223 */
                                                                                          /* 0x000fe20000010000 */
        /*1620*/                   LEA R35, R34, UR6, 0x2 ;                               /* 0x0000000622237c11 */
                                                                                          /* 0x000fe2000f8e10ff */
        /*1630*/                   IADD R34, R32.reuse, 0x2 ;                             /* 0x0000000220227835 */
                                                                                          /* 0x040fe200078e0000 */
        /*1640*/                   IADD R32, R32, 0x4 ;                                   /* 0x0000000420207835 */
                                                                                          /* 0x000fc800078e0000 */
        /*1650*/                   LDS R35, [R35] ;                                       /* 0x0000000023237984 */
                                                                                          /* 0x000e220000000800 */
        /*1660*/                   LOP3.LUT R34, R34, 0x18, RZ, 0xc0, !PT ;               /* 0x0000001822227812 */
                                                                                          /* 0x000fc800078ec0ff */
        /*1670*/                   LOP3.LUT R33, R33, R34.reuse, RZ, 0x3c, !PT ;          /* 0x0000002221217212 */
                                                                                          /* 0x080fe400078e3cff */
        /*1680*/                   LOP3.LUT R31, R31, R34, RZ, 0x3c, !PT ;                /* 0x000000221f1f7212 */
                                                                                          /* 0x000fe400078e3cff */
        /*1690*/                   LEA R37, R33, UR6, 0x2 ;                               /* 0x0000000621257c11 */
                                                                                          /* 0x000fe4000f8e10ff */
        /*16a0*/                   LEA R31, R31, UR6, 0x2 ;                               /* 0x000000061f1f7c11 */
                                                                                          /* 0x000fc6000f8e10ff */
        /*16b0*/                   LDS R33, [R37+0x100] ;                                 /* 0x0001000025217984 */
                                                                                          /* 0x000fe80000000800 */
        /*16c0*/                   LDS R31, [R31+0x100] ;                                 /* 0x000100001f1f7984 */
                                                                                          /* 0x000fe20000000800 */
        /*16d0*/                   FFMA.FTZ R25, R8, R35, R25 ;                           /* 0x0000002308197223 */
                                                                                          /* 0x001fe20000010019 */
        /*16e0*/                   FFMA.FTZ R26, R35.reuse, R9, R26 ;                     /* 0x00000009231a7223 */
                                                                                          /* 0x040fe2000001001a */
        /*16f0*/                   FFMA.FTZ R29, R10, R35, R29 ;                          /* 0x000000230a1d7223 */
                                                                                          /* 0x000fe2000001001d */
        /*1700*/                   FFMA.FTZ R28, R35, R11, R28 ;                          /* 0x0000000b231c7223 */
                                                                                          /* 0x000fe2000001001c */
        /*1710*/                   LDS.64 R8, [R30+0xf8] ;                                /* 0x0000f8001e087984 */
                                                                                          /* 0x000e280000000a00 */
        /*1720*/                   LDS.64 R10, [R30+0x100] ;                              /* 0x000100001e0a7984 */
                                                                                          /* 0x0003240000000a00 */
        /*1730*/                   IADD R30, R30, 0x200 ;                                 /* 0x000002001e1e7835 */
                                                                                          /* 0x002fe200078e0000 */
        /*1740*/                   FFMA.FTZ R21, R8.reuse, R33, R21 ;                     /* 0x0000002108157223 */
                                                                                          /* 0x041fe20000010015 */
        /*1750*/                   FFMA.FTZ R22, R33, R9, R22 ;                           /* 0x0000000921167223 */
                                                                                          /* 0x000fe20000010016 */
        /*1760*/                   FFMA.FTZ R25, R8, R31, R25 ;                           /* 0x0000001f08197223 */
                                                                                          /* 0x000fe20000010019 */
        /*1770*/                   FFMA.FTZ R26, R31, R9, R26 ;                           /* 0x000000091f1a7223 */
                                                                                          /* 0x000fe2000001001a */
        /*1780*/                   FFMA.FTZ R23, R10.reuse, R33, R23 ;                    /* 0x000000210a177223 */
                                                                                          /* 0x050fe20000010017 */
        /*1790*/                   FFMA.FTZ R24, R33, R11, R24 ;                          /* 0x0000000b21187223 */
                                                                                          /* 0x000fe20000010018 */
        /*17a0*/                   LOP3.LUT R33, R15, R34, RZ, 0x3c, !PT ;                /* 0x000000220f217212 */
                                                                                          /* 0x000fe200078e3cff */
        /*17b0*/                   FFMA.FTZ R29, R10, R31, R29 ;                          /* 0x0000001f0a1d7223 */
                                                                                          /* 0x000fe2000001001d */
        /*17c0*/                   FFMA.FTZ R28, R31, R11, R28 ;                          /* 0x0000000b1f1c7223 */
                                                                                          /* 0x000fc4000001001c */
        /*17d0*/                   LEA R36, R33, UR6, 0x2 ;                               /* 0x0000000621247c11 */
                                                                                          /* 0x000fe4000f8e10ff */
        /*17e0*/                   LOP3.LUT R33, R19, R34, RZ, 0x3c, !PT ;                /* 0x0000002213217212 */
                                                                                          /* 0x000fc800078e3cff */
        /*17f0*/                   LEA R33, R33, UR6, 0x2 ;                               /* 0x0000000621217c11 */
                                                                                          /* 0x000fe2000f8e10ff */
        /*1800*/                   LDS R36, [R36+0x100] ;                                 /* 0x0001000024247984 */
                                                                                          /* 0x000e220000000800 */
        /*1810*/                   UIADD3 UR6, UPT, UPT, UR6, 0x200, URZ ;                /* 0x0000020006067890 */
                                                                                          /* 0x000fc8000fffe0ff */
        /*1820*/                   LDS R33, [R33+0x100] ;                                 /* 0x0001000021217984 */
                                                                                          /* 0x000e620000000800 */
        /*1830*/                   FFMA.FTZ R13, R36.reuse, R8, R13 ;                     /* 0x00000008240d7223 */
                                                                                          /* 0x041fe2000001000d */
        /*1840*/                   FFMA.FTZ R6, R36.reuse, R9, R6 ;                       /* 0x0000000924067223 */
                                                                                          /* 0x040fe20000010006 */
        /*1850*/                   FFMA.FTZ R7, R36.reuse, R10, R7 ;                      /* 0x0000000a24077223 */
                                                                                          /* 0x040fe20000010007 */
        /*1860*/                   FFMA.FTZ R4, R36, R11, R4 ;                            /* 0x0000000b24047223 */
                                                                                          /* 0x000fe20000010004 */
        /*1870*/                   FFMA.FTZ R5, R8, R33, R5 ;                             /* 0x0000002108057223 */
                                                                                          /* 0x002fe20000010005 */
        /*1880*/                   FFMA.FTZ R2, R33.reuse, R9, R2 ;                       /* 0x0000000921027223 */
                                                                                          /* 0x040fe20000010002 */
        /*1890*/                   FFMA.FTZ R3, R10, R33, R3 ;                            /* 0x000000210a037223 */
                                                                                          /* 0x000fe20000010003 */
        /*18a0*/                   FFMA.FTZ R0, R33, R11, R0 ;                            /* 0x0000000b21007223 */
                                                                                          /* 0x000fce0000010000 */
        /*18b0*/                   UISETP.LT.OR UP0, UPT, UR5, UR7, UP0 ;                 /* 0x000000070500728c */
                                                                                          /* 0x000fd20008701670 */
        /*18c0*/                   BRA.U !UP0, 0x1ae0 ;                                   /* 0x0000000108847547 */
                                                                                          /* 0x000fea000b800000 */
        /*18d0*/                   IADD R9, R15.reuse, 0x2 ;                              /* 0x000000020f097835 */
                                                                                          /* 0x043fe200078e0000 */
        /*18e0*/                   LOP3.LUT R32, R32, 0x18, RZ, 0xc0, !PT ;               /* 0x0000001820207812 */
                                                                                          /* 0x000fe200078ec0ff */
        /*18f0*/                   IADD R11, R15, 0x3 ;                                   /* 0x000000030f0b7835 */
                                                                                          /* 0x000fc600078e0000 */
        /*1900*/                   LOP3.LUT R10, R9, R32.reuse, RZ, 0x3c, !PT ;           /* 0x00000020090a7212 */
                                                                                          /* 0x080fe400078e3cff */
        /*1910*/                   LOP3.LUT R8, R15, R32.reuse, RZ, 0x3c, !PT ;           /* 0x000000200f087212 */
                                                                                          /* 0x080fe400078e3cff */
        /*1920*/                   LOP3.LUT R9, R19, R32.reuse, RZ, 0x3c, !PT ;           /* 0x0000002013097212 */
                                                                                          /* 0x080fe400078e3cff */
        /*1930*/                   LOP3.LUT R32, R11, R32, RZ, 0x3c, !PT ;                /* 0x000000200b207212 */
                                                                                          /* 0x000fe400078e3cff */
        /*1940*/                   LEA R33, R9, UR6, 0x2 ;                                /* 0x0000000609217c11 */
                                                                                          /* 0x000fe4000f8e10ff */
        /*1950*/                   LEA R34, R10, UR6, 0x2 ;                               /* 0x000000060a227c11 */
                                                                                          /* 0x000fc4000f8e10ff */
        /*1960*/                   LEA R35, R32, UR6, 0x2 ;                               /* 0x0000000620237c11 */
                                                                                          /* 0x000fe2000f8e10ff */
        /*1970*/                   LDS.64 R10, [R30] ;                                    /* 0x000000001e0a7984 */
                                                                                          /* 0x000fe20000000a00 */
        /*1980*/                   LEA R31, R8, UR6, 0x2 ;                                /* 0x00000006081f7c11 */
                                                                                          /* 0x000fc6000f8e10ff */
        /*1990*/                   LDS.64 R8, [R30+-0x8] ;                                /* 0xfffff8001e087984 */
                                                                                          /* 0x000fe80000000a00 */
        /*19a0*/                   LDS R32, [R31] ;                                       /* 0x000000001f207984 */
                                                                                          /* 0x000e280000000800 */
        /*19b0*/                   LDS R33, [R33] ;                                       /* 0x0000000021217984 */
                                                                                          /* 0x000e680000000800 */
        /*19c0*/                   LDS R34, [R34] ;                                       /* 0x0000000022227984 */
                                                                                          /* 0x000f280000000800 */
        /*19d0*/                   LDS R35, [R35] ;                                       /* 0x0000000023237984 */
                                                                                          /* 0x000f620000000800 */
        /*19e0*/                   FFMA.FTZ R13, R32.reuse, R8, R13 ;                     /* 0x00000008200d7223 */
                                                                                          /* 0x041fe2000001000d */
        /*19f0*/                   FFMA.FTZ R6, R32.reuse, R9, R6 ;                       /* 0x0000000920067223 */
                                                                                          /* 0x040fe20000010006 */
        /*1a00*/                   FFMA.FTZ R7, R32.reuse, R10, R7 ;                      /* 0x0000000a20077223 */
                                                                                          /* 0x040fe20000010007 */
        /*1a10*/                   FFMA.FTZ R4, R32, R11, R4 ;                            /* 0x0000000b20047223 */
                                                                                          /* 0x000fe20000010004 */
        /*1a20*/                   FFMA.FTZ R5, R8, R33, R5 ;                             /* 0x0000002108057223 */
                                                                                          /* 0x002fe20000010005 */
        /*1a30*/                   FFMA.FTZ R2, R33.reuse, R9, R2 ;                       /* 0x0000000921027223 */
                                                                                          /* 0x040fe20000010002 */
        /*1a40*/                   FFMA.FTZ R3, R10, R33, R3 ;                            /* 0x000000210a037223 */
                                                                                          /* 0x000fe20000010003 */
        /*1a50*/                   FFMA.FTZ R0, R33, R11, R0 ;                            /* 0x0000000b21007223 */
                                                                                          /* 0x000fe20000010000 */
        /*1a60*/                   FFMA.FTZ R21, R8, R34.reuse, R21 ;                     /* 0x0000002208157223 */
                                                                                          /* 0x090fe20000010015 */
        /*1a70*/                   FFMA.FTZ R22, R34, R9, R22 ;                           /* 0x0000000922167223 */
                                                                                          /* 0x000fe20000010016 */
        /*1a80*/                   FFMA.FTZ R23, R10, R34, R23 ;                          /* 0x000000220a177223 */
                                                                                          /* 0x000fe20000010017 */
        /*1a90*/                   FFMA.FTZ R24, R34, R11, R24 ;                          /* 0x0000000b22187223 */
                                                                                          /* 0x000fe20000010018 */
        /*1aa0*/                   FFMA.FTZ R25, R8, R35, R25 ;                           /* 0x0000002308197223 */
                                                                                          /* 0x020fe20000010019 */
        /*1ab0*/                   FFMA.FTZ R26, R35.reuse, R9, R26 ;                     /* 0x00000009231a7223 */
                                                                                          /* 0x040fe2000001001a */
        /*1ac0*/                   FFMA.FTZ R29, R10, R35, R29 ;                          /* 0x000000230a1d7223 */
                                                                                          /* 0x000fe2000001001d */
        /*1ad0*/                   FFMA.FTZ R28, R35, R11, R28 ;                          /* 0x0000000b231c7223 */
                                                                                          /* 0x000fce000001001c */
        /*1ae0*/                   BAR.SYNC.DEFER_BLOCKING 0x0 ;                          /* 0x0000000000007b1d */
                                                                                          /* 0x000fec0000010000 */
        /*1af0*/                   BRA.U !UP1, 0x310 ;                                    /* 0xffffffe909047547 */
                                                                                          /* 0x000fea000b83ffff */
        /*1b00*/                   S2R R9, SR_CTAID.X ;                                   /* 0x0000000000097919 */
                                                                                          /* 0x003e220000002500 */
        /*1b10*/                   LDCU.64 UR8, c[0x0][0x398] ;                           /* 0x00007300ff0877ac */
                                                                                          /* 0x000e620008000a00 */
        /*1b20*/                   S2R R8, SR_CTAID.Y ;                                   /* 0x0000000000087919 */
                                                                                          /* 0x000ea20000002600 */
        /*1b30*/                   LDCU.64 UR6, c[0x0][0x390] ;                           /* 0x00007200ff0677ac */
                                                                                          /* 0x000f220008000a00 */
        /*1b40*/                   IMAD R16, R9, 0x10, R12 ;                              /* 0x0000001009107824 */
                                                                                          /* 0x001fc800078e020c */
        /*1b50*/                   IMAD.SHL.U32 R16, R16, 0x4, RZ ;                       /* 0x0000000410107824 */
                                                                                          /* 0x000fe400078e00ff */
        /*1b60*/                   IMAD R12, R8, 0x10, R27 ;                              /* 0x00000010080c7824 */
                                                                                          /* 0x004fc600078e021b */
        /*1b70*/                   ISETP.GE.AND P1, PT, R16, UR9, PT ;                    /* 0x0000000910007c0c */
                                                                                          /* 0x002fe2000bf26270 */
        /*1b80*/                   IMAD.SHL.U32 R12, R12, 0x4, RZ ;                       /* 0x000000040c0c7824 */
                                                                                          /* 0x000fe200078e00ff */
        /*1b90*/                   ISETP.GE.AND P0, PT, R16.reuse, UR9, PT ;              /* 0x0000000910007c0c */
                                                                                          /* 0x040fe2000bf06270 */
        /*1ba0*/                   IADD R8, R16, 0x1 ;                                    /* 0x0000000110087835 */
                                                                                          /* 0x000fe200078e0000 */
        /*1bb0*/                   SHF.R.S32.HI R17, RZ, 0x1f, R16 ;                      /* 0x0000001fff117819 */
                                                                                          /* 0x000fe20000011410 */
        /*1bc0*/                   IMAD R18, R12.reuse, UR9, RZ ;                         /* 0x000000090c127c24 */
                                                                                          /* 0x048fe2000f8e02ff */
        /*1bd0*/                   ISETP.LT.AND P1, PT, R12.reuse, UR8, !P1 ;             /* 0x000000080c007c0c */
                                                                                          /* 0x040fe2000cf21270 */
        /*1be0*/                   IADD R20, R12, 0x1 ;                                   /* 0x000000010c147835 */
                                                                                          /* 0x000fe200078e0000 */
        /*1bf0*/                   ISETP.GE.AND P3, PT, R8, UR9, PT ;                     /* 0x0000000908007c0c */
                                                                                          /* 0x000fe2000bf66270 */
        /*1c00*/                   IADD R8, R16, 0x2 ;                                    /* 0x0000000210087835 */
                                                                                          /* 0x000fe200078e0000 */
        /*1c10*/                   SHF.R.S32.HI R19, RZ, 0x1f, R18 ;                      /* 0x0000001fff137819 */
                                                                                          /* 0x000fc40000011412 */
        /*1c20*/                   ISETP.GE.OR P6, PT, R20, UR8, P0 ;                     /* 0x0000000814007c0c */
                                                                                          /* 0x000fe200087c6670 */
        /*1c30*/                   ISETP.GE.OR P5, PT, R12, UR8, P3 ;                     /* 0x000000080c007c0c */
                                                                                          /* 0x000fe20009fa6670 */
        /*1c40*/                   ISETP.GE.AND P2, PT, R8, UR9, PT ;                     /* 0x0000000908007c0c */
                                                                                          /* 0x000fe2000bf46270 */
        /*1c50*/                   IADD.64 R14, R18, R16 ;                                /* 0x00000010120e7235 */
                                                                                          /* 0x000fe400078e0200 */
        /*1c60*/                   IADD R19, R16, 0x3 ;                                   /* 0x0000000310137835 */
                                                                                          /* 0x000fe200078e0000 */
        /*1c70*/                   IADD R27, R12, 0x2 ;                                   /* 0x000000020c1b7835 */
                                                                                          /* 0x000fe200078e0000 */
        /*1c80*/               @P1 LDC.64 R30, c[0x0][0x390] ;                            /* 0x0000e400ff1e1b82 */
                                                                                          /* 0x000e220000000a00 */
        /*1c90*/               @P1 IADD R9, R16, R18 ;                                    /* 0x0000001210091235 */
                                                                                          /* 0x000fe200078e0000 */
        /*1ca0*/                   LEA R8, P4, R14, UR6, 0x2 ;                            /* 0x000000060e087c11 */
                                                                                          /* 0x010fe2000f8810ff */
        /*1cb0*/                   IADD R18, R18, UR9 ;                                   /* 0x0000000912127c35 */
                                                                                          /* 0x000fca000f8e0000 */
        /*1cc0*/              @!P6 LDC.64 R10, c[0x0][0x390] ;                            /* 0x0000e400ff0aeb82 */
                                                                                          /* 0x000e620000000a00 */
        /*1cd0*/               @P1 IMAD.WIDE R30, R9, 0x4, R30 ;                          /* 0x00000004091e1825 */
                                                                                          /* 0x001fe200078e021e */
        /*1ce0*/                   LEA.HI.X R9, R14, UR7, R15, 0x2, P4 ;                  /* 0x000000070e097c11 */
                                                                                          /* 0x000fe2000a0f140f */
        /*1cf0*/                   ISETP.GE.OR P4, PT, R12, UR8, P2 ;                     /* 0x000000080c007c0c */
                                                                                          /* 0x000fe20009786670 */
        /*1d00*/              @!P6 IADD R15, R16, R18.reuse ;                             /* 0x00000012100fe235 */
                                                                                          /* 0x080fe400078e0000 */
        /*1d10*/               @P1 STG.E desc[UR10][R30.64], R13 ;                        /* 0x0000000d1e001986 */
                                                                                          /* 0x0001e2000c10190a */
        /*1d20*/                   ISETP.GE.AND P1, PT, R19, UR9, PT ;                    /* 0x0000000913007c0c */
                                                                                          /* 0x000fe2000bf26270 */
        /*1d30*/                   SHF.R.S32.HI R19, RZ, 0x1f, R18 ;                      /* 0x0000001fff137819 */
                                                                                          /* 0x000fe40000011412 */
        /*1d40*/              @!P5 STG.E desc[UR10][R8.64+0x4], R6 ;                      /* 0x000004060800d986 */
                                                                                          /* 0x0005e2000c10190a */
        /*1d50*/              @!P6 IMAD.WIDE R14, R15, 0x4, R10 ;                         /* 0x000000040f0ee825 */
                                                                                          /* 0x002fe200078e020a */
        /*1d60*/                   ISETP.GE.OR P5, PT, R12, UR8, P1 ;                     /* 0x000000080c007c0c */
                                                                                          /* 0x000fe20008fa6670 */
        /*1d70*/                   IADD.64 R10, R16, R18 ;                                /* 0x00000012100a7235 */
                                                                                          /* 0x000fc400078e0200 */
        /*1d80*/                   IADD R18, R18, UR9 ;                                   /* 0x0000000912127c35 */
                                                                                          /* 0x000fe2000f8e0000 */
        /*1d90*/              @!P4 STG.E desc[UR10][R8.64+0x8], R7 ;                      /* 0x000008070800c986 */
                                                                                          /* 0x0003e2000c10190a */
        /*1da0*/                   ISETP.GE.OR P4, PT, R27, UR8, P0 ;                     /* 0x000000081b007c0c */
                                                                                          /* 0x000fe20008786670 */
        /*1db0*/                   IADD R30, R12, 0x3 ;                                   /* 0x000000030c1e7835 */
                                                                                          /* 0x001fe400078e0000 */
        /*1dc0*/                   SHF.R.S32.HI R19, RZ, 0x1f, R18 ;                      /* 0x0000001fff137819 */
                                                                                          /* 0x000fc60000011412 */
        /*1dd0*/                   ISETP.GE.OR P0, PT, R30, UR8, P0 ;                     /* 0x000000081e007c0c */
                                                                                          /* 0x000fe40008706670 */
        /*1de0*/              @!P5 STG.E desc[UR10][R8.64+0xc], R4 ;                      /* 0x00000c040800d986 */
                                                                                          /* 0x0001e2000c10190a */
        /*1df0*/                   ISETP.GE.OR P5, PT, R20, UR8, P3 ;                     /* 0x0000000814007c0c */
                                                                                          /* 0x000fc60009fa6670 */
        /*1e00*/              @!P6 STG.E desc[UR10][R14.64], R5 ;                         /* 0x000000050e00e986 */
                                                                                          /* 0x0007e2000c10190a */
        /*1e10*/                   LEA R6, P6, R10.reuse, UR6, 0x2 ;                      /* 0x000000060a067c11 */
                                                                                          /* 0x044fe2000f8c10ff */
        /*1e20*/              @!P4 LDC.64 R12, c[0x0][0x390] ;                            /* 0x0000e400ff0ccb82 */
                                                                                          /* 0x000ea60000000a00 */
        /*1e30*/                   LEA.HI.X R7, R10, UR7, R11, 0x2, P6 ;                  /* 0x000000070a077c11 */
                                                                                          /* 0x002fe2000b0f140b */
        /*1e40*/                   ISETP.GE.OR P6, PT, R20, UR8, P2 ;                     /* 0x0000000814007c0c */
                                                                                          /* 0x000fe200097c6670 */
        /*1e50*/              @!P4 IADD R11, R16, R18 ;                                   /* 0x00000012100bc235 */
                                                                                          /* 0x000fc600078e0000 */
        /*1e60*/              @!P5 STG.E desc[UR10][R6.64+0x4], R2 ;                      /* 0x000004020600d986 */
                                                                                          /* 0x000fe2000c10190a */
        /*1e70*/                   ISETP.GE.OR P5, PT, R20, UR8, P1 ;                     /* 0x0000000814007c0c */
                                                                                          /* 0x000fe20008fa6670 */
        /*1e80*/              @!P0 LDC.64 R8, c[0x0][0x390] ;                             /* 0x0000e400ff088b82 */
                                                                                          /* 0x001e220000000a00 */
        /*1e90*/                   IADD.64 R4, R16, R18 ;                                 /* 0x0000001210047235 */
                                                                                          /* 0x008fe400078e0200 */
        /*1ea0*/                   IADD R18, R18, UR9 ;                                   /* 0x0000000912127c35 */
                                                                                          /* 0x000fc8000f8e0000 */
        /*1eb0*/              @!P6 STG.E desc[UR10][R6.64+0x8], R3 ;                      /* 0x000008030600e986 */
                                                                                          /* 0x0003e2000c10190a */
        /*1ec0*/                   LEA R10, P6, R4.reuse, UR6, 0x2 ;                      /* 0x00000006040a7c11 */
                                                                                          /* 0x040fe4000f8c10ff */
        /*1ed0*/                   SHF.R.S32.HI R19, RZ, 0x1f, R18 ;                      /* 0x0000001fff137819 */
                                                                                          /* 0x000fe40000011412 */
        /*1ee0*/              @!P5 STG.E desc[UR10][R6.64+0xc], R0 ;                      /* 0x00000c000600d986 */
                                                                                          /* 0x0007e2000c10190a */
        /*1ef0*/                   ISETP.GE.OR P5, PT, R27, UR8, P3 ;                     /* 0x000000081b007c0c */
                                                                                          /* 0x000fe20009fa6670 */
        /*1f00*/              @!P4 IMAD.WIDE R12, R11, 0x4, R12 ;                         /* 0x000000040b0cc825 */
                                                                                          /* 0x004fe200078e020c */
        /*1f10*/                   LEA.HI.X R11, R4, UR7, R5, 0x2, P6 ;                   /* 0x00000007040b7c11 */
                                                                                          /* 0x000fe2000b0f1405 */
        /*1f20*/                   ISETP.GE.OR P6, PT, R27, UR8, P1 ;                     /* 0x000000081b007c0c */
                                                                                          /* 0x000fe20008fc6670 */
        /*1f30*/                   ISETP.GE.OR P3, PT, R30, UR8, P3 ;                     /* 0x000000081e007c0c */
                                                                                          /* 0x000fc40009f66670 */
        /*1f40*/              @!P4 STG.E desc[UR10][R12.64], R21 ;                        /* 0x000000150c00c986 */
                                                                                          /* 0x0007e2000c10190a */
        /*1f50*/                   ISETP.GE.OR P4, PT, R27, UR8, P2 ;                     /* 0x000000081b007c0c */
                                                                                          /* 0x000fe20009786670 */
        /*1f60*/              @!P0 IADD R3, R16.reuse, R18.reuse ;                        /* 0x0000001210038235 */
                                                                                          /* 0x0c2fe200078e0000 */
        /*1f70*/                   IADD.64 R16, R16, R18 ;                                /* 0x0000001210107235 */
                                                                                          /* 0x000fe400078e0200 */
        /*1f80*/                   ISETP.GE.OR P2, PT, R30.reuse, UR8, P2 ;               /* 0x000000081e007c0c */
                                                                                          /* 0x040fe20009746670 */
        /*1f90*/                   ISETP.GE.OR P1, PT, R30, UR8, P1 ;                     /* 0x000000081e007c0c */
                                                                                          /* 0x000fe20008f26670 */
        /*1fa0*/              @!P5 STG.E desc[UR10][R10.64+0x4], R22 ;                    /* 0x000004160a00d986 */
                                                                                          /* 0x0007e2000c10190a */
        /*1fb0*/                   LEA R2, P5, R16.reuse, UR6, 0x2 ;                      /* 0x0000000610027c11 */
                                                                                          /* 0x040fe2000f8a10ff */
        /*1fc0*/              @!P0 IMAD.WIDE R8, R3, 0x4, R8 ;                            /* 0x0000000403088825 */
                                                                                          /* 0x001fe400078e0208 */
        /*1fd0*/              @!P6 STG.E desc[UR10][R10.64+0xc], R24 ;                    /* 0x00000c180a00e986 */
                                                                                          /* 0x0007e2000c10190a */
        /*1fe0*/                   LEA.HI.X R3, R16, UR7, R17, 0x2, P5 ;                  /* 0x0000000710037c11 */
                                                                                          /* 0x000fc6000a8f1411 */
        /*1ff0*/              @!P4 STG.E desc[UR10][R10.64+0x8], R23 ;                    /* 0x000008170a00c986 */
                                                                                          /* 0x0007e8000c10190a */
        /*2000*/              @!P0 STG.E desc[UR10][R8.64], R25 ;                         /* 0x0000001908008986 */
                                                                                          /* 0x0007e8000c10190a */
        /*2010*/              @!P3 STG.E desc[UR10][R2.64+0x4], R26 ;                     /* 0x0000041a0200b986 */
                                                                                          /* 0x0007e8000c10190a */
        /*2020*/              @!P2 STG.E desc[UR10][R2.64+0x8], R29 ;                     /* 0x0000081d0200a986 */
                                                                                          /* 0x0007e2000c10190a */
        /*2030*/               @P1 EXIT ;                                                 /* 0x000000000000194d */
                                                                                          /* 0x000fea0003800000 */
        /*2040*/                   STG.E desc[UR10][R2.64+0xc], R28 ;                     /* 0x00000c1c02007986 */
                                                                                          /* 0x000fe2000c10190a */
        /*2050*/                   EXIT ;                                                 /* 0x000000000000794d */
                                                                                          /* 0x000fea0003800000 */
        /*2060*/                   BRA 0x2060;                                            /* 0xfffffffc00fc7947 */
                                                                                          /* 0x000fc0000383ffff */
        /*2070*/                   NOP;                                                   /* 0x0000000000007918 */
                                                                                          /* 0x000fc00000000000 */
        /*2080*/                   NOP;                                                   /* 0x0000000000007918 */
                                                                                          /* 0x000fc00000000000 */
        /*2090*/                   NOP;                                                   /* 0x0000000000007918 */
                                                                                          /* 0x000fc00000000000 */
        /*20a0*/                   NOP;                                                   /* 0x0000000000007918 */
                                                                                          /* 0x000fc00000000000 */
        /*20b0*/                   NOP;                                                   /* 0x0000000000007918 */
                                                                                          /* 0x000fc00000000000 */
        /*20c0*/                   NOP;                                                   /* 0x0000000000007918 */
                                                                                          /* 0x000fc00000000000 */
        /*20d0*/                   NOP;                                                   /* 0x0000000000007918 */
                                                                                          /* 0x000fc00000000000 */
        /*20e0*/                   NOP;                                                   /* 0x0000000000007918 */
                                                                                          /* 0x000fc00000000000 */
        /*20f0*/                   NOP;                                                   /* 0x0000000000007918 */
                                                                                          /* 0x000fc00000000000 */
		..........



Fatbin ptx code:
================
arch = sm_120
code version = [9,3]
host = windows
compile_size = 64bit
compressed
identifier = S:/kernel-lane/kernels/src/register_tiled_gemm_AsT_swizzle.cu
ptxasOptions = --generate-line-info 
