
Fatbin elf code:
================
arch = sm_120
code version = [1,8]
host = windows
compile_size = 64bit
identifier = S:/kernel-lane/kernels/src/register_tiled_gemm_TMA_B_pipeline.cu 

	code for sm_120
	.target	sm_120


Fatbin elf code:
================
arch = sm_120
code version = [1,8]
host = windows
compile_size = 64bit
identifier = S:/kernel-lane/kernels/src/register_tiled_gemm_TMA_B_pipeline.cu

	code for sm_120
	.target	sm_120

		Function : _Z19register_tiled_gemmILb0ELb0EEvPKfS1_PfiiiPK14CUtensorMap_st
	.headerflags	@"EF_CUDA_SM120 EF_CUDA_VIRTUAL_SM(EF_CUDA_SM120)"
        /*0000*/                   LDC R1, c[0x0][0x37c] ;                              /* 0x0000df00ff017b82 */
                                                                                        /* 0x000ff00000000800 */
        /*0010*/                   S2UR UR10, SR_CTAID.X ;                              /* 0x00000000000a79c3 */
                                                                                        /* 0x000e220000002500 */
        /*0020*/                   LDCU UR18, c[0x0][0x3a0] ;                           /* 0x00007400ff1277ac */
                                                                                        /* 0x000e620008000800 */
        /*0030*/                   S2R R3, SR_TID.X ;                                   /* 0x0000000000037919 */
                                                                                        /* 0x000ea20000002100 */
        /*0040*/                   LDCU UR19, c[0x0][0x39c] ;                           /* 0x00007380ff1377ac */
                                                                                        /* 0x000ee20008000800 */
        /*0050*/                   S2R R2, SR_TID.Y ;                                   /* 0x0000000000027919 */
                                                                                        /* 0x000ea80000002200 */
        /*0060*/                   S2UR UR6, SR_CTAID.Y ;                               /* 0x00000000000679c3 */
                                                                                        /* 0x000f220000002600 */
        /*0070*/                   ULOP3.LUT UP0, URZ, UR18, 0xf, URZ, 0xc0, !UPT ;     /* 0x0000000f12ff7892 */
                                                                                        /* 0x002fe2000f80c0ff */
        /*0080*/                   USHF.L.U32 UR10, UR10, 0x6, URZ ;                    /* 0x000000060a0a7899 */
                                                                                        /* 0x001fc800080006ff */
        /*0090*/                   UIADD3 UR4, UPT, UPT, UR10, 0x40, URZ ;              /* 0x000000400a047890 */
                                                                                        /* 0x000fc8000fffe0ff */
        /*00a0*/                   UISETP.LE.AND UP0, UPT, UR4, UR19, !UP0 ;            /* 0x000000130400728c */
                                                                                        /* 0x008fe2000c703270 */
        /*00b0*/                   USHF.L.U32 UR6, UR6, 0x6, URZ ;                      /* 0x0000000606067899 */
                                                                                        /* 0x010fe200080006ff */
        /*00c0*/                   IMAD R0, R2, 0x10, R3 ;                              /* 0x0000001002007824 */
                                                                                        /* 0x004fce00078e0203 */
        /*00d0*/                   BRA.U !UP0, 0x340 ;                                  /* 0x0000000108987547 */
                                                                                        /* 0x000fea000b800000 */
        /*00e0*/                   ISETP.NE.U32.AND P0, PT, R0, RZ, PT ;                /* 0x000000ff0000720c */
                                                                                        /* 0x000fe20003f05070 */
        /*00f0*/                   UMOV UR4, 0x1 ;                                      /* 0x0000000100047882 */
                                                                                        /* 0x000fe20000000000 */
        /*0100*/                   BSSY.RECONVERGENT B0, 0x340 ;                        /* 0x0000023000007945 */
                                                                                        /* 0x000ff60003800200 */
        /*0110*/              @!P0 S2R R5, SR_CgaCtaId ;                                /* 0x0000000000058919 */
                                                                                        /* 0x000e220000008800 */
        /*0120*/              @!P0 MOV R4, 0x400 ;                                      /* 0x0000040000048802 */
                                                                                        /* 0x000fe20000000f00 */
        /*0130*/                   VOTEU.ALL UP1, P0 ;                                  /* 0x0000000000ff7886 */
                                                                                        /* 0x000fe20000020000 */
        /*0140*/                   VOTEU.ALL UP2, P0 ;                                  /* 0x0000000000ff7886 */
                                                                                        /* 0x000fc60000040000 */
        /*0150*/              @!P0 IADD R4, R4, 0x3000 ;                                /* 0x0000300004048835 */
                                                                                        /* 0x000fe200078e0000 */
        /*0160*/                   @!UP1 UIADD3 UR4, UPT, UPT, -UR4, 0x100000, URZ ;    /* 0x0010000004049890 */
                                                                                        /* 0x000fc8000fffe1ff */
        /*0170*/                   @!UP1 USHF.L.U32 UR5, UR4, 0xb, URZ ;                /* 0x0000000b04059899 */
                                                                                        /* 0x000fe200080006ff */
        /*0180*/                   @!UP1 USHF.L.U32 UR4, UR4, 0x1, URZ ;                /* 0x0000000104049899 */
                                                                                        /* 0x000fe200080006ff */
        /*0190*/                   VOTEU.ALL UP1, P0 ;                                  /* 0x0000000000ff7886 */
                                                                                        /* 0x000fe20000020000 */
        /*01a0*/              @!P0 LEA R4, R5, R4, 0x18 ;                               /* 0x0000000405048211 */
                                                                                        /* 0x001fc800078ec0ff */
        /*01b0*/              @!P0 R2UR UR7, R4 ;                                       /* 0x00000000040782ca */
                                                                                        /* 0x000fe200000e0000 */
        /*01c0*/                   FENCE.VIEW.ASYNC.S ;                                 /* 0x00000000000073c6 */
                                                                                        /* 0x000e180000000000 */
        /*01d0*/                   @!UP1 SYNCS.EXCH.64 URZ, [UR7], UR4 ;                /* 0x0000000407ff95b2 */
                                                                                        /* 0x0010620008000100 */
        /*01e0*/                   @!UP2 SYNCS.EXCH.64 URZ, [UR7+0x8], UR4 ;            /* 0x0000080407ffa5b2 */
                                                                                        /* 0x0004640008000100 */
        /*01f0*/                   BAR.SYNC.DEFER_BLOCKING 0x0 ;                        /* 0x0000000000007b1d */
                                                                                        /* 0x002fec0000010000 */
        /*0200*/               @P0 BRA 0x320 ;                                          /* 0x0000000000440947 */
                                                                                        /* 0x000fea0003800000 */
        /*0210*/                   S2UR UR4, SR_CgaCtaId ;                              /* 0x00000000000479c3 */
                                                                                        /* 0x005e220000008800 */
        /*0220*/                   UMOV UR8, 0x400 ;                                    /* 0x0000040000087882 */
                                                                                        /* 0x000fe20000000000 */
        /*0230*/                   HFMA2 R4, -RZ, RZ, 0, 0.00048828125 ;                /* 0x00001000ff047431 */
                                                                                        /* 0x000fe200000001ff */
        /*0240*/                   UIADD3 UR9, UPT, UPT, UR8, 0x3000, URZ ;             /* 0x0000300008097890 */
                                                                                        /* 0x000fe2000fffe0ff */
        /*0250*/                   UIADD3 UR8, UPT, UPT, UR8, 0x1000, URZ ;             /* 0x0000100008087890 */
                                                                                        /* 0x000fe2000fffe0ff */
        /*0260*/                   PLOP3.LUT P0, PT, PT, PT, PT, 0x80, 0x8 ;            /* 0x000000000008781c */
                                                                                        /* 0x000fe20003f0f070 */
        /*0270*/                   LDCU.64 UR14, c[0x0][0x3a8] ;                        /* 0x00007500ff0e77ac */
                                                                                        /* 0x000e620008000a00 */
        /*0280*/                   UMOV UR11, URZ ;                                     /* 0x000000ff000b7c82 */
                                                                                        /* 0x000fe20008000000 */
        /*0290*/                   UMOV UR12, URZ ;                                     /* 0x000000ff000c7c82 */
                                                                                        /* 0x000fe20008000000 */
        /*02a0*/                   ULEA UR9, UR4, UR9, 0x18 ;                           /* 0x0000000904097291 */
                                                                                        /* 0x001fe2000f8ec0ff */
        /*02b0*/                   ULEA UR8, UR4, UR8, 0x18 ;                           /* 0x0000000804087291 */
                                                                                        /* 0x000fd0000f8ec0ff */
        /*02c0*/                   SYNCS.ARRIVE.TRANS64 RZ, [UR9], R4 ;                 /* 0x00000004ffff79a7 */
                                                                                        /* 0x0021e80008000009 */
        /*02d0*/               @P0 ELECT P1, URZ, PT ;                                  /* 0x0000000000ff082f */
                                                                                        /* 0x000fe20003820000 */
        /*02e0*/                   UTMALDG.3D [UR8], [UR14] ;                           /* 0x000000080e0075b4 */
                                                                                        /* 0x0023d80008010000 */
        /*02f0*/               @P1 PLOP3.LUT P0, PT, P1, PT, PT, 0x8, 0x80 ;            /* 0x000000000080181c */
                                                                                        /* 0x000fe40000f0e170 */
        /*0300*/                   PLOP3.LUT P1, PT, PT, PT, PT, 0x8, 0x80 ;            /* 0x000000000080781c */
                                                                                        /* 0x000fd60003f2e170 */
        /*0310*/               @P0 BRA.U.ANY 0x2d0 ;                                    /* 0xfffffffd00ec0947 */
                                                                                        /* 0x001fea000393ffff */
        /*0320*/                   NOP ;                                                /* 0x0000000000007918 */
                                                                                        /* 0x000fe20000000000 */
        /*0330*/                   BSYNC.RECONVERGENT B0 ;                              /* 0x0000000000007941 */
                                                                                        /* 0x007fea0003800200 */
        /*0340*/                   UISETP.GE.AND UP1, UPT, UR18, 0x1, UPT ;             /* 0x000000011200788c */
                                                                                        /* 0x000fe2000bf26270 */
        /*0350*/                   HFMA2 R40, -RZ, RZ, 0, 0 ;                           /* 0x00000000ff287431 */
                                                                                        /* 0x000fe200000001ff */
        /*0360*/                   CS2R R30, SRZ ;                                      /* 0x00000000001e7805 */
                                                                                        /* 0x000fe2000001ff00 */
        /*0370*/                   HFMA2 R36, -RZ, RZ, 0, 0 ;                           /* 0x00000000ff247431 */
                                                                                        /* 0x000fe200000001ff */
        /*0380*/                   MOV R38, RZ ;                                        /* 0x000000ff00267202 */
                                                                                        /* 0x000fe20000000f00 */
        /*0390*/                   HFMA2 R32, -RZ, RZ, 0, 0 ;                           /* 0x00000000ff207431 */
                                                                                        /* 0x000fe200000001ff */
        /*03a0*/                   MOV R34, RZ ;                                        /* 0x000000ff00227202 */
                                                                                        /* 0x000fe20000000f00 */
        /*03b0*/                   CS2R R28, SRZ ;                                      /* 0x00000000001c7805 */
                                                                                        /* 0x000fe2000001ff00 */
        /*03c0*/                   CS2R R26, SRZ ;                                      /* 0x00000000001a7805 */
                                                                                        /* 0x000fe2000001ff00 */
        /*03d0*/                   CS2R R24, SRZ ;                                      /* 0x0000000000187805 */
                                                                                        /* 0x000fe2000001ff00 */
        /*03e0*/                   CS2R R4, SRZ ;                                       /* 0x0000000000047805 */
                                                                                        /* 0x000fe2000001ff00 */
        /*03f0*/                   MOV R7, RZ ;                                         /* 0x000000ff00077202 */
                                                                                        /* 0x000fe20000000f00 */
        /*0400*/                   LDCU.64 UR16, c[0x0][0x358] ;                        /* 0x00006b00ff1077ac */
                                                                                        /* 0x000e220008000a00 */
        /*0410*/                   BRA.U !UP1, 0x1560 ;                                 /* 0x0000001109507547 */
                                                                                        /* 0x000fea000b800000 */
        /*0420*/                   S2R R9, SR_CgaCtaId ;                                /* 0x0000000000097919 */
                                                                                        /* 0x000e620000008800 */
        /*0430*/                   MOV R12, 0x400 ;                                     /* 0x00000400000c7802 */
                                                                                        /* 0x000fe20000000f00 */
        /*0440*/                   IMAD.SHL.U32 R21, R3.reuse, 0x4, RZ ;                /* 0x0000000403157824 */
                                                                                        /* 0x040fe200078e00ff */
        /*0450*/                   SHF.R.U32.HI R11, RZ, 0x4, R0 ;                      /* 0x00000004ff0b7819 */
                                                                                        /* 0x000fe20000011600 */
        /*0460*/                   IMAD.SHL.U32 R13, R3, 0x10, RZ ;                     /* 0x00000010030d7824 */
                                                                                        /* 0x000fe200078e00ff */
        /*0470*/                   LOP3.LUT R10, R0, 0x7ffc, RZ, 0xc0, !PT ;            /* 0x00007ffc000a7812 */
                                                                                        /* 0x000fe200078ec0ff */
        /*0480*/                   UIADD3 UR4, UPT, UPT, UR18, -0x1, URZ ;              /* 0xffffffff12047890 */
                                                                                        /* 0x000fe2000fffe0ff */
        /*0490*/                   IADD R6, R12, 0x1000 ;                               /* 0x000010000c067835 */
                                                                                        /* 0x000fe200078e0000 */
        /*04a0*/                   LOP3.LUT R8, R21, 0x3c, RZ, 0xc0, !PT ;              /* 0x0000003c15087812 */
                                                                                        /* 0x000fe200078ec0ff */
        /*04b0*/                   UMOV UR11, URZ ;                                     /* 0x000000ff000b7c82 */
                                                                                        /* 0x000fe20008000000 */
        /*04c0*/                   LOP3.LUT R14, R13, 0xf0, RZ, 0xc0, !PT ;             /* 0x000000f00d0e7812 */
                                                                                        /* 0x000fe200078ec0ff */
        /*04d0*/                   USHF.R.U32.HI UR4, URZ, 0x4, UR4 ;                   /* 0x00000004ff047899 */
                                                                                        /* 0x000fe20008011604 */
        /*04e0*/                   LEA.HI R22, R0, UR6, RZ, 0x1e ;                      /* 0x0000000600167c11 */
                                                                                        /* 0x000fe2000f8ff0ff */
        /*04f0*/                   MOV R40, RZ ;                                        /* 0x000000ff00287202 */
                                                                                        /* 0x000fe20000000f00 */
        /*0500*/                   MOV R20, RZ ;                                        /* 0x000000ff00147202 */
                                                                                        /* 0x000fe20000000f00 */
        /*0510*/                   LOP3.LUT R21, R21, 0xc, RZ, 0xc0, !PT ;              /* 0x0000000c15157812 */
                                                                                        /* 0x000fc400078ec0ff */
        /*0520*/                   IMAD R22, R22, UR18, RZ ;                            /* 0x0000001216167c24 */
                                                                                        /* 0x000fe2000f8e02ff */
        /*0530*/                   LEA R16, R9, R6, 0x18 ;                              /* 0x0000000609107211 */
                                                                                        /* 0x002fe200078ec0ff */
        /*0540*/                   IMAD.SHL.U32 R6, R3, 0x400, RZ ;                     /* 0x0000040003067824 */
                                                                                        /* 0x000fe200078e00ff */
        /*0550*/                   LEA R12, R9, R12, 0x18 ;                             /* 0x0000000c090c7211 */
                                                                                        /* 0x000fc600078ec0ff */
        /*0560*/                   IMAD R11, R11, 0x100, R16 ;                          /* 0x000001000b0b7824 */
                                                                                        /* 0x000fe200078e0210 */
        /*0570*/                   LOP3.LUT R9, R6, 0xc00, RZ, 0xc0, !PT ;              /* 0x00000c0006097812 */
                                                                                        /* 0x000fe200078ec0ff */
        /*0580*/                   IMAD R23, R2, 0x10, R12 ;                            /* 0x0000001002177824 */
                                                                                        /* 0x000fe200078e020c */
        /*0590*/                   IADD R6, R8, UR10 ;                                  /* 0x0000000a08067c35 */
                                                                                        /* 0x000fe4000f8e0000 */
        /*05a0*/                   IADD3 R8, PT, PT, R10, R12.reuse, R9 ;               /* 0x0000000c0a087210 */
                                                                                        /* 0x080fe40007ffe009 */
        /*05b0*/                   IADD3 R9, PT, PT, R9, R12, R10 ;                     /* 0x0000000c09097210 */
                                                                                        /* 0x000fe20007ffe00a */
        /*05c0*/                   IADD R15, R6, 0x2 ;                                  /* 0x00000002060f7835 */
                                                                                        /* 0x000fe200078e0000 */
        /*05d0*/                   IADD3 R10, PT, PT, R13, 0x100, R16 ;                 /* 0x000001000d0a7810 */
                                                                                        /* 0x000fe20007ffe010 */
        /*05e0*/                   IADD R11, R11, R14 ;                                 /* 0x0000000e0b0b7235 */
                                                                                        /* 0x000fe200078e0000 */
        /*05f0*/                   IADD R23, R23, 0x100 ;                               /* 0x0000010017177835 */
                                                                                        /* 0x000fc400078e0000 */
        /*0600*/                   ISETP.GE.AND P1, PT, R15, UR19, PT ;                 /* 0x000000130f007c0c */
                                                                                        /* 0x001fda000bf26270 */
        /*0610*/                   LDC R18, c[0x0][0x3a0] ;                             /* 0x0000e800ff127b82 */
                                                                                        /* 0x001e220000000800 */
        /*0620*/                   LDCU UR7, c[0x0][0x398] ;                            /* 0x00007300ff0777ac */
                                                                                        /* 0x002e620008000800 */
        /*0630*/                   IADD R19, R21, UR11 ;                                /* 0x0000000b15137c35 */
                                                                                        /* 0x000fe2000f8e0000 */
        /*0640*/                   LEA.HI R17, R0, UR6, RZ, 0x1e ;                      /* 0x0000000600117c11 */
                                                                                        /* 0x004fc8000f8ff0ff */
        /*0650*/                   IADD R13, R19, 0x3 ;                                 /* 0x00000003130d7835 */
                                                                                        /* 0x010fca00078e0000 */
        /*0660*/                   ISETP.GE.AND P0, PT, R13, R18, PT ;                  /* 0x000000120d00720c */
                                                                                        /* 0x001fca0003f06270 */
        /*0670*/                   ISETP.GE.OR P2, PT, R17, UR7, P0 ;                   /* 0x0000000711007c0c */
                                                                                        /* 0x002fda0008746670 */
        /*0680*/              @!P2 LDC.64 R12, c[0x0][0x380] ;                          /* 0x0000e000ff0cab82 */
                                                                                        /* 0x000e220000000a00 */
        /*0690*/              @!P2 IADD R15, R22, R19 ;                                 /* 0x00000013160fa235 */
                                                                                        /* 0x000fca00078e0000 */
        /*06a0*/              @!P2 IMAD.WIDE.U32 R12, R15, 0x4, R12 ;                   /* 0x000000040f0ca825 */
                                                                                        /* 0x001fca00078e000c */
        /*06b0*/              @!P2 LDG.E.CONSTANT R14, desc[UR16][R12.64] ;             /* 0x000000100c0ea981 */
                                                                                        /* 0x000ea8000c1e9900 */
        /*06c0*/              @!P2 LDG.E.CONSTANT R16, desc[UR16][R12.64+0x4] ;         /* 0x000004100c10a981 */
                                                                                        /* 0x008ee8000c1e9900 */
        /*06d0*/              @!P2 LDG.E.CONSTANT R42, desc[UR16][R12.64+0x8] ;         /* 0x000008100c2aa981 */
                                                                                        /* 0x000f28000c1e9900 */
        /*06e0*/              @!P2 LDG.E.CONSTANT R44, desc[UR16][R12.64+0xc] ;         /* 0x00000c100c2ca981 */
                                                                                        /* 0x000f62000c1e9900 */
        /*06f0*/                   UIADD3 UR5, UPT, UPT, UR11, 0x10, URZ ;              /* 0x000000100b057890 */
                                                                                        /* 0x000fc4000fffe0ff */
        /*0700*/                   UMOV UR13, UR11 ;                                    /* 0x0000000b000d7c82 */
                                                                                        /* 0x000fe20008000000 */
        /*0710*/                   BSSY.RECONVERGENT B0, 0x9e0 ;                        /* 0x000002c000007945 */
                                                                                        /* 0x000fe60003800200 */
        /*0720*/                   VIMNMX.S32 R37, R18, UR5, PT ;                       /* 0x0000000512257c48 */
                                                                                        /* 0x000fe2000bfe0100 */
        /*0730*/                   UMOV UR11, UR5 ;                                     /* 0x00000005000b7c82 */
                                                                                        /* 0x000fe20008000000 */
        /*0740*/              @!P2 STS [R9], R14 ;                                      /* 0x0000000e0900a388 */
                                                                                        /* 0x0041e80000000800 */
        /*0750*/              @!P2 STS [R9+0x100], R16 ;                                /* 0x000100100900a388 */
                                                                                        /* 0x0081e80000000800 */
        /*0760*/              @!P2 STS [R9+0x200], R42 ;                                /* 0x0002002a0900a388 */
                                                                                        /* 0x0101e80000000800 */
        /*0770*/              @!P2 STS [R9+0x300], R44 ;                                /* 0x0003002c0900a388 */
                                                                                        /* 0x0201e20000000800 */
        /*0780*/              @!P2 BRA 0x9c0 ;                                          /* 0x00000000008ca947 */
                                                                                        /* 0x000fea0003800000 */
        /*0790*/                   ISETP.GE.AND P2, PT, R17, UR7, PT ;                  /* 0x0000000711007c0c */
                                                                                        /* 0x000fda000bf46270 */
        /*07a0*/               @P2 BRA 0x980 ;                                          /* 0x0000000000742947 */
                                                                                        /* 0x000fea0003800000 */
        /*07b0*/                   ISETP.GE.AND P2, PT, R19.reuse, R18, PT ;            /* 0x000000121300720c */
                                                                                        /* 0x040fe20003f46270 */
        /*07c0*/                   LDCU.64 UR8, c[0x0][0x380] ;                         /* 0x00007000ff0877ac */
                                                                                        /* 0x000e620008000a00 */
        /*07d0*/                   MOV R14, R22 ;                                       /* 0x00000016000e7202 */
                                                                                        /* 0x001fe20000000f00 */
        /*07e0*/                   HFMA2 R15, -RZ, RZ, 0, 0 ;                           /* 0x00000000ff0f7431 */
                                                                                        /* 0x000fe200000001ff */
        /*07f0*/                   MOV R16, R19 ;                                       /* 0x0000001300107202 */
                                                                                        /* 0x000fe20000000f00 */
        /*0800*/                   HFMA2 R17, -RZ, RZ, 0, 0 ;                           /* 0x00000000ff117431 */
                                                                                        /* 0x000fe200000001ff */
        /*0810*/                   IADD R33, R19.reuse, 0x1 ;                           /* 0x0000000113217835 */
                                                                                        /* 0x040fe200078e0000 */
        /*0820*/                   IADD R35, R19, 0x2 ;                                 /* 0x0000000213237835 */
                                                                                        /* 0x000fe200078e0000 */
        /*0830*/                   MOV R42, RZ ;                                        /* 0x000000ff002a7202 */
                                                                                        /* 0x000fe20000000f00 */
        /*0840*/                   MOV R44, RZ ;                                        /* 0x000000ff002c7202 */
                                                                                        /* 0x000fe20000000f00 */
        /*0850*/                   IADD.64 R16, R14, R16 ;                              /* 0x000000100e107235 */
                                                                                        /* 0x000fc400078e0200 */
        /*0860*/                   ISETP.GE.AND P3, PT, R33, R18.reuse, PT ;            /* 0x000000122100720c */
                                                                                        /* 0x080fe20003f66270 */
        /*0870*/              @!P2 LDC.64 R12, c[0x0][0x380] ;                          /* 0x0000e000ff0cab82 */
                                                                                        /* 0x000e220000000a00 */
        /*0880*/                   ISETP.GE.AND P4, PT, R35, R18, PT ;                  /* 0x000000122300720c */
                                                                                        /* 0x000fe20003f86270 */
        /*0890*/              @!P2 IADD R19, R22, R19 ;                                 /* 0x000000131613a235 */
                                                                                        /* 0x000fe200078e0000 */
        /*08a0*/                   LEA R14, P5, R16, UR8, 0x2 ;                         /* 0x00000008100e7c11 */
                                                                                        /* 0x002fc8000f8a10ff */
        /*08b0*/                   LEA.HI.X R15, R16, UR9, R17, 0x2, P5 ;               /* 0x00000009100f7c11 */
                                                                                        /* 0x000fe2000a8f1411 */
        /*08c0*/                   HFMA2 R16, -RZ, RZ, 0, 0 ;                           /* 0x00000000ff107431 */
                                                                                        /* 0x000fe400000001ff */
        /*08d0*/                   HFMA2 R17, -RZ, RZ, 0, 0 ;                           /* 0x00000000ff117431 */
                                                                                        /* 0x000fc800000001ff */
        /*08e0*/              @!P4 LDG.E.CONSTANT R44, desc[UR16][R14.64+0x8] ;         /* 0x000008100e2cc981 */
                                                                                        /* 0x000ea8000c1e9900 */
        /*08f0*/              @!P3 LDG.E.CONSTANT R16, desc[UR16][R14.64+0x4] ;         /* 0x000004100e10b981 */
                                                                                        /* 0x000ee8000c1e9900 */
        /*0900*/              @!P0 LDG.E.CONSTANT R17, desc[UR16][R14.64+0xc] ;         /* 0x00000c100e118981 */
                                                                                        /* 0x000f22000c1e9900 */
        /*0910*/              @!P2 IMAD.WIDE.U32 R12, R19, 0x4, R12 ;                   /* 0x00000004130ca825 */
                                                                                        /* 0x001fca00078e000c */
        /*0920*/              @!P2 LDG.E.CONSTANT R42, desc[UR16][R12.64] ;             /* 0x000000100c2aa981 */
                                                                                        /* 0x000f68000c1e9900 */
        /*0930*/                   STS [R9+0x200], R44 ;                                /* 0x0002002c09007388 */
                                                                                        /* 0x0045e80000000800 */
        /*0940*/                   STS [R9+0x100], R16 ;                                /* 0x0001001009007388 */
                                                                                        /* 0x0085e80000000800 */
        /*0950*/                   STS [R9+0x300], R17 ;                                /* 0x0003001109007388 */
                                                                                        /* 0x0105e80000000800 */
        /*0960*/                   STS [R9], R42 ;                                      /* 0x0000002a09007388 */
                                                                                        /* 0x0205e20000000800 */
        /*0970*/                   BRA 0x9c0 ;                                          /* 0x0000000000107947 */
                                                                                        /* 0x000fea0003800000 */
        /*0980*/                   STS [R8], RZ ;                                       /* 0x000000ff08007388 */
                                                                                        /* 0x0003e80000000800 */
        /*0990*/                   STS [R8+0x100], RZ ;                                 /* 0x000100ff08007388 */
                                                                                        /* 0x0003e80000000800 */
        /*09a0*/                   STS [R8+0x200], RZ ;                                 /* 0x000200ff08007388 */
                                                                                        /* 0x0003e80000000800 */
        /*09b0*/                   STS [R8+0x300], RZ ;                                 /* 0x000300ff08007388 */
                                                                                        /* 0x0003e40000000800 */
        /*09c0*/                   NOP ;                                                /* 0x0000000000007918 */
                                                                                        /* 0x000fe20000000000 */
        /*09d0*/                   BSYNC.RECONVERGENT B0 ;                              /* 0x0000000000007941 */
                                                                                        /* 0x000fea0003800200 */
        /*09e0*/                   BRA.U !UP0, 0xc90 ;                                  /* 0x0000000108a87547 */
                                                                                        /* 0x000fea000b800000 */
        /*09f0*/                   ISETP.LE.AND P0, PT, R18, UR11, PT ;                 /* 0x0000000b12007c0c */
                                                                                        /* 0x000fe2000bf03270 */
        /*0a00*/                   BSSY.RECONVERGENT B0, 0xbe0 ;                        /* 0x000001d000007945 */
                                                                                        /* 0x000fe20003800200 */
        /*0a10*/                   LOP3.LUT R43, R20, 0x1, RZ, 0xc0, !PT ;              /* 0x00000001142b7812 */
                                                                                        /* 0x000fc600078ec0ff */
        /*0a20*/                   ISETP.NE.U32.OR P0, PT, R0, RZ, P0 ;                 /* 0x000000ff0000720c */
                                                                                        /* 0x000fda0000705470 */
        /*0a30*/               @P0 BRA 0xbc0 ;                                          /* 0x0000000000600947 */
                                                                                        /* 0x000fea0003800000 */
        /*0a40*/                   S2UR UR9, SR_CgaCtaId ;                              /* 0x00000000000979c3 */
                                                                                        /* 0x000ee20000008800 */
        /*0a50*/                   R2UR UR14, R43 ;                                     /* 0x000000002b0e72ca */
                                                                                        /* 0x000fe200000e0000 */
        /*0a60*/                   UMOV UR8, 0x400 ;                                    /* 0x0000040000087882 */
                                                                                        /* 0x000fe20000000000 */
        /*0a70*/                   MOV R12, 0x1000 ;                                    /* 0x00001000000c7802 */
                                                                                        /* 0x000fe20000000f00 */
        /*0a80*/                   UIADD3 UR7, UPT, UPT, UR8, 0x3000, URZ ;             /* 0x0000300008077890 */
                                                                                        /* 0x000fe2000fffe0ff */
        /*0a90*/                   UIADD3 UR8, UPT, UPT, UR8, 0x1000, URZ ;             /* 0x0000100008087890 */
                                                                                        /* 0x000fe2000fffe0ff */
        /*0aa0*/                   PLOP3.LUT P0, PT, PT, PT, PT, 0x80, 0x8 ;            /* 0x000000000008781c */
                                                                                        /* 0x000fd00003f0f070 */
        /*0ab0*/                   USHF.L.U32 UR5, UR14, 0x3, URZ ;                     /* 0x000000030e057899 */
                                                                                        /* 0x000fc800080006ff */
        /*0ac0*/                   ULOP3.LUT UR5, UR5, 0x8, URZ, 0x3c, !UPT ;           /* 0x0000000805057892 */
                                                                                        /* 0x000fe2000f8e3cff */
        /*0ad0*/                   ULEA UR12, UR9, UR7, 0x18 ;                          /* 0x00000007090c7291 */
                                                                                        /* 0x008fe2000f8ec0ff */
        /*0ae0*/                   USHF.L.U32 UR7, UR14, 0xc, URZ ;                     /* 0x0000000c0e077899 */
                                                                                        /* 0x000fc800080006ff */
        /*0af0*/                   MOV R13, UR5 ;                                       /* 0x00000005000d7c02 */
                                                                                        /* 0x000fe20008000f00 */
        /*0b00*/                   ULEA UR8, UR9, UR8, 0x18 ;                           /* 0x0000000809087291 */
                                                                                        /* 0x000fe2000f8ec0ff */
        /*0b10*/                   UIADD3 UR9, UPT, UPT, UR12, UR5, URZ ;               /* 0x000000050c097290 */
                                                                                        /* 0x000fe2000fffe0ff */
        /*0b20*/                   ULOP3.LUT UR7, UR7, 0x1000, URZ, 0x3c, !UPT ;        /* 0x0000100007077892 */
                                                                                        /* 0x000fe2000f8e3cff */
        /*0b30*/                   LDCU.64 UR14, c[0x0][0x3a8] ;                        /* 0x00007500ff0e77ac */
                                                                                        /* 0x000ee20008000a00 */
        /*0b40*/                   SYNCS.ARRIVE.TRANS64 RZ, [R13+UR12], R12 ;           /* 0x0000000c0dff79a7 */
                                                                                        /* 0x0009e4000800000c */
        /*0b50*/                   UIADD3 UR8, UPT, UPT, UR8, UR7, URZ ;                /* 0x0000000708087290 */
                                                                                        /* 0x000fe2000fffe0ff */
        /*0b60*/                   UMOV UR12, URZ ;                                     /* 0x000000ff000c7c82 */
                                                                                        /* 0x007fd60008000000 */
        /*0b70*/               @P0 ELECT P2, URZ, PT ;                                  /* 0x0000000000ff082f */
                                                                                        /* 0x000fe20003840000 */
        /*0b80*/                   UTMALDG.3D [UR8], [UR14] ;                           /* 0x000000080e0075b4 */
                                                                                        /* 0x0091d80008010000 */
        /*0b90*/               @P2 PLOP3.LUT P0, PT, P2, PT, PT, 0x8, 0x80 ;            /* 0x000000000080281c */
                                                                                        /* 0x000fe4000170e170 */
        /*0ba0*/                   PLOP3.LUT P2, PT, PT, PT, PT, 0x8, 0x80 ;            /* 0x000000000080781c */
                                                                                        /* 0x000fd60003f4e170 */
        /*0bb0*/               @P0 BRA.U.ANY 0xb70 ;                                    /* 0xfffffffd00ec0947 */
                                                                                        /* 0x010fea000393ffff */
        /*0bc0*/                   NOP ;                                                /* 0x0000000000007918 */
                                                                                        /* 0x000fe20000000000 */
        /*0bd0*/                   BSYNC.RECONVERGENT B0 ;                              /* 0x0000000000007941 */
                                                                                        /* 0x001fea0003800200 */
        /*0be0*/                   S2UR UR7, SR_CgaCtaId ;                              /* 0x00000000000779c3 */
                                                                                        /* 0x000e220000008800 */
        /*0bf0*/                   UMOV UR5, 0x400 ;                                    /* 0x0000040000057882 */
                                                                                        /* 0x000fe20000000000 */
        /*0c00*/                   SHF.R.U32.HI R12, RZ, 0x1, R20 ;                     /* 0x00000001ff0c7819 */
                                                                                        /* 0x010fe20000011614 */
        /*0c10*/                   UIADD3 UR5, UPT, UPT, UR5, 0x3000, URZ ;             /* 0x0000300005057890 */
                                                                                        /* 0x000fc6000fffe0ff */
        /*0c20*/                   LOP3.LUT R12, R12, 0x1, RZ, 0xc0, !PT ;              /* 0x000000010c0c7812 */
                                                                                        /* 0x000fc800078ec0ff */
        /*0c30*/                   SHF.L.U32 R12, R12, 0x1f, RZ ;                       /* 0x0000001f0c0c7819 */
                                                                                        /* 0x000fe200000006ff */
        /*0c40*/                   ULEA UR5, UR7, UR5, 0x18 ;                           /* 0x0000000507057291 */
                                                                                        /* 0x001fcc000f8ec0ff */
        /*0c50*/                   LEA R13, R43, UR5, 0x3 ;                             /* 0x000000052b0d7c11 */
                                                                                        /* 0x000fce000f8e18ff */
        /*0c60*/                   SYNCS.PHASECHK.TRANS64.TRYWAIT P0, [R13+URZ], R12 ;  /* 0x0000000c0d0075a7 */
                                                                                        /* 0x000e2400080011ff */
        /*0c70*/              @!P0 BRA 0xc60 ;                                          /* 0xfffffffc00f88947 */
                                                                                        /* 0x007fea000383ffff */
        /*0c80*/                   BRA 0xfc0 ;                                          /* 0x0000000000cc7947 */
                                                                                        /* 0x000fea0003800000 */
        /*0c90*/                   LDCU UR5, c[0x0][0x39c] ;                            /* 0x00007380ff0577ac */
                                                                                        /* 0x000ee20008000800 */
        /*0ca0*/                   SHF.R.U32.HI R13, RZ, 0x4, R0 ;                      /* 0x00000004ff0d7819 */
                                                                                        /* 0x000fe20000011600 */
        /*0cb0*/                   BSSY.RECONVERGENT B0, 0xfc0 ;                        /* 0x0000030000007945 */
                                                                                        /* 0x000fe20003800200 */
        /*0cc0*/                   IADD R12, R6, 0x3 ;                                  /* 0x00000003060c7835 */
                                                                                        /* 0x000fc600078e0000 */
        /*0cd0*/                   IADD R13, R13, UR13 ;                                /* 0x0000000d0d0d7c35 */
                                                                                        /* 0x000fca000f8e0000 */
        /*0ce0*/                   ISETP.GE.AND P3, PT, R13, R18, PT ;                  /* 0x000000120d00720c */
                                                                                        /* 0x000fe20003f66270 */
        /*0cf0*/                   ISETP.GE.AND P0, PT, R12, UR5, PT ;                  /* 0x000000050c007c0c */
                                                                                        /* 0x008fca000bf06270 */
        /*0d00*/                   ISETP.GE.OR P2, PT, R13, R18, P0 ;                   /* 0x000000120d00720c */
                                                                                        /* 0x000fda0000746670 */
        /*0d10*/               @P2 BRA 0xdc0 ;                                          /* 0x0000000000282947 */
                                                                                        /* 0x000fea0003800000 */
        /*0d20*/                   LDC.64 R16, c[0x0][0x388] ;                          /* 0x0000e200ff107b82 */
                                                                                        /* 0x005e220000000a00 */
        /*0d30*/                   IMAD R13, R13, UR5, R6 ;                             /* 0x000000050d0d7c24 */
                                                                                        /* 0x000fc8000f8e0206 */
        /*0d40*/                   IMAD.WIDE R16, R13, 0x4, R16 ;                       /* 0x000000040d107825 */
                                                                                        /* 0x001fca00078e0210 */
        /*0d50*/                   LDG.E.CONSTANT R12, desc[UR16][R16.64] ;             /* 0x00000010100c7981 */
                                                                                        /* 0x000ea8000c1e9900 */
        /*0d60*/                   LDG.E.CONSTANT R13, desc[UR16][R16.64+0x4] ;         /* 0x00000410100d7981 */
                                                                                        /* 0x000ea8000c1e9900 */
        /*0d70*/                   LDG.E.CONSTANT R14, desc[UR16][R16.64+0x8] ;         /* 0x00000810100e7981 */
                                                                                        /* 0x000ea8000c1e9900 */
        /*0d80*/                   LDG.E.CONSTANT R15, desc[UR16][R16.64+0xc] ;         /* 0x00000c10100f7981 */
                                                                                        /* 0x000ea2000c1e9900 */
        /*0d90*/                   HFMA2 R43, -RZ, RZ, 0, 0 ;                           /* 0x00000000ff2b7431 */
                                                                                        /* 0x000fc600000001ff */
        /*0da0*/                   STS.128 [R11], R12 ;                                 /* 0x0000000c0b007388 */
                                                                                        /* 0x0049e20000000c00 */
        /*0db0*/                   BRA 0xfa0 ;                                          /* 0x0000000000787947 */
                                                                                        /* 0x000fea0003800000 */
        /*0dc0*/               @P3 BRA 0xf80 ;                                          /* 0x00000000006c3947 */
                                                                                        /* 0x000fea0003800000 */
        /*0dd0*/                   ISETP.GE.AND P2, PT, R6.reuse, UR5, PT ;             /* 0x0000000506007c0c */
                                                                                        /* 0x040fe2000bf46270 */
        /*0de0*/                   LDCU.64 UR8, c[0x0][0x388] ;                         /* 0x00007100ff0877ac */
                                                                                        /* 0x000ee20008000a00 */
        /*0df0*/                   IMAD R16, R13, UR5, RZ ;                             /* 0x000000050d107c24 */
                                                                                        /* 0x005fe2000f8e02ff */
        /*0e00*/                   MOV R12, R6 ;                                        /* 0x00000006000c7202 */
                                                                                        /* 0x000fe20000000f00 */
        /*0e10*/                   HFMA2 R13, -RZ, RZ, 0, 0 ;                           /* 0x00000000ff0d7431 */
                                                                                        /* 0x000fe200000001ff */
        /*0e20*/                   IADD R19, R6, 0x1 ;                                  /* 0x0000000106137835 */
                                                                                        /* 0x000fe200078e0000 */
        /*0e30*/                   CS2R R42, SRZ ;                                      /* 0x00000000002a7805 */
                                                                                        /* 0x000fe2000001ff00 */
        /*0e40*/                   SHF.R.S32.HI R17, RZ, 0x1f, R16 ;                    /* 0x0000001fff117819 */
                                                                                        /* 0x000fe20000011410 */
        /*0e50*/                   HFMA2 R44, -RZ, RZ, 0, 0 ;                           /* 0x00000000ff2c7431 */
                                                                                        /* 0x000fe400000001ff */
        /*0e60*/                   ISETP.GE.AND P3, PT, R19, UR5, PT ;                  /* 0x0000000513007c0c */
                                                                                        /* 0x000fc4000bf66270 */
        /*0e70*/                   IADD.64 R12, R12, R16 ;                              /* 0x000000100c0c7235 */
                                                                                        /* 0x000fe400078e0200 */
        /*0e80*/              @!P2 LDC.64 R14, c[0x0][0x388] ;                          /* 0x0000e200ff0eab82 */
                                                                                        /* 0x000e220000000a00 */
        /*0e90*/              @!P2 IADD R17, R6, R16 ;                                  /* 0x000000100611a235 */
                                                                                        /* 0x000fe400078e0000 */
        /*0ea0*/                   LEA R16, P4, R12, UR8, 0x2 ;                         /* 0x000000080c107c11 */
                                                                                        /* 0x008fc6000f8810ff */
        /*0eb0*/              @!P2 IMAD.WIDE R14, R17, 0x4, R14 ;                       /* 0x00000004110ea825 */
                                                                                        /* 0x001fe200078e020e */
        /*0ec0*/                   LEA.HI.X R17, R12, UR9, R13, 0x2, P4 ;               /* 0x000000090c117c11 */
                                                                                        /* 0x000fe2000a0f140d */
        /*0ed0*/                   MOV R12, RZ ;                                        /* 0x000000ff000c7202 */
                                                                                        /* 0x000fe20000000f00 */
        /*0ee0*/                   MOV R13, RZ ;                                        /* 0x000000ff000d7202 */
                                                                                        /* 0x000fe40000000f00 */
        /*0ef0*/              @!P2 LDG.E.CONSTANT R42, desc[UR16][R14.64] ;             /* 0x000000100e2aa981 */
                                                                                        /* 0x000ea8000c1e9900 */
        /*0f00*/              @!P3 LDG.E.CONSTANT R12, desc[UR16][R16.64+0x4] ;         /* 0x00000410100cb981 */
                                                                                        /* 0x000ee8000c1e9900 */
        /*0f10*/              @!P1 LDG.E.CONSTANT R44, desc[UR16][R16.64+0x8] ;         /* 0x00000810102c9981 */
                                                                                        /* 0x000f28000c1e9900 */
        /*0f20*/              @!P0 LDG.E.CONSTANT R13, desc[UR16][R16.64+0xc] ;         /* 0x00000c10100d8981 */
                                                                                        /* 0x000f68000c1e9900 */
        /*0f30*/                   STS [R11], R42 ;                                     /* 0x0000002a0b007388 */
                                                                                        /* 0x0041e80000000800 */
        /*0f40*/                   STS [R11+0x4], R12 ;                                 /* 0x0000040c0b007388 */
                                                                                        /* 0x0081e80000000800 */
        /*0f50*/                   STS [R11+0x8], R44 ;                                 /* 0x0000082c0b007388 */
                                                                                        /* 0x0101e80000000800 */
        /*0f60*/                   STS [R11+0xc], R13 ;                                 /* 0x00000c0d0b007388 */
                                                                                        /* 0x0201e20000000800 */
        /*0f70*/                   BRA 0xfa0 ;                                          /* 0x0000000000087947 */
                                                                                        /* 0x000fea0003800000 */
        /*0f80*/                   STS.128 [R11], RZ ;                                  /* 0x000000ff0b007388 */
                                                                                        /* 0x0007e20000000c00 */
        /*0f90*/                   HFMA2 R43, -RZ, RZ, 0, 0 ;                           /* 0x00000000ff2b7431 */
                                                                                        /* 0x000fce00000001ff */
        /*0fa0*/                   NOP ;                                                /* 0x0000000000007918 */
                                                                                        /* 0x000fe20000000000 */
        /*0fb0*/                   BSYNC.RECONVERGENT B0 ;                              /* 0x0000000000007941 */
                                                                                        /* 0x000fea0003800200 */
        /*0fc0*/                   BAR.SYNC.DEFER_BLOCKING 0x0 ;                        /* 0x0000000000007b1d */
                                                                                        /* 0x000fe20000010000 */
        /*0fd0*/                   ISETP.LE.AND P0, PT, R18, UR13, PT ;                 /* 0x0000000d12007c0c */
                                                                                        /* 0x000fda000bf03270 */
        /*0fe0*/               @P0 BRA 0x1520 ;                                         /* 0x00000004004c0947 */
                                                                                        /* 0x000fea0003800000 */
        /*0ff0*/                   IMAD.SHL.U32 R14, R20, 0x10, RZ ;                    /* 0x00000010140e7824 */
                                                                                        /* 0x011fe200078e00ff */
        /*1000*/                   MOV R41, RZ ;                                        /* 0x000000ff00297202 */
                                                                                        /* 0x000fc80000000f00 */
        /*1010*/                   IADD R12, R14, 0x1 ;                                 /* 0x000000010e0c7835 */
                                                                                        /* 0x000fca00078e0000 */
        /*1020*/                   ISETP.NE.U32.AND P0, PT, R37, R12, PT ;              /* 0x0000000c2500720c */
                                                                                        /* 0x000fda0003f05070 */
        /*1030*/              @!P0 BRA 0x1360 ;                                         /* 0x0000000000c88947 */
                                                                                        /* 0x000fea0003800000 */
        /*1040*/                   LOP3.LUT R33, R37, 0x1, RZ, 0xc0, !PT ;              /* 0x0000000125217812 */
                                                                                        /* 0x000fe200078ec0ff */
        /*1050*/                   HFMA2 R41, -RZ, RZ, 0, 0 ;                           /* 0x00000000ff297431 */
                                                                                        /* 0x000fe400000001ff */
        /*1060*/                   IMAD R39, R43, 0x1000, R10 ;                         /* 0x000010002b277824 */
                                                                                        /* 0x000fe200078e020a */
        /*1070*/                   MOV R35, R23 ;                                       /* 0x0000001700237202 */
                                                                                        /* 0x000fe20000000f00 */
        /*1080*/                   LOP3.LUT R12, R14, R33, RZ, 0xfc, !PT ;              /* 0x000000210e0c7212 */
                                                                                        /* 0x000fca00078efcff */
        /*1090*/                   IADD R37, -R37, R12 ;                                /* 0x0000000c25257235 */
                                                                                        /* 0x00efce00078e0100 */
        /*10a0*/                   LDS.128 R12, [R35+-0x100] ;                          /* 0xffff0000230c7984 */
                                                                                        /* 0x000fe20000000c00 */
        /*10b0*/                   IADD R37, R37, 0x2 ;                                 /* 0x0000000225257835 */
                                                                                        /* 0x000fe200078e0000 */
        /*10c0*/                   IADD R41, R41, 0x2 ;                                 /* 0x0000000229297835 */
                                                                                        /* 0x000fe400078e0000 */
        /*10d0*/                   LDS.128 R16, [R39+-0x100] ;                          /* 0xffff000027107984 */
                                                                                        /* 0x000e240000000c00 */
        /*10e0*/                   ISETP.NE.U32.AND P0, PT, R37, RZ, PT ;               /* 0x000000ff2500720c */
                                                                                        /* 0x000fe20003f05070 */
        /*10f0*/                   FFMA.FTZ R7, R12.reuse, R16, R7 ;                    /* 0x000000100c077223 */
                                                                                        /* 0x041fe20000010007 */
        /*1100*/                   FFMA.FTZ R4, R12.reuse, R17, R4 ;                    /* 0x000000110c047223 */
                                                                                        /* 0x040fe20000010004 */
        /*1110*/                   FFMA.FTZ R5, R12.reuse, R18, R5 ;                    /* 0x000000120c057223 */
                                                                                        /* 0x040fe20000010005 */
        /*1120*/                   FFMA.FTZ R28, R12, R19, R28 ;                        /* 0x000000130c1c7223 */
                                                                                        /* 0x000fe2000001001c */
        /*1130*/                   FFMA.FTZ R26, R13.reuse, R16, R26 ;                  /* 0x000000100d1a7223 */
                                                                                        /* 0x040fe2000001001a */
        /*1140*/                   FFMA.FTZ R24, R13.reuse, R17, R24 ;                  /* 0x000000110d187223 */
                                                                                        /* 0x040fe20000010018 */
        /*1150*/                   FFMA.FTZ R25, R13.reuse, R18, R25 ;                  /* 0x000000120d197223 */
                                                                                        /* 0x040fe20000010019 */
        /*1160*/                   FFMA.FTZ R30, R13, R19, R30 ;                        /* 0x000000130d1e7223 */
                                                                                        /* 0x000fe2000001001e */
        /*1170*/                   FFMA.FTZ R27, R14.reuse, R16, R27 ;                  /* 0x000000100e1b7223 */
                                                                                        /* 0x040fe2000001001b */
        /*1180*/                   FFMA.FTZ R32, R14.reuse, R17, R32 ;                  /* 0x000000110e207223 */
                                                                                        /* 0x040fe20000010020 */
        /*1190*/                   FFMA.FTZ R29, R14.reuse, R18, R29 ;                  /* 0x000000120e1d7223 */
                                                                                        /* 0x040fe2000001001d */
        /*11a0*/                   FFMA.FTZ R34, R14, R19, R34 ;                        /* 0x000000130e227223 */
                                                                                        /* 0x000fe20000010022 */
        /*11b0*/                   FFMA.FTZ R36, R15.reuse, R16, R36 ;                  /* 0x000000100f247223 */
                                                                                        /* 0x040fe20000010024 */
        /*11c0*/                   FFMA.FTZ R38, R15.reuse, R17, R38 ;                  /* 0x000000110f267223 */
                                                                                        /* 0x040fe20000010026 */
        /*11d0*/                   FFMA.FTZ R31, R15.reuse, R18, R31 ;                  /* 0x000000120f1f7223 */
                                                                                        /* 0x040fe2000001001f */
        /*11e0*/                   FFMA.FTZ R40, R15, R19, R40 ;                        /* 0x000000130f287223 */
                                                                                        /* 0x000fc40000010028 */
        /*11f0*/                   LDS.128 R12, [R35] ;                                 /* 0x00000000230c7984 */
                                                                                        /* 0x0001e80000000c00 */
        /*1200*/                   LDS.128 R16, [R39] ;                                 /* 0x0000000027107984 */
                                                                                        /* 0x0002a20000000c00 */
        /*1210*/                   IADD R35, R35, 0x200 ;                               /* 0x0000020023237835 */
                                                                                        /* 0x001fe200078e0000 */
        /*1220*/                   IADD R39, R39, 0x200 ;                               /* 0x0000020027277835 */
                                                                                        /* 0x002fe200078e0000 */
        /*1230*/                   FFMA.FTZ R7, R12.reuse, R16, R7 ;                    /* 0x000000100c077223 */
                                                                                        /* 0x044fe20000010007 */
        /*1240*/                   FFMA.FTZ R4, R12.reuse, R17, R4 ;                    /* 0x000000110c047223 */
                                                                                        /* 0x040fe20000010004 */
        /*1250*/                   FFMA.FTZ R5, R12.reuse, R18, R5 ;                    /* 0x000000120c057223 */
                                                                                        /* 0x040fe20000010005 */
        /*1260*/                   FFMA.FTZ R28, R12, R19, R28 ;                        /* 0x000000130c1c7223 */
                                                                                        /* 0x000fe2000001001c */
        /*1270*/                   FFMA.FTZ R26, R13.reuse, R16, R26 ;                  /* 0x000000100d1a7223 */
                                                                                        /* 0x040fe2000001001a */
        /*1280*/                   FFMA.FTZ R24, R13.reuse, R17, R24 ;                  /* 0x000000110d187223 */
                                                                                        /* 0x040fe20000010018 */
        /*1290*/                   FFMA.FTZ R25, R13.reuse, R18, R25 ;                  /* 0x000000120d197223 */
                                                                                        /* 0x040fe20000010019 */
        /*12a0*/                   FFMA.FTZ R30, R13, R19, R30 ;                        /* 0x000000130d1e7223 */
                                                                                        /* 0x000fe2000001001e */
        /*12b0*/                   FFMA.FTZ R27, R14.reuse, R16, R27 ;                  /* 0x000000100e1b7223 */
                                                                                        /* 0x040fe2000001001b */
        /*12c0*/                   FFMA.FTZ R32, R14.reuse, R17, R32 ;                  /* 0x000000110e207223 */
                                                                                        /* 0x040fe20000010020 */
        /*12d0*/                   FFMA.FTZ R29, R14.reuse, R18, R29 ;                  /* 0x000000120e1d7223 */
                                                                                        /* 0x040fe2000001001d */
        /*12e0*/                   FFMA.FTZ R34, R14, R19, R34 ;                        /* 0x000000130e227223 */
                                                                                        /* 0x000fe20000010022 */
        /*12f0*/                   FFMA.FTZ R36, R15.reuse, R16, R36 ;                  /* 0x000000100f247223 */
                                                                                        /* 0x040fe20000010024 */
        /*1300*/                   FFMA.FTZ R38, R15.reuse, R17, R38 ;                  /* 0x000000110f267223 */
                                                                                        /* 0x040fe20000010026 */
        /*1310*/                   FFMA.FTZ R31, R15.reuse, R18, R31 ;                  /* 0x000000120f1f7223 */
                                                                                        /* 0x040fe2000001001f */
        /*1320*/                   FFMA.FTZ R40, R15, R19, R40 ;                        /* 0x000000130f287223 */
                                                                                        /* 0x000fe20000010028 */
        /*1330*/               @P0 BRA 0x10a0 ;                                         /* 0xfffffffc00580947 */
                                                                                        /* 0x000fec000383ffff */
        /*1340*/                   ISETP.NE.U32.AND P0, PT, R33, RZ, PT ;               /* 0x000000ff2100720c */
                                                                                        /* 0x000fda0003f05070 */
        /*1350*/              @!P0 BRA 0x1520 ;                                         /* 0x0000000000708947 */
                                                                                        /* 0x000fea0003800000 */
        /*1360*/                   S2R R13, SR_CgaCtaId ;                               /* 0x00000000000d7919 */
                                                                                        /* 0x000ea20000008800 */
        /*1370*/                   MOV R12, 0x400 ;                                     /* 0x00000400000c7802 */
                                                                                        /* 0x000fca0000000f00 */
        /*1380*/                   IADD R14, R12, 0x1000 ;                              /* 0x000010000c0e7835 */
                                                                                        /* 0x000fca00078e0000 */
        /*1390*/                   LEA R16, R13, R14, 0x18 ;                            /* 0x0000000e0d107211 */
                                                                                        /* 0x004fe400078ec0ff */
        /*13a0*/                   LEA R14, R13, R12, 0x18 ;                            /* 0x0000000c0d0e7211 */
                                                                                        /* 0x000fc600078ec0ff */
        /*13b0*/                   IMAD R12, R43, 0x1000, R16 ;                         /* 0x000010002b0c7824 */
                                                                                        /* 0x000fe400078e0210 */
        /*13c0*/                   IMAD R13, R41.reuse, 0x100, R14 ;                    /* 0x00000100290d7824 */
                                                                                        /* 0x040fe400078e020e */
        /*13d0*/                   IMAD R12, R41, 0x100, R12 ;                          /* 0x00000100290c7824 */
                                                                                        /* 0x000fe400078e020c */
        /*13e0*/                   IMAD R13, R2, 0x10, R13 ;                            /* 0x00000010020d7824 */
                                                                                        /* 0x000fe400078e020d */
        /*13f0*/                   IMAD R16, R3, 0x10, R12 ;                            /* 0x0000001003107824 */
                                                                                        /* 0x000fc800078e020c */
        /*1400*/                   LDS.128 R12, [R13] ;                                 /* 0x000000000d0c7984 */
                                                                                        /* 0x000fe80000000c00 */
        /*1410*/                   LDS.128 R16, [R16] ;                                 /* 0x0000000010107984 */
                                                                                        /* 0x000e240000000c00 */
        /*1420*/                   FFMA.FTZ R7, R12.reuse, R16, R7 ;                    /* 0x000000100c077223 */
                                                                                        /* 0x041fe20000010007 */
        /*1430*/                   FFMA.FTZ R4, R12.reuse, R17, R4 ;                    /* 0x000000110c047223 */
                                                                                        /* 0x040fe20000010004 */
        /*1440*/                   FFMA.FTZ R5, R12.reuse, R18, R5 ;                    /* 0x000000120c057223 */
                                                                                        /* 0x040fe20000010005 */
        /*1450*/                   FFMA.FTZ R28, R12, R19, R28 ;                        /* 0x000000130c1c7223 */
                                                                                        /* 0x000fe2000001001c */
        /*1460*/                   FFMA.FTZ R26, R13.reuse, R16, R26 ;                  /* 0x000000100d1a7223 */
                                                                                        /* 0x040fe2000001001a */
        /*1470*/                   FFMA.FTZ R24, R13.reuse, R17, R24 ;                  /* 0x000000110d187223 */
                                                                                        /* 0x040fe20000010018 */
        /*1480*/                   FFMA.FTZ R25, R13.reuse, R18, R25 ;                  /* 0x000000120d197223 */
                                                                                        /* 0x040fe20000010019 */
        /*1490*/                   FFMA.FTZ R30, R13, R19, R30 ;                        /* 0x000000130d1e7223 */
                                                                                        /* 0x000fe2000001001e */
        /*14a0*/                   FFMA.FTZ R27, R14.reuse, R16, R27 ;                  /* 0x000000100e1b7223 */
                                                                                        /* 0x040fe2000001001b */
        /*14b0*/                   FFMA.FTZ R32, R14.reuse, R17, R32 ;                  /* 0x000000110e207223 */
                                                                                        /* 0x040fe20000010020 */
        /*14c0*/                   FFMA.FTZ R29, R14.reuse, R18, R29 ;                  /* 0x000000120e1d7223 */
                                                                                        /* 0x040fe2000001001d */
        /*14d0*/                   FFMA.FTZ R34, R14, R19, R34 ;                        /* 0x000000130e227223 */
                                                                                        /* 0x000fe20000010022 */
        /*14e0*/                   FFMA.FTZ R36, R15.reuse, R16, R36 ;                  /* 0x000000100f247223 */
                                                                                        /* 0x040fe20000010024 */
        /*14f0*/                   FFMA.FTZ R38, R15.reuse, R17, R38 ;                  /* 0x000000110f267223 */
                                                                                        /* 0x040fe20000010026 */
        /*1500*/                   FFMA.FTZ R31, R15.reuse, R18, R31 ;                  /* 0x000000120f1f7223 */
                                                                                        /* 0x040fe2000001001f */
        /*1510*/                   FFMA.FTZ R40, R15, R19, R40 ;                        /* 0x000000130f287223 */
                                                                                        /* 0x000fce0000010028 */
        /*1520*/                   BAR.SYNC.DEFER_BLOCKING 0x0 ;                        /* 0x0000000000007b1d */
                                                                                        /* 0x000fe20000010000 */
        /*1530*/                   ISETP.NE.U32.AND P0, PT, R20.reuse, UR4, PT ;        /* 0x0000000414007c0c */
                                                                                        /* 0x040fe2000bf05070 */
        /*1540*/                   IADD R20, R20, 0x1 ;                                 /* 0x0000000114147835 */
                                                                                        /* 0x000fd800078e0000 */
        /*1550*/               @P0 BRA 0x610 ;                                          /* 0xfffffff0002c0947 */
                                                                                        /* 0x000fea000383ffff */
        /*1560*/                   LDCU.64 UR12, c[0x0][0x398] ;                        /* 0x00007300ff0c77ac */
                                                                                        /* 0x000f620008000a00 */
        /*1570*/                   LEA R8, R3, UR10, 0x2 ;                              /* 0x0000000a03087c11 */
                                                                                        /* 0x002fe4000f8e10ff */
        /*1580*/                   LEA R6, R2, UR6, 0x2 ;                               /* 0x0000000602067c11 */
                                                                                        /* 0x000fe2000f8e10ff */
        /*1590*/                   LDCU.64 UR8, c[0x0][0x390] ;                         /* 0x00007200ff0877ac */
                                                                                        /* 0x000e620008000a00 */
        /*15a0*/                   SHF.R.S32.HI R9, RZ, 0x1f, R8 ;                      /* 0x0000001fff097819 */
                                                                                        /* 0x005fe20000011408 */
        /*15b0*/                   IADD R0, R8, 0x1 ;                                   /* 0x0000000108007835 */
                                                                                        /* 0x000fe400078e0000 */
        /*15c0*/                   IADD R18, R6, 0x1 ;                                  /* 0x0000000106127835 */
                                                                                        /* 0x000fe200078e0000 */
        /*15d0*/                   ISETP.GE.AND P1, PT, R8.reuse, UR13, PT ;            /* 0x0000000d08007c0c */
                                                                                        /* 0x060fe2000bf26270 */
        /*15e0*/                   ISETP.GE.AND P0, PT, R8, UR13, PT ;                  /* 0x0000000d08007c0c */
                                                                                        /* 0x000fe2000bf06270 */
        /*15f0*/                   IMAD R12, R6, UR13, RZ ;                             /* 0x0000000d060c7c24 */
                                                                                        /* 0x010fe2000f8e02ff */
        /*1600*/                   ISETP.GE.AND P3, PT, R0, UR13, PT ;                  /* 0x0000000d00007c0c */
                                                                                        /* 0x000fe2000bf66270 */
        /*1610*/                   IADD R0, R8, 0x2 ;                                   /* 0x0000000208007835 */
                                                                                        /* 0x000fe200078e0000 */
        /*1620*/                   ISETP.LT.AND P1, PT, R6, UR12, !P1 ;                 /* 0x0000000c06007c0c */
                                                                                        /* 0x000fe2000cf21270 */
        /*1630*/                   ISETP.GE.OR P6, PT, R18, UR12, P0 ;                  /* 0x0000000c12007c0c */
                                                                                        /* 0x000fe200087c6670 */
        /*1640*/                   SHF.R.S32.HI R13, RZ, 0x1f, R12 ;                    /* 0x0000001fff0d7819 */
                                                                                        /* 0x000fe2000001140c */
        /*1650*/                   ISETP.GE.OR P5, PT, R6, UR12, P3 ;                   /* 0x0000000c06007c0c */
                                                                                        /* 0x000fe20009fa6670 */
        /*1660*/                   ISETP.GE.AND P2, PT, R0, UR13, PT ;                  /* 0x0000000d00007c0c */
                                                                                        /* 0x000fe2000bf46270 */
        /*1670*/                   IADD R0, R8, 0x3 ;                                   /* 0x0000000308007835 */
                                                                                        /* 0x000fc400078e0000 */
        /*1680*/                   IADD.64 R16, R12, R8 ;                               /* 0x000000080c107235 */
                                                                                        /* 0x000fca00078e0200 */
        /*1690*/                   LEA R2, P4, R16, UR8, 0x2 ;                          /* 0x0000000810027c11 */
                                                                                        /* 0x002fe2000f8810ff */
        /*16a0*/               @P1 LDC.64 R14, c[0x0][0x390] ;                          /* 0x0000e400ff0e1b82 */
                                                                                        /* 0x000e220000000a00 */
        /*16b0*/               @P1 IADD R3, R8, R12 ;                                   /* 0x0000000c08031235 */
                                                                                        /* 0x000fe200078e0000 */
        /*16c0*/                   IADD R12, R12, UR13 ;                                /* 0x0000000d0c0c7c35 */
                                                                                        /* 0x000fca000f8e0000 */
        /*16d0*/                   SHF.R.S32.HI R13, RZ, 0x1f, R12 ;                    /* 0x0000001fff0d7819 */
                                                                                        /* 0x000fe2000001140c */
        /*16e0*/              @!P6 LDC.64 R10, c[0x0][0x390] ;                          /* 0x0000e400ff0aeb82 */
                                                                                        /* 0x008e620000000a00 */
        /*16f0*/               @P1 IMAD.WIDE R14, R3, 0x4, R14 ;                        /* 0x00000004030e1825 */
                                                                                        /* 0x001fe200078e020e */
        /*1700*/                   LEA.HI.X R3, R16, UR9, R17, 0x2, P4 ;                /* 0x0000000910037c11 */
                                                                                        /* 0x000fe2000a0f1411 */
        /*1710*/                   ISETP.GE.OR P4, PT, R6, UR12, P2 ;                   /* 0x0000000c06007c0c */
                                                                                        /* 0x000fe20009786670 */
        /*1720*/              @!P6 IADD R17, R8, R12 ;                                  /* 0x0000000c0811e235 */
                                                                                        /* 0x000fe400078e0000 */
        /*1730*/               @P1 STG.E desc[UR16][R14.64], R7 ;                       /* 0x000000070e001986 */
                                                                                        /* 0x0003e2000c101910 */
        /*1740*/                   ISETP.GE.AND P1, PT, R0, UR13, PT ;                  /* 0x0000000d00007c0c */
                                                                                        /* 0x000fe2000bf26270 */
        /*1750*/                   IADD R0, R6.reuse, 0x2 ;                             /* 0x0000000206007835 */
                                                                                        /* 0x040fe400078e0000 */
        /*1760*/              @!P5 STG.E desc[UR16][R2.64+0x4], R4 ;                    /* 0x000004040200d986 */
                                                                                        /* 0x0001e4000c101910 */
        /*1770*/                   ISETP.GE.OR P5, PT, R6, UR12, P1 ;                   /* 0x0000000c06007c0c */
                                                                                        /* 0x000fc80008fa6670 */
        /*1780*/              @!P4 STG.E desc[UR16][R2.64+0x8], R5 ;                    /* 0x000008050200c986 */
                                                                                        /* 0x0005e2000c101910 */
        /*1790*/                   ISETP.GE.OR P4, PT, R0, UR12, P0 ;                   /* 0x0000000c00007c0c */
                                                                                        /* 0x000fe20008786670 */
        /*17a0*/              @!P6 IMAD.WIDE R14, R17, 0x4, R10 ;                       /* 0x00000004110ee825 */
                                                                                        /* 0x002fe200078e020a */
        /*17b0*/                   IADD.64 R16, R8, R12 ;                               /* 0x0000000c08107235 */
                                                                                        /* 0x000fe400078e0200 */
        /*17c0*/                   IADD R10, R6, 0x3 ;                                  /* 0x00000003060a7835 */
                                                                                        /* 0x000fe200078e0000 */
        /*17d0*/                   IADD R12, R12, UR13 ;                                /* 0x0000000d0c0c7c35 */
                                                                                        /* 0x000fc6000f8e0000 */
        /*17e0*/              @!P5 STG.E desc[UR16][R2.64+0xc], R28 ;                   /* 0x00000c1c0200d986 */
                                                                                        /* 0x0003e2000c101910 */
        /*17f0*/                   ISETP.GE.OR P5, PT, R18, UR12, P3 ;                  /* 0x0000000c12007c0c */
                                                                                        /* 0x000fe20009fa6670 */
        /*1800*/                   ISETP.GE.OR P0, PT, R10, UR12, P0 ;                  /* 0x0000000c0a007c0c */
                                                                                        /* 0x000fe20008706670 */
        /*1810*/                   SHF.R.S32.HI R13, RZ, 0x1f, R12 ;                    /* 0x0000001fff0d7819 */
                                                                                        /* 0x000fe2000001140c */
        /*1820*/              @!P6 STG.E desc[UR16][R14.64], R26 ;                      /* 0x0000001a0e00e986 */
                                                                                        /* 0x0007e2000c101910 */
        /*1830*/                   LEA R4, P6, R16, UR8, 0x2 ;                          /* 0x0000000810047c11 */
                                                                                        /* 0x001fe2000f8c10ff */
        /*1840*/              @!P4 LDC.64 R6, c[0x0][0x390] ;                           /* 0x0000e400ff06cb82 */
                                                                                        /* 0x000e220000000a00 */
        /*1850*/              @!P4 IADD R11, R8, R12 ;                                  /* 0x0000000c080bc235 */
                                                                                        /* 0x000fe400078e0000 */
        /*1860*/                   LEA.HI.X R5, R16, UR9, R17, 0x2, P6 ;                /* 0x0000000910057c11 */
                                                                                        /* 0x004fe2000b0f1411 */
        /*1870*/                   ISETP.GE.OR P6, PT, R18, UR12, P2 ;                  /* 0x0000000c12007c0c */
                                                                                        /* 0x000fe200097c6670 */
        /*1880*/                   IADD R16, R12, UR13 ;                                /* 0x0000000d0c107c35 */
                                                                                        /* 0x000fc6000f8e0000 */
        /*1890*/              @!P5 STG.E desc[UR16][R4.64+0x4], R24 ;                   /* 0x000004180400d986 */
                                                                                        /* 0x000fe2000c101910 */
        /*18a0*/                   ISETP.GE.OR P5, PT, R18, UR12, P1 ;                  /* 0x0000000c12007c0c */
                                                                                        /* 0x000fe20008fa6670 */
        /*18b0*/              @!P0 LDC.64 R2, c[0x0][0x390] ;                           /* 0x0000e400ff028b82 */
                                                                                        /* 0x002e620000000a00 */
        /*18c0*/                   IADD.64 R14, R8, R12 ;                               /* 0x0000000c080e7235 */
                                                                                        /* 0x008fc600078e0200 */
        /*18d0*/                   SHF.R.S32.HI R17, RZ, 0x1f, R16 ;                    /* 0x0000001fff117819 */
                                                                                        /* 0x000fc60000011410 */
        /*18e0*/              @!P6 STG.E desc[UR16][R4.64+0x8], R25 ;                   /* 0x000008190400e986 */
                                                                                        /* 0x000fe2000c101910 */
        /*18f0*/                   LEA R12, P6, R14, UR8, 0x2 ;                         /* 0x000000080e0c7c11 */
                                                                                        /* 0x000fc8000f8c10ff */
        /*1900*/              @!P5 STG.E desc[UR16][R4.64+0xc], R30 ;                   /* 0x00000c1e0400d986 */
                                                                                        /* 0x0005e2000c101910 */
        /*1910*/                   ISETP.GE.OR P5, PT, R0, UR12, P3 ;                   /* 0x0000000c00007c0c */
                                                                                        /* 0x000fe20009fa6670 */
        /*1920*/              @!P4 IMAD.WIDE R6, R11, 0x4, R6 ;                         /* 0x000000040b06c825 */
                                                                                        /* 0x001fe200078e0206 */
        /*1930*/                   LEA.HI.X R13, R14, UR9, R15, 0x2, P6 ;               /* 0x000000090e0d7c11 */
                                                                                        /* 0x000fe2000b0f140f */
        /*1940*/                   ISETP.GE.OR P6, PT, R0, UR12, P1 ;                   /* 0x0000000c00007c0c */
                                                                                        /* 0x000fe20008fc6670 */
        /*1950*/              @!P0 IADD R11, R8, R16.reuse ;                            /* 0x00000010080b8235 */
                                                                                        /* 0x080fe400078e0000 */
        /*1960*/              @!P4 STG.E desc[UR16][R6.64], R27 ;                       /* 0x0000001b0600c986 */
                                                                                        /* 0x0001e2000c101910 */
        /*1970*/                   ISETP.GE.OR P4, PT, R0, UR12, P2 ;                   /* 0x0000000c00007c0c */
                                                                                        /* 0x000fe20009786670 */
        /*1980*/                   IADD.64 R8, R8, R16 ;                                /* 0x0000001008087235 */
                                                                                        /* 0x000fe400078e0200 */
        /*1990*/                   ISETP.GE.OR P3, PT, R10.reuse, UR12, P3 ;            /* 0x0000000c0a007c0c */
                                                                                        /* 0x040fe20009f66670 */
        /*19a0*/                   ISETP.GE.OR P2, PT, R10.reuse, UR12, P2 ;            /* 0x0000000c0a007c0c */
                                                                                        /* 0x040fe20009746670 */
        /*19b0*/                   ISETP.GE.OR P1, PT, R10, UR12, P1 ;                  /* 0x0000000c0a007c0c */
                                                                                        /* 0x000fe20008f26670 */
        /*19c0*/              @!P5 STG.E desc[UR16][R12.64+0x4], R32 ;                  /* 0x000004200c00d986 */
                                                                                        /* 0x0001e2000c101910 */
        /*19d0*/                   LEA R4, P5, R8, UR8, 0x2 ;                           /* 0x0000000808047c11 */
                                                                                        /* 0x004fe2000f8a10ff */
        /*19e0*/              @!P0 IMAD.WIDE R2, R11, 0x4, R2 ;                         /* 0x000000040b028825 */
                                                                                        /* 0x002fc400078e0202 */
        /*19f0*/              @!P6 STG.E desc[UR16][R12.64+0xc], R34 ;                  /* 0x00000c220c00e986 */
                                                                                        /* 0x0001e2000c101910 */
        /*1a00*/                   LEA.HI.X R5, R8, UR9, R9, 0x2, P5 ;                  /* 0x0000000908057c11 */
                                                                                        /* 0x000fc6000a8f1409 */
        /*1a10*/              @!P4 STG.E desc[UR16][R12.64+0x8], R29 ;                  /* 0x0000081d0c00c986 */
                                                                                        /* 0x0001e8000c101910 */
        /*1a20*/              @!P0 STG.E desc[UR16][R2.64], R36 ;                       /* 0x0000002402008986 */
                                                                                        /* 0x0001e8000c101910 */
        /*1a30*/              @!P3 STG.E desc[UR16][R4.64+0x4], R38 ;                   /* 0x000004260400b986 */
                                                                                        /* 0x0001e8000c101910 */
        /*1a40*/              @!P2 STG.E desc[UR16][R4.64+0x8], R31 ;                   /* 0x0000081f0400a986 */
                                                                                        /* 0x0001e2000c101910 */
        /*1a50*/               @P1 EXIT ;                                               /* 0x000000000000194d */
                                                                                        /* 0x000fea0003800000 */
        /*1a60*/                   STG.E desc[UR16][R4.64+0xc], R40 ;                   /* 0x00000c2804007986 */
                                                                                        /* 0x000fe2000c101910 */
        /*1a70*/                   EXIT ;                                               /* 0x000000000000794d */
                                                                                        /* 0x000fea0003800000 */
        /*1a80*/                   BRA 0x1a80;                                          /* 0xfffffffc00fc7947 */
                                                                                        /* 0x000fc0000383ffff */
        /*1a90*/                   NOP;                                                 /* 0x0000000000007918 */
                                                                                        /* 0x000fc00000000000 */
        /*1aa0*/                   NOP;                                                 /* 0x0000000000007918 */
                                                                                        /* 0x000fc00000000000 */
        /*1ab0*/                   NOP;                                                 /* 0x0000000000007918 */
                                                                                        /* 0x000fc00000000000 */
        /*1ac0*/                   NOP;                                                 /* 0x0000000000007918 */
                                                                                        /* 0x000fc00000000000 */
        /*1ad0*/                   NOP;                                                 /* 0x0000000000007918 */
                                                                                        /* 0x000fc00000000000 */
        /*1ae0*/                   NOP;                                                 /* 0x0000000000007918 */
                                                                                        /* 0x000fc00000000000 */
        /*1af0*/                   NOP;                                                 /* 0x0000000000007918 */
                                                                                        /* 0x000fc00000000000 */
        /*1b00*/                   NOP;                                                 /* 0x0000000000007918 */
                                                                                        /* 0x000fc00000000000 */
        /*1b10*/                   NOP;                                                 /* 0x0000000000007918 */
                                                                                        /* 0x000fc00000000000 */
        /*1b20*/                   NOP;                                                 /* 0x0000000000007918 */
                                                                                        /* 0x000fc00000000000 */
        /*1b30*/                   NOP;                                                 /* 0x0000000000007918 */
                                                                                        /* 0x000fc00000000000 */
        /*1b40*/                   NOP;                                                 /* 0x0000000000007918 */
                                                                                        /* 0x000fc00000000000 */
        /*1b50*/                   NOP;                                                 /* 0x0000000000007918 */
                                                                                        /* 0x000fc00000000000 */
        /*1b60*/                   NOP;                                                 /* 0x0000000000007918 */
                                                                                        /* 0x000fc00000000000 */
        /*1b70*/                   NOP;                                                 /* 0x0000000000007918 */
                                                                                        /* 0x000fc00000000000 */
		..........


		Function : _Z19register_tiled_gemmILb0ELb1EEvPKfS1_PfiiiPK14CUtensorMap_st
	.headerflags	@"EF_CUDA_SM120 EF_CUDA_VIRTUAL_SM(EF_CUDA_SM120)"
        /*0000*/                   LDC R1, c[0x0][0x37c] ;                              /* 0x0000df00ff017b82 */
                                                                                        /* 0x000ff00000000800 */
        /*0010*/                   S2UR UR10, SR_CTAID.X ;                              /* 0x00000000000a79c3 */
                                                                                        /* 0x000e220000002500 */
        /*0020*/                   LDCU UR18, c[0x0][0x3a0] ;                           /* 0x00007400ff1277ac */
                                                                                        /* 0x000e620008000800 */
        /*0030*/                   S2R R3, SR_TID.X ;                                   /* 0x0000000000037919 */
                                                                                        /* 0x000ea20000002100 */
        /*0040*/                   LDCU UR19, c[0x0][0x39c] ;                           /* 0x00007380ff1377ac */
                                                                                        /* 0x000ee20008000800 */
        /*0050*/                   S2R R2, SR_TID.Y ;                                   /* 0x0000000000027919 */
                                                                                        /* 0x000ea80000002200 */
        /*0060*/                   S2UR UR6, SR_CTAID.Y ;                               /* 0x00000000000679c3 */
                                                                                        /* 0x000f220000002600 */
        /*0070*/                   ULOP3.LUT UP0, URZ, UR18, 0xf, URZ, 0xc0, !UPT ;     /* 0x0000000f12ff7892 */
                                                                                        /* 0x002fe2000f80c0ff */
        /*0080*/                   USHF.L.U32 UR10, UR10, 0x6, URZ ;                    /* 0x000000060a0a7899 */
                                                                                        /* 0x001fc800080006ff */
        /*0090*/                   UIADD3 UR4, UPT, UPT, UR10, 0x40, URZ ;              /* 0x000000400a047890 */
                                                                                        /* 0x000fc8000fffe0ff */
        /*00a0*/                   UISETP.LE.AND UP0, UPT, UR4, UR19, !UP0 ;            /* 0x000000130400728c */
                                                                                        /* 0x008fe2000c703270 */
        /*00b0*/                   USHF.L.U32 UR6, UR6, 0x6, URZ ;                      /* 0x0000000606067899 */
                                                                                        /* 0x010fe200080006ff */
        /*00c0*/                   IMAD R0, R2, 0x10, R3 ;                              /* 0x0000001002007824 */
                                                                                        /* 0x004fce00078e0203 */
        /*00d0*/                   BRA.U !UP0, 0x340 ;                                  /* 0x0000000108987547 */
                                                                                        /* 0x000fea000b800000 */
        /*00e0*/                   ISETP.NE.U32.AND P0, PT, R0, RZ, PT ;                /* 0x000000ff0000720c */
                                                                                        /* 0x000fe20003f05070 */
        /*00f0*/                   UMOV UR4, 0x1 ;                                      /* 0x0000000100047882 */
                                                                                        /* 0x000fe20000000000 */
        /*0100*/                   BSSY.RECONVERGENT B0, 0x340 ;                        /* 0x0000023000007945 */
                                                                                        /* 0x000ff60003800200 */
        /*0110*/              @!P0 S2R R5, SR_CgaCtaId ;                                /* 0x0000000000058919 */
                                                                                        /* 0x000e220000008800 */
        /*0120*/              @!P0 MOV R4, 0x400 ;                                      /* 0x0000040000048802 */
                                                                                        /* 0x000fe20000000f00 */
        /*0130*/                   VOTEU.ALL UP1, P0 ;                                  /* 0x0000000000ff7886 */
                                                                                        /* 0x000fe20000020000 */
        /*0140*/                   VOTEU.ALL UP2, P0 ;                                  /* 0x0000000000ff7886 */
                                                                                        /* 0x000fc60000040000 */
        /*0150*/              @!P0 IADD R4, R4, 0x3000 ;                                /* 0x0000300004048835 */
                                                                                        /* 0x000fe200078e0000 */
        /*0160*/                   @!UP1 UIADD3 UR4, UPT, UPT, -UR4, 0x100000, URZ ;    /* 0x0010000004049890 */
                                                                                        /* 0x000fc8000fffe1ff */
        /*0170*/                   @!UP1 USHF.L.U32 UR5, UR4, 0xb, URZ ;                /* 0x0000000b04059899 */
                                                                                        /* 0x000fe200080006ff */
        /*0180*/                   @!UP1 USHF.L.U32 UR4, UR4, 0x1, URZ ;                /* 0x0000000104049899 */
                                                                                        /* 0x000fe200080006ff */
        /*0190*/                   VOTEU.ALL UP1, P0 ;                                  /* 0x0000000000ff7886 */
                                                                                        /* 0x000fe20000020000 */
        /*01a0*/              @!P0 LEA R4, R5, R4, 0x18 ;                               /* 0x0000000405048211 */
                                                                                        /* 0x001fc800078ec0ff */
        /*01b0*/              @!P0 R2UR UR7, R4 ;                                       /* 0x00000000040782ca */
                                                                                        /* 0x000fe200000e0000 */
        /*01c0*/                   FENCE.VIEW.ASYNC.S ;                                 /* 0x00000000000073c6 */
                                                                                        /* 0x000e180000000000 */
        /*01d0*/                   @!UP1 SYNCS.EXCH.64 URZ, [UR7], UR4 ;                /* 0x0000000407ff95b2 */
                                                                                        /* 0x0010620008000100 */
        /*01e0*/                   @!UP2 SYNCS.EXCH.64 URZ, [UR7+0x8], UR4 ;            /* 0x0000080407ffa5b2 */
                                                                                        /* 0x0004640008000100 */
        /*01f0*/                   BAR.SYNC.DEFER_BLOCKING 0x0 ;                        /* 0x0000000000007b1d */
                                                                                        /* 0x002fec0000010000 */
        /*0200*/               @P0 BRA 0x320 ;                                          /* 0x0000000000440947 */
                                                                                        /* 0x000fea0003800000 */
        /*0210*/                   S2UR UR4, SR_CgaCtaId ;                              /* 0x00000000000479c3 */
                                                                                        /* 0x005e220000008800 */
        /*0220*/                   UMOV UR8, 0x400 ;                                    /* 0x0000040000087882 */
                                                                                        /* 0x000fe20000000000 */
        /*0230*/                   HFMA2 R4, -RZ, RZ, 0, 0.00048828125 ;                /* 0x00001000ff047431 */
                                                                                        /* 0x000fe200000001ff */
        /*0240*/                   UIADD3 UR9, UPT, UPT, UR8, 0x3000, URZ ;             /* 0x0000300008097890 */
                                                                                        /* 0x000fe2000fffe0ff */
        /*0250*/                   UIADD3 UR8, UPT, UPT, UR8, 0x1000, URZ ;             /* 0x0000100008087890 */
                                                                                        /* 0x000fe2000fffe0ff */
        /*0260*/                   PLOP3.LUT P0, PT, PT, PT, PT, 0x80, 0x8 ;            /* 0x000000000008781c */
                                                                                        /* 0x000fe20003f0f070 */
        /*0270*/                   LDCU.64 UR14, c[0x0][0x3a8] ;                        /* 0x00007500ff0e77ac */
                                                                                        /* 0x000e620008000a00 */
        /*0280*/                   UMOV UR11, URZ ;                                     /* 0x000000ff000b7c82 */
                                                                                        /* 0x000fe20008000000 */
        /*0290*/                   UMOV UR12, URZ ;                                     /* 0x000000ff000c7c82 */
                                                                                        /* 0x000fe20008000000 */
        /*02a0*/                   ULEA UR9, UR4, UR9, 0x18 ;                           /* 0x0000000904097291 */
                                                                                        /* 0x001fe2000f8ec0ff */
        /*02b0*/                   ULEA UR8, UR4, UR8, 0x18 ;                           /* 0x0000000804087291 */
                                                                                        /* 0x000fd0000f8ec0ff */
        /*02c0*/                   SYNCS.ARRIVE.TRANS64 RZ, [UR9], R4 ;                 /* 0x00000004ffff79a7 */
                                                                                        /* 0x0021e80008000009 */
        /*02d0*/               @P0 ELECT P1, URZ, PT ;                                  /* 0x0000000000ff082f */
                                                                                        /* 0x000fe20003820000 */
        /*02e0*/                   UTMALDG.3D [UR8], [UR14] ;                           /* 0x000000080e0075b4 */
                                                                                        /* 0x0023d80008010000 */
        /*02f0*/               @P1 PLOP3.LUT P0, PT, P1, PT, PT, 0x8, 0x80 ;            /* 0x000000000080181c */
                                                                                        /* 0x000fe40000f0e170 */
        /*0300*/                   PLOP3.LUT P1, PT, PT, PT, PT, 0x8, 0x80 ;            /* 0x000000000080781c */
                                                                                        /* 0x000fd60003f2e170 */
        /*0310*/               @P0 BRA.U.ANY 0x2d0 ;                                    /* 0xfffffffd00ec0947 */
                                                                                        /* 0x001fea000393ffff */
        /*0320*/                   NOP ;                                                /* 0x0000000000007918 */
                                                                                        /* 0x000fe20000000000 */
        /*0330*/                   BSYNC.RECONVERGENT B0 ;                              /* 0x0000000000007941 */
                                                                                        /* 0x007fea0003800200 */
        /*0340*/                   UISETP.GE.AND UP1, UPT, UR18, 0x1, UPT ;             /* 0x000000011200788c */
                                                                                        /* 0x000fe2000bf26270 */
        /*0350*/                   HFMA2 R40, -RZ, RZ, 0, 0 ;                           /* 0x00000000ff287431 */
                                                                                        /* 0x000fe200000001ff */
        /*0360*/                   CS2R R30, SRZ ;                                      /* 0x00000000001e7805 */
                                                                                        /* 0x000fe2000001ff00 */
        /*0370*/                   HFMA2 R36, -RZ, RZ, 0, 0 ;                           /* 0x00000000ff247431 */
                                                                                        /* 0x000fe200000001ff */
        /*0380*/                   MOV R38, RZ ;                                        /* 0x000000ff00267202 */
                                                                                        /* 0x000fe20000000f00 */
        /*0390*/                   HFMA2 R32, -RZ, RZ, 0, 0 ;                           /* 0x00000000ff207431 */
                                                                                        /* 0x000fe200000001ff */
        /*03a0*/                   MOV R34, RZ ;                                        /* 0x000000ff00227202 */
                                                                                        /* 0x000fe20000000f00 */
        /*03b0*/                   CS2R R28, SRZ ;                                      /* 0x00000000001c7805 */
                                                                                        /* 0x000fe2000001ff00 */
        /*03c0*/                   CS2R R26, SRZ ;                                      /* 0x00000000001a7805 */
                                                                                        /* 0x000fe2000001ff00 */
        /*03d0*/                   CS2R R24, SRZ ;                                      /* 0x0000000000187805 */
                                                                                        /* 0x000fe2000001ff00 */
        /*03e0*/                   CS2R R4, SRZ ;                                       /* 0x0000000000047805 */
                                                                                        /* 0x000fe2000001ff00 */
        /*03f0*/                   MOV R7, RZ ;                                         /* 0x000000ff00077202 */
                                                                                        /* 0x000fe20000000f00 */
        /*0400*/                   LDCU.64 UR16, c[0x0][0x358] ;                        /* 0x00006b00ff1077ac */
                                                                                        /* 0x000e220008000a00 */
        /*0410*/                   BRA.U !UP1, 0x1530 ;                                 /* 0x0000001109447547 */
                                                                                        /* 0x000fea000b800000 */
        /*0420*/                   S2R R9, SR_CgaCtaId ;                                /* 0x0000000000097919 */
                                                                                        /* 0x000e620000008800 */
        /*0430*/                   MOV R12, 0x400 ;                                     /* 0x00000400000c7802 */
                                                                                        /* 0x000fe20000000f00 */
        /*0440*/                   IMAD.SHL.U32 R21, R3.reuse, 0x4, RZ ;                /* 0x0000000403157824 */
                                                                                        /* 0x040fe200078e00ff */
        /*0450*/                   SHF.R.U32.HI R11, RZ, 0x4, R0 ;                      /* 0x00000004ff0b7819 */
                                                                                        /* 0x000fe20000011600 */
        /*0460*/                   IMAD.SHL.U32 R13, R3, 0x10, RZ ;                     /* 0x00000010030d7824 */
                                                                                        /* 0x000fe200078e00ff */
        /*0470*/                   LOP3.LUT R10, R0, 0x7ffc, RZ, 0xc0, !PT ;            /* 0x00007ffc000a7812 */
                                                                                        /* 0x000fe200078ec0ff */
        /*0480*/                   UIADD3 UR4, UPT, UPT, UR18, -0x1, URZ ;              /* 0xffffffff12047890 */
                                                                                        /* 0x000fe2000fffe0ff */
        /*0490*/                   IADD R6, R12, 0x1000 ;                               /* 0x000010000c067835 */
                                                                                        /* 0x000fe200078e0000 */
        /*04a0*/                   LOP3.LUT R8, R21, 0x3c, RZ, 0xc0, !PT ;              /* 0x0000003c15087812 */
                                                                                        /* 0x000fe200078ec0ff */
        /*04b0*/                   UMOV UR11, URZ ;                                     /* 0x000000ff000b7c82 */
                                                                                        /* 0x000fe20008000000 */
        /*04c0*/                   LOP3.LUT R14, R13, 0xf0, RZ, 0xc0, !PT ;             /* 0x000000f00d0e7812 */
                                                                                        /* 0x000fe200078ec0ff */
        /*04d0*/                   USHF.R.U32.HI UR4, URZ, 0x4, UR4 ;                   /* 0x00000004ff047899 */
                                                                                        /* 0x000fe20008011604 */
        /*04e0*/                   LEA.HI R22, R0, UR6, RZ, 0x1e ;                      /* 0x0000000600167c11 */
                                                                                        /* 0x000fe2000f8ff0ff */
        /*04f0*/                   MOV R40, RZ ;                                        /* 0x000000ff00287202 */
                                                                                        /* 0x000fe20000000f00 */
        /*0500*/                   MOV R20, RZ ;                                        /* 0x000000ff00147202 */
                                                                                        /* 0x000fe20000000f00 */
        /*0510*/                   LOP3.LUT R21, R21, 0xc, RZ, 0xc0, !PT ;              /* 0x0000000c15157812 */
                                                                                        /* 0x000fc400078ec0ff */
        /*0520*/                   IMAD R22, R22, UR18, RZ ;                            /* 0x0000001216167c24 */
                                                                                        /* 0x000fe2000f8e02ff */
        /*0530*/                   LEA R16, R9, R6, 0x18 ;                              /* 0x0000000609107211 */
                                                                                        /* 0x002fe200078ec0ff */
        /*0540*/                   IMAD.SHL.U32 R6, R3, 0x400, RZ ;                     /* 0x0000040003067824 */
                                                                                        /* 0x000fe200078e00ff */
        /*0550*/                   LEA R12, R9, R12, 0x18 ;                             /* 0x0000000c090c7211 */
                                                                                        /* 0x000fc600078ec0ff */
        /*0560*/                   IMAD R11, R11, 0x100, R16 ;                          /* 0x000001000b0b7824 */
                                                                                        /* 0x000fe200078e0210 */
        /*0570*/                   LOP3.LUT R9, R6, 0xc00, RZ, 0xc0, !PT ;              /* 0x00000c0006097812 */
                                                                                        /* 0x000fe200078ec0ff */
        /*0580*/                   IMAD R23, R2, 0x10, R12 ;                            /* 0x0000001002177824 */
                                                                                        /* 0x000fe200078e020c */
        /*0590*/                   IADD R6, R8, UR10 ;                                  /* 0x0000000a08067c35 */
                                                                                        /* 0x000fe4000f8e0000 */
        /*05a0*/                   IADD3 R8, PT, PT, R10, R12.reuse, R9 ;               /* 0x0000000c0a087210 */
                                                                                        /* 0x080fe40007ffe009 */
        /*05b0*/                   IADD3 R9, PT, PT, R9, R12, R10 ;                     /* 0x0000000c09097210 */
                                                                                        /* 0x000fe20007ffe00a */
        /*05c0*/                   IADD R15, R6, 0x2 ;                                  /* 0x00000002060f7835 */
                                                                                        /* 0x000fe200078e0000 */
        /*05d0*/                   IADD3 R10, PT, PT, R13, 0x100, R16 ;                 /* 0x000001000d0a7810 */
                                                                                        /* 0x000fe20007ffe010 */
        /*05e0*/                   IADD R11, R11, R14 ;                                 /* 0x0000000e0b0b7235 */
                                                                                        /* 0x000fe200078e0000 */
        /*05f0*/                   IADD R23, R23, 0x100 ;                               /* 0x0000010017177835 */
                                                                                        /* 0x000fc400078e0000 */
        /*0600*/                   ISETP.GE.AND P1, PT, R15, UR19, PT ;                 /* 0x000000130f007c0c */
                                                                                        /* 0x001fda000bf26270 */
        /*0610*/                   LDC R18, c[0x0][0x3a0] ;                             /* 0x0000e800ff127b82 */
                                                                                        /* 0x001e220000000800 */
        /*0620*/                   LDCU UR7, c[0x0][0x398] ;                            /* 0x00007300ff0777ac */
                                                                                        /* 0x002e620008000800 */
        /*0630*/                   IADD R19, R21, UR11 ;                                /* 0x0000000b15137c35 */
                                                                                        /* 0x000fe2000f8e0000 */
        /*0640*/                   LEA.HI R17, R0, UR6, RZ, 0x1e ;                      /* 0x0000000600117c11 */
                                                                                        /* 0x004fc8000f8ff0ff */
        /*0650*/                   IADD R13, R19, 0x3 ;                                 /* 0x00000003130d7835 */
                                                                                        /* 0x008fca00078e0000 */
        /*0660*/                   ISETP.GE.AND P0, PT, R13, R18, PT ;                  /* 0x000000120d00720c */
                                                                                        /* 0x001fca0003f06270 */
        /*0670*/                   ISETP.GE.OR P2, PT, R17, UR7, P0 ;                   /* 0x0000000711007c0c */
                                                                                        /* 0x002fda0008746670 */
        /*0680*/              @!P2 LDC.64 R12, c[0x0][0x380] ;                          /* 0x0000e000ff0cab82 */
                                                                                        /* 0x000e220000000a00 */
        /*0690*/              @!P2 IADD R15, R22, R19 ;                                 /* 0x00000013160fa235 */
                                                                                        /* 0x000fca00078e0000 */
        /*06a0*/              @!P2 IMAD.WIDE.U32 R12, R15, 0x4, R12 ;                   /* 0x000000040f0ca825 */
                                                                                        /* 0x001fca00078e000c */
        /*06b0*/              @!P2 LDG.E.CONSTANT R14, desc[UR16][R12.64] ;             /* 0x000000100c0ea981 */
                                                                                        /* 0x000ea8000c1e9900 */
        /*06c0*/              @!P2 LDG.E.CONSTANT R16, desc[UR16][R12.64+0x4] ;         /* 0x000004100c10a981 */
                                                                                        /* 0x000ee8000c1e9900 */
        /*06d0*/              @!P2 LDG.E.CONSTANT R42, desc[UR16][R12.64+0x8] ;         /* 0x000008100c2aa981 */
                                                                                        /* 0x000f28000c1e9900 */
        /*06e0*/              @!P2 LDG.E.CONSTANT R44, desc[UR16][R12.64+0xc] ;         /* 0x00000c100c2ca981 */
                                                                                        /* 0x000f62000c1e9900 */
        /*06f0*/                   UIADD3 UR5, UPT, UPT, UR11, 0x10, URZ ;              /* 0x000000100b057890 */
                                                                                        /* 0x000fc4000fffe0ff */
        /*0700*/                   UMOV UR13, UR11 ;                                    /* 0x0000000b000d7c82 */
                                                                                        /* 0x000fe20008000000 */
        /*0710*/                   BSSY.RECONVERGENT B0, 0x9e0 ;                        /* 0x000002c000007945 */
                                                                                        /* 0x000fe60003800200 */
        /*0720*/                   VIMNMX.S32 R37, R18, UR5, PT ;                       /* 0x0000000512257c48 */
                                                                                        /* 0x000fe2000bfe0100 */
        /*0730*/                   UMOV UR11, UR5 ;                                     /* 0x00000005000b7c82 */
                                                                                        /* 0x000fe20008000000 */
        /*0740*/              @!P2 STS [R9], R14 ;                                      /* 0x0000000e0900a388 */
                                                                                        /* 0x0041e80000000800 */
        /*0750*/              @!P2 STS [R9+0x100], R16 ;                                /* 0x000100100900a388 */
                                                                                        /* 0x0081e80000000800 */
        /*0760*/              @!P2 STS [R9+0x200], R42 ;                                /* 0x0002002a0900a388 */
                                                                                        /* 0x0101e80000000800 */
        /*0770*/              @!P2 STS [R9+0x300], R44 ;                                /* 0x0003002c0900a388 */
                                                                                        /* 0x0201e20000000800 */
        /*0780*/              @!P2 BRA 0x9c0 ;                                          /* 0x00000000008ca947 */
                                                                                        /* 0x000fea0003800000 */
        /*0790*/                   ISETP.GE.AND P2, PT, R17, UR7, PT ;                  /* 0x0000000711007c0c */
                                                                                        /* 0x000fda000bf46270 */
        /*07a0*/               @P2 BRA 0x980 ;                                          /* 0x0000000000742947 */
                                                                                        /* 0x000fea0003800000 */
        /*07b0*/                   ISETP.GE.AND P2, PT, R19.reuse, R18, PT ;            /* 0x000000121300720c */
                                                                                        /* 0x040fe20003f46270 */
        /*07c0*/                   LDCU.64 UR8, c[0x0][0x380] ;                         /* 0x00007000ff0877ac */
                                                                                        /* 0x000e620008000a00 */
        /*07d0*/                   MOV R14, R22 ;                                       /* 0x00000016000e7202 */
                                                                                        /* 0x001fe20000000f00 */
        /*07e0*/                   HFMA2 R15, -RZ, RZ, 0, 0 ;                           /* 0x00000000ff0f7431 */
                                                                                        /* 0x000fe200000001ff */
        /*07f0*/                   MOV R16, R19 ;                                       /* 0x0000001300107202 */
                                                                                        /* 0x000fe20000000f00 */
        /*0800*/                   HFMA2 R17, -RZ, RZ, 0, 0 ;                           /* 0x00000000ff117431 */
                                                                                        /* 0x000fe200000001ff */
        /*0810*/                   IADD R33, R19.reuse, 0x1 ;                           /* 0x0000000113217835 */
                                                                                        /* 0x040fe200078e0000 */
        /*0820*/                   IADD R35, R19, 0x2 ;                                 /* 0x0000000213237835 */
                                                                                        /* 0x000fe200078e0000 */
        /*0830*/                   MOV R42, RZ ;                                        /* 0x000000ff002a7202 */
                                                                                        /* 0x000fe20000000f00 */
        /*0840*/                   MOV R44, RZ ;                                        /* 0x000000ff002c7202 */
                                                                                        /* 0x000fe20000000f00 */
        /*0850*/                   IADD.64 R16, R14, R16 ;                              /* 0x000000100e107235 */
                                                                                        /* 0x000fc400078e0200 */
        /*0860*/                   ISETP.GE.AND P3, PT, R33, R18.reuse, PT ;            /* 0x000000122100720c */
                                                                                        /* 0x080fe20003f66270 */
        /*0870*/              @!P2 LDC.64 R12, c[0x0][0x380] ;                          /* 0x0000e000ff0cab82 */
                                                                                        /* 0x000e220000000a00 */
        /*0880*/                   ISETP.GE.AND P4, PT, R35, R18, PT ;                  /* 0x000000122300720c */
                                                                                        /* 0x000fe20003f86270 */
        /*0890*/              @!P2 IADD R19, R22, R19 ;                                 /* 0x000000131613a235 */
                                                                                        /* 0x000fe200078e0000 */
        /*08a0*/                   LEA R14, P5, R16, UR8, 0x2 ;                         /* 0x00000008100e7c11 */
                                                                                        /* 0x002fc8000f8a10ff */
        /*08b0*/                   LEA.HI.X R15, R16, UR9, R17, 0x2, P5 ;               /* 0x00000009100f7c11 */
                                                                                        /* 0x000fe2000a8f1411 */
        /*08c0*/                   HFMA2 R16, -RZ, RZ, 0, 0 ;                           /* 0x00000000ff107431 */
                                                                                        /* 0x000fe400000001ff */
        /*08d0*/                   HFMA2 R17, -RZ, RZ, 0, 0 ;                           /* 0x00000000ff117431 */
                                                                                        /* 0x000fc800000001ff */
        /*08e0*/              @!P4 LDG.E.CONSTANT R44, desc[UR16][R14.64+0x8] ;         /* 0x000008100e2cc981 */
                                                                                        /* 0x000ea8000c1e9900 */
        /*08f0*/              @!P3 LDG.E.CONSTANT R16, desc[UR16][R14.64+0x4] ;         /* 0x000004100e10b981 */
                                                                                        /* 0x000ee8000c1e9900 */
        /*0900*/              @!P0 LDG.E.CONSTANT R17, desc[UR16][R14.64+0xc] ;         /* 0x00000c100e118981 */
                                                                                        /* 0x000f22000c1e9900 */
        /*0910*/              @!P2 IMAD.WIDE.U32 R12, R19, 0x4, R12 ;                   /* 0x00000004130ca825 */
                                                                                        /* 0x001fca00078e000c */
        /*0920*/              @!P2 LDG.E.CONSTANT R42, desc[UR16][R12.64] ;             /* 0x000000100c2aa981 */
                                                                                        /* 0x000f68000c1e9900 */
        /*0930*/                   STS [R9+0x200], R44 ;                                /* 0x0002002c09007388 */
                                                                                        /* 0x0045e80000000800 */
        /*0940*/                   STS [R9+0x100], R16 ;                                /* 0x0001001009007388 */
                                                                                        /* 0x0085e80000000800 */
        /*0950*/                   STS [R9+0x300], R17 ;                                /* 0x0003001109007388 */
                                                                                        /* 0x0105e80000000800 */
        /*0960*/                   STS [R9], R42 ;                                      /* 0x0000002a09007388 */
                                                                                        /* 0x0205e20000000800 */
        /*0970*/                   BRA 0x9c0 ;                                          /* 0x0000000000107947 */
                                                                                        /* 0x000fea0003800000 */
        /*0980*/                   STS [R8], RZ ;                                       /* 0x000000ff08007388 */
                                                                                        /* 0x0003e80000000800 */
        /*0990*/                   STS [R8+0x100], RZ ;                                 /* 0x000100ff08007388 */
                                                                                        /* 0x0003e80000000800 */
        /*09a0*/                   STS [R8+0x200], RZ ;                                 /* 0x000200ff08007388 */
                                                                                        /* 0x0003e80000000800 */
        /*09b0*/                   STS [R8+0x300], RZ ;                                 /* 0x000300ff08007388 */
                                                                                        /* 0x0003e40000000800 */
        /*09c0*/                   NOP ;                                                /* 0x0000000000007918 */
                                                                                        /* 0x000fe20000000000 */
        /*09d0*/                   BSYNC.RECONVERGENT B0 ;                              /* 0x0000000000007941 */
                                                                                        /* 0x000fea0003800200 */
        /*09e0*/                   BRA.U !UP0, 0xc90 ;                                  /* 0x0000000108a87547 */
                                                                                        /* 0x000fea000b800000 */
        /*09f0*/                   ISETP.LE.AND P0, PT, R18, UR11, PT ;                 /* 0x0000000b12007c0c */
                                                                                        /* 0x000fe2000bf03270 */
        /*0a00*/                   BSSY.RECONVERGENT B0, 0xbe0 ;                        /* 0x000001d000007945 */
                                                                                        /* 0x000fe20003800200 */
        /*0a10*/                   LOP3.LUT R43, R20, 0x1, RZ, 0xc0, !PT ;              /* 0x00000001142b7812 */
                                                                                        /* 0x000fc600078ec0ff */
        /*0a20*/                   ISETP.NE.U32.OR P0, PT, R0, RZ, P0 ;                 /* 0x000000ff0000720c */
                                                                                        /* 0x000fda0000705470 */
        /*0a30*/               @P0 BRA 0xbc0 ;                                          /* 0x0000000000600947 */
                                                                                        /* 0x000fea0003800000 */
        /*0a40*/                   S2UR UR9, SR_CgaCtaId ;                              /* 0x00000000000979c3 */
                                                                                        /* 0x000ee20000008800 */
        /*0a50*/                   R2UR UR14, R43 ;                                     /* 0x000000002b0e72ca */
                                                                                        /* 0x000fe200000e0000 */
        /*0a60*/                   UMOV UR8, 0x400 ;                                    /* 0x0000040000087882 */
                                                                                        /* 0x000fe20000000000 */
        /*0a70*/                   MOV R12, 0x1000 ;                                    /* 0x00001000000c7802 */
                                                                                        /* 0x000fe20000000f00 */
        /*0a80*/                   UIADD3 UR7, UPT, UPT, UR8, 0x3000, URZ ;             /* 0x0000300008077890 */
                                                                                        /* 0x000fe2000fffe0ff */
        /*0a90*/                   UIADD3 UR8, UPT, UPT, UR8, 0x1000, URZ ;             /* 0x0000100008087890 */
                                                                                        /* 0x000fe2000fffe0ff */
        /*0aa0*/                   PLOP3.LUT P0, PT, PT, PT, PT, 0x80, 0x8 ;            /* 0x000000000008781c */
                                                                                        /* 0x000fd00003f0f070 */
        /*0ab0*/                   USHF.L.U32 UR5, UR14, 0x3, URZ ;                     /* 0x000000030e057899 */
                                                                                        /* 0x000fc800080006ff */
        /*0ac0*/                   ULOP3.LUT UR5, UR5, 0x8, URZ, 0x3c, !UPT ;           /* 0x0000000805057892 */
                                                                                        /* 0x000fe2000f8e3cff */
        /*0ad0*/                   ULEA UR12, UR9, UR7, 0x18 ;                          /* 0x00000007090c7291 */
                                                                                        /* 0x008fe2000f8ec0ff */
        /*0ae0*/                   USHF.L.U32 UR7, UR14, 0xc, URZ ;                     /* 0x0000000c0e077899 */
                                                                                        /* 0x000fc800080006ff */
        /*0af0*/                   MOV R13, UR5 ;                                       /* 0x00000005000d7c02 */
                                                                                        /* 0x000fe20008000f00 */
        /*0b00*/                   ULEA UR8, UR9, UR8, 0x18 ;                           /* 0x0000000809087291 */
                                                                                        /* 0x000fe2000f8ec0ff */
        /*0b10*/                   UIADD3 UR9, UPT, UPT, UR12, UR5, URZ ;               /* 0x000000050c097290 */
                                                                                        /* 0x000fe2000fffe0ff */
        /*0b20*/                   ULOP3.LUT UR7, UR7, 0x1000, URZ, 0x3c, !UPT ;        /* 0x0000100007077892 */
                                                                                        /* 0x000fe2000f8e3cff */
        /*0b30*/                   LDCU.64 UR14, c[0x0][0x3a8] ;                        /* 0x00007500ff0e77ac */
                                                                                        /* 0x000ee20008000a00 */
        /*0b40*/                   SYNCS.ARRIVE.TRANS64 RZ, [R13+UR12], R12 ;           /* 0x0000000c0dff79a7 */
                                                                                        /* 0x0009e4000800000c */
        /*0b50*/                   UIADD3 UR8, UPT, UPT, UR8, UR7, URZ ;                /* 0x0000000708087290 */
                                                                                        /* 0x000fe2000fffe0ff */
        /*0b60*/                   UMOV UR12, URZ ;                                     /* 0x000000ff000c7c82 */
                                                                                        /* 0x007fd60008000000 */
        /*0b70*/               @P0 ELECT P2, URZ, PT ;                                  /* 0x0000000000ff082f */
                                                                                        /* 0x000fe20003840000 */
        /*0b80*/                   UTMALDG.3D [UR8], [UR14] ;                           /* 0x000000080e0075b4 */
                                                                                        /* 0x0091d80008010000 */
        /*0b90*/               @P2 PLOP3.LUT P0, PT, P2, PT, PT, 0x8, 0x80 ;            /* 0x000000000080281c */
                                                                                        /* 0x000fe4000170e170 */
        /*0ba0*/                   PLOP3.LUT P2, PT, PT, PT, PT, 0x8, 0x80 ;            /* 0x000000000080781c */
                                                                                        /* 0x000fd60003f4e170 */
        /*0bb0*/               @P0 BRA.U.ANY 0xb70 ;                                    /* 0xfffffffd00ec0947 */
                                                                                        /* 0x010fea000393ffff */
        /*0bc0*/                   NOP ;                                                /* 0x0000000000007918 */
                                                                                        /* 0x000fe20000000000 */
        /*0bd0*/                   BSYNC.RECONVERGENT B0 ;                              /* 0x0000000000007941 */
                                                                                        /* 0x001fea0003800200 */
        /*0be0*/                   S2UR UR7, SR_CgaCtaId ;                              /* 0x00000000000779c3 */
                                                                                        /* 0x000e220000008800 */
        /*0bf0*/                   UMOV UR5, 0x400 ;                                    /* 0x0000040000057882 */
                                                                                        /* 0x000fe20000000000 */
        /*0c00*/                   SHF.R.U32.HI R12, RZ, 0x1, R20 ;                     /* 0x00000001ff0c7819 */
                                                                                        /* 0x010fe20000011614 */
        /*0c10*/                   UIADD3 UR5, UPT, UPT, UR5, 0x3000, URZ ;             /* 0x0000300005057890 */
                                                                                        /* 0x000fc6000fffe0ff */
        /*0c20*/                   LOP3.LUT R12, R12, 0x1, RZ, 0xc0, !PT ;              /* 0x000000010c0c7812 */
                                                                                        /* 0x000fc800078ec0ff */
        /*0c30*/                   SHF.L.U32 R12, R12, 0x1f, RZ ;                       /* 0x0000001f0c0c7819 */
                                                                                        /* 0x000fe200000006ff */
        /*0c40*/                   ULEA UR5, UR7, UR5, 0x18 ;                           /* 0x0000000507057291 */
                                                                                        /* 0x001fcc000f8ec0ff */
        /*0c50*/                   LEA R13, R43, UR5, 0x3 ;                             /* 0x000000052b0d7c11 */
                                                                                        /* 0x000fce000f8e18ff */
        /*0c60*/                   SYNCS.PHASECHK.TRANS64.TRYWAIT P0, [R13+URZ], R12 ;  /* 0x0000000c0d0075a7 */
                                                                                        /* 0x000e2400080011ff */
        /*0c70*/              @!P0 BRA 0xc60 ;                                          /* 0xfffffffc00f88947 */
                                                                                        /* 0x007fea000383ffff */
        /*0c80*/                   BRA 0xf90 ;                                          /* 0x0000000000c07947 */
                                                                                        /* 0x000fea0003800000 */
        /*0c90*/                   LDCU UR5, c[0x0][0x39c] ;                            /* 0x00007380ff0577ac */
                                                                                        /* 0x000ee20008000800 */
        /*0ca0*/                   SHF.R.U32.HI R17, RZ, 0x4, R0 ;                      /* 0x00000004ff117819 */
                                                                                        /* 0x004fe20000011600 */
        /*0cb0*/                   BSSY.RECONVERGENT B0, 0xf90 ;                        /* 0x000002d000007945 */
                                                                                        /* 0x000fe20003800200 */
        /*0cc0*/                   IADD R12, R6, 0x3 ;                                  /* 0x00000003060c7835 */
                                                                                        /* 0x000fc600078e0000 */
        /*0cd0*/                   IADD R17, R17, UR13 ;                                /* 0x0000000d11117c35 */
                                                                                        /* 0x000fca000f8e0000 */
        /*0ce0*/                   ISETP.GE.AND P3, PT, R17, R18, PT ;                  /* 0x000000121100720c */
                                                                                        /* 0x000fe20003f66270 */
        /*0cf0*/                   ISETP.GE.AND P0, PT, R12, UR5, PT ;                  /* 0x000000050c007c0c */
                                                                                        /* 0x008fca000bf06270 */
        /*0d00*/                   ISETP.GE.OR P2, PT, R17, R18, P0 ;                   /* 0x000000121100720c */
                                                                                        /* 0x000fda0000746670 */
        /*0d10*/               @P2 BRA 0xd90 ;                                          /* 0x00000000001c2947 */
                                                                                        /* 0x000fea0003800000 */
        /*0d20*/                   LDC.64 R12, c[0x0][0x388] ;                          /* 0x0000e200ff0c7b82 */
                                                                                        /* 0x000ea20000000a00 */
        /*0d30*/                   IMAD R15, R17, UR5, R6 ;                             /* 0x00000005110f7c24 */
                                                                                        /* 0x000fc8000f8e0206 */
        /*0d40*/                   IMAD.WIDE R12, R15, 0x4, R12 ;                       /* 0x000000040f0c7825 */
                                                                                        /* 0x004fcc00078e020c */
        /*0d50*/                   LDG.E.128.CONSTANT R12, desc[UR16][R12.64] ;         /* 0x000000100c0c7981 */
                                                                                        /* 0x001ea2000c1e9d00 */
        /*0d60*/                   HFMA2 R43, -RZ, RZ, 0, 0 ;                           /* 0x00000000ff2b7431 */
                                                                                        /* 0x000fc600000001ff */
        /*0d70*/                   STS.128 [R11], R12 ;                                 /* 0x0000000c0b007388 */
                                                                                        /* 0x0047e20000000c00 */
        /*0d80*/                   BRA 0xf70 ;                                          /* 0x0000000000787947 */
                                                                                        /* 0x000fea0003800000 */
        /*0d90*/               @P3 BRA 0xf50 ;                                          /* 0x00000000006c3947 */
                                                                                        /* 0x000fea0003800000 */
        /*0da0*/                   ISETP.GE.AND P2, PT, R6.reuse, UR5, PT ;             /* 0x0000000506007c0c */
                                                                                        /* 0x040fe2000bf46270 */
        /*0db0*/                   LDCU.64 UR8, c[0x0][0x388] ;                         /* 0x00007100ff0877ac */
                                                                                        /* 0x000ea20008000a00 */
        /*0dc0*/                   IMAD R16, R17, UR5, RZ ;                             /* 0x0000000511107c24 */
                                                                                        /* 0x001fe2000f8e02ff */
        /*0dd0*/                   MOV R12, R6 ;                                        /* 0x00000006000c7202 */
                                                                                        /* 0x000fe20000000f00 */
        /*0de0*/                   HFMA2 R13, -RZ, RZ, 0, 0 ;                           /* 0x00000000ff0d7431 */
                                                                                        /* 0x000fe200000001ff */
        /*0df0*/                   IADD R19, R6, 0x1 ;                                  /* 0x0000000106137835 */
                                                                                        /* 0x000fe200078e0000 */
        /*0e00*/                   CS2R R42, SRZ ;                                      /* 0x00000000002a7805 */
                                                                                        /* 0x000fe2000001ff00 */
        /*0e10*/                   SHF.R.S32.HI R17, RZ, 0x1f, R16 ;                    /* 0x0000001fff117819 */
                                                                                        /* 0x000fe20000011410 */
        /*0e20*/                   HFMA2 R44, -RZ, RZ, 0, 0 ;                           /* 0x00000000ff2c7431 */
                                                                                        /* 0x000fe400000001ff */
        /*0e30*/                   ISETP.GE.AND P3, PT, R19, UR5, PT ;                  /* 0x0000000513007c0c */
                                                                                        /* 0x000fc4000bf66270 */
        /*0e40*/                   IADD.64 R12, R12, R16 ;                              /* 0x000000100c0c7235 */
                                                                                        /* 0x000fe400078e0200 */
        /*0e50*/              @!P2 LDC.64 R14, c[0x0][0x388] ;                          /* 0x0000e200ff0eab82 */
                                                                                        /* 0x000e220000000a00 */
        /*0e60*/              @!P2 IADD R17, R6, R16 ;                                  /* 0x000000100611a235 */
                                                                                        /* 0x000fe400078e0000 */
        /*0e70*/                   LEA R16, P4, R12, UR8, 0x2 ;                         /* 0x000000080c107c11 */
                                                                                        /* 0x004fc6000f8810ff */
        /*0e80*/              @!P2 IMAD.WIDE R14, R17, 0x4, R14 ;                       /* 0x00000004110ea825 */
                                                                                        /* 0x001fe200078e020e */
        /*0e90*/                   LEA.HI.X R17, R12, UR9, R13, 0x2, P4 ;               /* 0x000000090c117c11 */
                                                                                        /* 0x000fe2000a0f140d */
        /*0ea0*/                   MOV R12, RZ ;                                        /* 0x000000ff000c7202 */
                                                                                        /* 0x000fe20000000f00 */
        /*0eb0*/                   MOV R13, RZ ;                                        /* 0x000000ff000d7202 */
                                                                                        /* 0x000fe40000000f00 */
        /*0ec0*/              @!P2 LDG.E.CONSTANT R42, desc[UR16][R14.64] ;             /* 0x000000100e2aa981 */
                                                                                        /* 0x000ea8000c1e9900 */
        /*0ed0*/              @!P3 LDG.E.CONSTANT R12, desc[UR16][R16.64+0x4] ;         /* 0x00000410100cb981 */
                                                                                        /* 0x000ee8000c1e9900 */
        /*0ee0*/              @!P1 LDG.E.CONSTANT R44, desc[UR16][R16.64+0x8] ;         /* 0x00000810102c9981 */
                                                                                        /* 0x000f28000c1e9900 */
        /*0ef0*/              @!P0 LDG.E.CONSTANT R13, desc[UR16][R16.64+0xc] ;         /* 0x00000c10100d8981 */
                                                                                        /* 0x000f68000c1e9900 */
        /*0f00*/                   STS [R11], R42 ;                                     /* 0x0000002a0b007388 */
                                                                                        /* 0x0041e80000000800 */
        /*0f10*/                   STS [R11+0x4], R12 ;                                 /* 0x0000040c0b007388 */
                                                                                        /* 0x0081e80000000800 */
        /*0f20*/                   STS [R11+0x8], R44 ;                                 /* 0x0000082c0b007388 */
                                                                                        /* 0x0101e80000000800 */
        /*0f30*/                   STS [R11+0xc], R13 ;                                 /* 0x00000c0d0b007388 */
                                                                                        /* 0x0201e20000000800 */
        /*0f40*/                   BRA 0xf70 ;                                          /* 0x0000000000087947 */
                                                                                        /* 0x000fea0003800000 */
        /*0f50*/                   STS.128 [R11], RZ ;                                  /* 0x000000ff0b007388 */
                                                                                        /* 0x0005e20000000c00 */
        /*0f60*/                   HFMA2 R43, -RZ, RZ, 0, 0 ;                           /* 0x00000000ff2b7431 */
                                                                                        /* 0x000fce00000001ff */
        /*0f70*/                   NOP ;                                                /* 0x0000000000007918 */
                                                                                        /* 0x000fe20000000000 */
        /*0f80*/                   BSYNC.RECONVERGENT B0 ;                              /* 0x0000000000007941 */
                                                                                        /* 0x000fea0003800200 */
        /*0f90*/                   BAR.SYNC.DEFER_BLOCKING 0x0 ;                        /* 0x0000000000007b1d */
                                                                                        /* 0x000fe20000010000 */
        /*0fa0*/                   ISETP.LE.AND P0, PT, R18, UR13, PT ;                 /* 0x0000000d12007c0c */
                                                                                        /* 0x000fda000bf03270 */
        /*0fb0*/               @P0 BRA 0x14f0 ;                                         /* 0x00000004004c0947 */
                                                                                        /* 0x000fea0003800000 */
        /*0fc0*/                   IMAD.SHL.U32 R14, R20, 0x10, RZ ;                    /* 0x00000010140e7824 */
                                                                                        /* 0x009fe200078e00ff */
        /*0fd0*/                   MOV R41, RZ ;                                        /* 0x000000ff00297202 */
                                                                                        /* 0x000fc80000000f00 */
        /*0fe0*/                   IADD R12, R14, 0x1 ;                                 /* 0x000000010e0c7835 */
                                                                                        /* 0x000fca00078e0000 */
        /*0ff0*/                   ISETP.NE.U32.AND P0, PT, R37, R12, PT ;              /* 0x0000000c2500720c */
                                                                                        /* 0x000fda0003f05070 */
        /*1000*/              @!P0 BRA 0x1330 ;                                         /* 0x0000000000c88947 */
                                                                                        /* 0x000fea0003800000 */
        /*1010*/                   LOP3.LUT R33, R37, 0x1, RZ, 0xc0, !PT ;              /* 0x0000000125217812 */
                                                                                        /* 0x000fe200078ec0ff */
        /*1020*/                   HFMA2 R41, -RZ, RZ, 0, 0 ;                           /* 0x00000000ff297431 */
                                                                                        /* 0x000fe400000001ff */
        /*1030*/                   IMAD R39, R43, 0x1000, R10 ;                         /* 0x000010002b277824 */
                                                                                        /* 0x000fe200078e020a */
        /*1040*/                   MOV R35, R23 ;                                       /* 0x0000001700237202 */
                                                                                        /* 0x000fe20000000f00 */
        /*1050*/                   LOP3.LUT R12, R14, R33, RZ, 0xfc, !PT ;              /* 0x000000210e0c7212 */
                                                                                        /* 0x000fca00078efcff */
        /*1060*/                   IADD R37, -R37, R12 ;                                /* 0x0000000c25257235 */
                                                                                        /* 0x006fce00078e0100 */
        /*1070*/                   LDS.128 R12, [R35+-0x100] ;                          /* 0xffff0000230c7984 */
                                                                                        /* 0x000fe20000000c00 */
        /*1080*/                   IADD R37, R37, 0x2 ;                                 /* 0x0000000225257835 */
                                                                                        /* 0x000fe200078e0000 */
        /*1090*/                   IADD R41, R41, 0x2 ;                                 /* 0x0000000229297835 */
                                                                                        /* 0x000fe400078e0000 */
        /*10a0*/                   LDS.128 R16, [R39+-0x100] ;                          /* 0xffff000027107984 */
                                                                                        /* 0x000e240000000c00 */
        /*10b0*/                   ISETP.NE.U32.AND P0, PT, R37, RZ, PT ;               /* 0x000000ff2500720c */
                                                                                        /* 0x000fe20003f05070 */
        /*10c0*/                   FFMA.FTZ R7, R12.reuse, R16, R7 ;                    /* 0x000000100c077223 */
                                                                                        /* 0x041fe20000010007 */
        /*10d0*/                   FFMA.FTZ R4, R12.reuse, R17, R4 ;                    /* 0x000000110c047223 */
                                                                                        /* 0x040fe20000010004 */
        /*10e0*/                   FFMA.FTZ R5, R12.reuse, R18, R5 ;                    /* 0x000000120c057223 */
                                                                                        /* 0x040fe20000010005 */
        /*10f0*/                   FFMA.FTZ R28, R12, R19, R28 ;                        /* 0x000000130c1c7223 */
                                                                                        /* 0x000fe2000001001c */
        /*1100*/                   FFMA.FTZ R26, R13.reuse, R16, R26 ;                  /* 0x000000100d1a7223 */
                                                                                        /* 0x040fe2000001001a */
        /*1110*/                   FFMA.FTZ R24, R13.reuse, R17, R24 ;                  /* 0x000000110d187223 */
                                                                                        /* 0x040fe20000010018 */
        /*1120*/                   FFMA.FTZ R25, R13.reuse, R18, R25 ;                  /* 0x000000120d197223 */
                                                                                        /* 0x040fe20000010019 */
        /*1130*/                   FFMA.FTZ R30, R13, R19, R30 ;                        /* 0x000000130d1e7223 */
                                                                                        /* 0x000fe2000001001e */
        /*1140*/                   FFMA.FTZ R27, R14.reuse, R16, R27 ;                  /* 0x000000100e1b7223 */
                                                                                        /* 0x040fe2000001001b */
        /*1150*/                   FFMA.FTZ R32, R14.reuse, R17, R32 ;                  /* 0x000000110e207223 */
                                                                                        /* 0x040fe20000010020 */
        /*1160*/                   FFMA.FTZ R29, R14.reuse, R18, R29 ;                  /* 0x000000120e1d7223 */
                                                                                        /* 0x040fe2000001001d */
        /*1170*/                   FFMA.FTZ R34, R14, R19, R34 ;                        /* 0x000000130e227223 */
                                                                                        /* 0x000fe20000010022 */
        /*1180*/                   FFMA.FTZ R36, R15.reuse, R16, R36 ;                  /* 0x000000100f247223 */
                                                                                        /* 0x040fe20000010024 */
        /*1190*/                   FFMA.FTZ R38, R15.reuse, R17, R38 ;                  /* 0x000000110f267223 */
                                                                                        /* 0x040fe20000010026 */
        /*11a0*/                   FFMA.FTZ R31, R15.reuse, R18, R31 ;                  /* 0x000000120f1f7223 */
                                                                                        /* 0x040fe2000001001f */
        /*11b0*/                   FFMA.FTZ R40, R15, R19, R40 ;                        /* 0x000000130f287223 */
                                                                                        /* 0x000fc40000010028 */
        /*11c0*/                   LDS.128 R12, [R35] ;                                 /* 0x00000000230c7984 */
                                                                                        /* 0x0001e80000000c00 */
        /*11d0*/                   LDS.128 R16, [R39] ;                                 /* 0x0000000027107984 */
                                                                                        /* 0x0002a20000000c00 */
        /*11e0*/                   IADD R35, R35, 0x200 ;                               /* 0x0000020023237835 */
                                                                                        /* 0x001fe200078e0000 */
        /*11f0*/                   IADD R39, R39, 0x200 ;                               /* 0x0000020027277835 */
                                                                                        /* 0x002fe200078e0000 */
        /*1200*/                   FFMA.FTZ R7, R12.reuse, R16, R7 ;                    /* 0x000000100c077223 */
                                                                                        /* 0x044fe20000010007 */
        /*1210*/                   FFMA.FTZ R4, R12.reuse, R17, R4 ;                    /* 0x000000110c047223 */
                                                                                        /* 0x040fe20000010004 */
        /*1220*/                   FFMA.FTZ R5, R12.reuse, R18, R5 ;                    /* 0x000000120c057223 */
                                                                                        /* 0x040fe20000010005 */
        /*1230*/                   FFMA.FTZ R28, R12, R19, R28 ;                        /* 0x000000130c1c7223 */
                                                                                        /* 0x000fe2000001001c */
        /*1240*/                   FFMA.FTZ R26, R13.reuse, R16, R26 ;                  /* 0x000000100d1a7223 */
                                                                                        /* 0x040fe2000001001a */
        /*1250*/                   FFMA.FTZ R24, R13.reuse, R17, R24 ;                  /* 0x000000110d187223 */
                                                                                        /* 0x040fe20000010018 */
        /*1260*/                   FFMA.FTZ R25, R13.reuse, R18, R25 ;                  /* 0x000000120d197223 */
                                                                                        /* 0x040fe20000010019 */
        /*1270*/                   FFMA.FTZ R30, R13, R19, R30 ;                        /* 0x000000130d1e7223 */
                                                                                        /* 0x000fe2000001001e */
        /*1280*/                   FFMA.FTZ R27, R14.reuse, R16, R27 ;                  /* 0x000000100e1b7223 */
                                                                                        /* 0x040fe2000001001b */
        /*1290*/                   FFMA.FTZ R32, R14.reuse, R17, R32 ;                  /* 0x000000110e207223 */
                                                                                        /* 0x040fe20000010020 */
        /*12a0*/                   FFMA.FTZ R29, R14.reuse, R18, R29 ;                  /* 0x000000120e1d7223 */
                                                                                        /* 0x040fe2000001001d */
        /*12b0*/                   FFMA.FTZ R34, R14, R19, R34 ;                        /* 0x000000130e227223 */
                                                                                        /* 0x000fe20000010022 */
        /*12c0*/                   FFMA.FTZ R36, R15.reuse, R16, R36 ;                  /* 0x000000100f247223 */
                                                                                        /* 0x040fe20000010024 */
        /*12d0*/                   FFMA.FTZ R38, R15.reuse, R17, R38 ;                  /* 0x000000110f267223 */
                                                                                        /* 0x040fe20000010026 */
        /*12e0*/                   FFMA.FTZ R31, R15.reuse, R18, R31 ;                  /* 0x000000120f1f7223 */
                                                                                        /* 0x040fe2000001001f */
        /*12f0*/                   FFMA.FTZ R40, R15, R19, R40 ;                        /* 0x000000130f287223 */
                                                                                        /* 0x000fe20000010028 */
        /*1300*/               @P0 BRA 0x1070 ;                                         /* 0xfffffffc00580947 */
                                                                                        /* 0x000fec000383ffff */
        /*1310*/                   ISETP.NE.U32.AND P0, PT, R33, RZ, PT ;               /* 0x000000ff2100720c */
                                                                                        /* 0x000fda0003f05070 */
        /*1320*/              @!P0 BRA 0x14f0 ;                                         /* 0x0000000000708947 */
                                                                                        /* 0x000fea0003800000 */
        /*1330*/                   S2R R13, SR_CgaCtaId ;                               /* 0x00000000000d7919 */
                                                                                        /* 0x000ea20000008800 */
        /*1340*/                   MOV R12, 0x400 ;                                     /* 0x00000400000c7802 */
                                                                                        /* 0x000fca0000000f00 */
        /*1350*/                   IADD R14, R12, 0x1000 ;                              /* 0x000010000c0e7835 */
                                                                                        /* 0x000fca00078e0000 */
        /*1360*/                   LEA R16, R13, R14, 0x18 ;                            /* 0x0000000e0d107211 */
                                                                                        /* 0x004fe400078ec0ff */
        /*1370*/                   LEA R14, R13, R12, 0x18 ;                            /* 0x0000000c0d0e7211 */
                                                                                        /* 0x000fc600078ec0ff */
        /*1380*/                   IMAD R12, R43, 0x1000, R16 ;                         /* 0x000010002b0c7824 */
                                                                                        /* 0x000fe400078e0210 */
        /*1390*/                   IMAD R13, R41.reuse, 0x100, R14 ;                    /* 0x00000100290d7824 */
                                                                                        /* 0x040fe400078e020e */
        /*13a0*/                   IMAD R12, R41, 0x100, R12 ;                          /* 0x00000100290c7824 */
                                                                                        /* 0x000fe400078e020c */
        /*13b0*/                   IMAD R13, R2, 0x10, R13 ;                            /* 0x00000010020d7824 */
                                                                                        /* 0x000fe400078e020d */
        /*13c0*/                   IMAD R16, R3, 0x10, R12 ;                            /* 0x0000001003107824 */
                                                                                        /* 0x000fc800078e020c */
        /*13d0*/                   LDS.128 R12, [R13] ;                                 /* 0x000000000d0c7984 */
                                                                                        /* 0x000fe80000000c00 */
        /*13e0*/                   LDS.128 R16, [R16] ;                                 /* 0x0000000010107984 */
                                                                                        /* 0x000e240000000c00 */
        /*13f0*/                   FFMA.FTZ R7, R12.reuse, R16, R7 ;                    /* 0x000000100c077223 */
                                                                                        /* 0x041fe20000010007 */
        /*1400*/                   FFMA.FTZ R4, R12.reuse, R17, R4 ;                    /* 0x000000110c047223 */
                                                                                        /* 0x040fe20000010004 */
        /*1410*/                   FFMA.FTZ R5, R12.reuse, R18, R5 ;                    /* 0x000000120c057223 */
                                                                                        /* 0x040fe20000010005 */
        /*1420*/                   FFMA.FTZ R28, R12, R19, R28 ;                        /* 0x000000130c1c7223 */
                                                                                        /* 0x000fe2000001001c */
        /*1430*/                   FFMA.FTZ R26, R13.reuse, R16, R26 ;                  /* 0x000000100d1a7223 */
                                                                                        /* 0x040fe2000001001a */
        /*1440*/                   FFMA.FTZ R24, R13.reuse, R17, R24 ;                  /* 0x000000110d187223 */
                                                                                        /* 0x040fe20000010018 */
        /*1450*/                   FFMA.FTZ R25, R13.reuse, R18, R25 ;                  /* 0x000000120d197223 */
                                                                                        /* 0x040fe20000010019 */
        /*1460*/                   FFMA.FTZ R30, R13, R19, R30 ;                        /* 0x000000130d1e7223 */
                                                                                        /* 0x000fe2000001001e */
        /*1470*/                   FFMA.FTZ R27, R14.reuse, R16, R27 ;                  /* 0x000000100e1b7223 */
                                                                                        /* 0x040fe2000001001b */
        /*1480*/                   FFMA.FTZ R32, R14.reuse, R17, R32 ;                  /* 0x000000110e207223 */
                                                                                        /* 0x040fe20000010020 */
        /*1490*/                   FFMA.FTZ R29, R14.reuse, R18, R29 ;                  /* 0x000000120e1d7223 */
                                                                                        /* 0x040fe2000001001d */
        /*14a0*/                   FFMA.FTZ R34, R14, R19, R34 ;                        /* 0x000000130e227223 */
                                                                                        /* 0x000fe20000010022 */
        /*14b0*/                   FFMA.FTZ R36, R15.reuse, R16, R36 ;                  /* 0x000000100f247223 */
                                                                                        /* 0x040fe20000010024 */
        /*14c0*/                   FFMA.FTZ R38, R15.reuse, R17, R38 ;                  /* 0x000000110f267223 */
                                                                                        /* 0x040fe20000010026 */
        /*14d0*/                   FFMA.FTZ R31, R15.reuse, R18, R31 ;                  /* 0x000000120f1f7223 */
                                                                                        /* 0x040fe2000001001f */
        /*14e0*/                   FFMA.FTZ R40, R15, R19, R40 ;                        /* 0x000000130f287223 */
                                                                                        /* 0x000fce0000010028 */
        /*14f0*/                   BAR.SYNC.DEFER_BLOCKING 0x0 ;                        /* 0x0000000000007b1d */
                                                                                        /* 0x000fe20000010000 */
        /*1500*/                   ISETP.NE.U32.AND P0, PT, R20.reuse, UR4, PT ;        /* 0x0000000414007c0c */
                                                                                        /* 0x040fe2000bf05070 */
        /*1510*/                   IADD R20, R20, 0x1 ;                                 /* 0x0000000114147835 */
                                                                                        /* 0x000fd800078e0000 */
        /*1520*/               @P0 BRA 0x610 ;                                          /* 0xfffffff000380947 */
                                                                                        /* 0x000fea000383ffff */
        /*1530*/                   LDCU.64 UR12, c[0x0][0x398] ;                        /* 0x00007300ff0c77ac */
                                                                                        /* 0x000f220008000a00 */
        /*1540*/                   LEA R8, R3, UR10, 0x2 ;                              /* 0x0000000a03087c11 */
                                                                                        /* 0x002fe4000f8e10ff */
        /*1550*/                   LEA R6, R2, UR6, 0x2 ;                               /* 0x0000000602067c11 */
                                                                                        /* 0x000fe2000f8e10ff */
        /*1560*/                   LDCU.64 UR8, c[0x0][0x390] ;                         /* 0x00007200ff0877ac */
                                                                                        /* 0x000e620008000a00 */
        /*1570*/                   SHF.R.S32.HI R9, RZ, 0x1f, R8 ;                      /* 0x0000001fff097819 */
                                                                                        /* 0x005fe20000011408 */
        /*1580*/                   IADD R0, R8, 0x1 ;                                   /* 0x0000000108007835 */
                                                                                        /* 0x000fe400078e0000 */
        /*1590*/                   IADD R18, R6, 0x1 ;                                  /* 0x0000000106127835 */
                                                                                        /* 0x000fe200078e0000 */
        /*15a0*/                   ISETP.GE.AND P1, PT, R8.reuse, UR13, PT ;            /* 0x0000000d08007c0c */
                                                                                        /* 0x050fe2000bf26270 */
        /*15b0*/                   ISETP.GE.AND P0, PT, R8, UR13, PT ;                  /* 0x0000000d08007c0c */
                                                                                        /* 0x000fe2000bf06270 */
        /*15c0*/                   IMAD R12, R6, UR13, RZ ;                             /* 0x0000000d060c7c24 */
                                                                                        /* 0x008fe2000f8e02ff */
        /*15d0*/                   ISETP.GE.AND P3, PT, R0, UR13, PT ;                  /* 0x0000000d00007c0c */
                                                                                        /* 0x000fe2000bf66270 */
        /*15e0*/                   IADD R0, R8, 0x2 ;                                   /* 0x0000000208007835 */
                                                                                        /* 0x000fe200078e0000 */
        /*15f0*/                   ISETP.LT.AND P1, PT, R6, UR12, !P1 ;                 /* 0x0000000c06007c0c */
                                                                                        /* 0x000fe2000cf21270 */
        /*1600*/                   ISETP.GE.OR P6, PT, R18, UR12, P0 ;                  /* 0x0000000c12007c0c */
                                                                                        /* 0x000fe200087c6670 */
        /*1610*/                   SHF.R.S32.HI R13, RZ, 0x1f, R12 ;                    /* 0x0000001fff0d7819 */
                                                                                        /* 0x000fe2000001140c */
        /*1620*/                   ISETP.GE.OR P5, PT, R6, UR12, P3 ;                   /* 0x0000000c06007c0c */
                                                                                        /* 0x000fe20009fa6670 */
        /*1630*/                   ISETP.GE.AND P2, PT, R0, UR13, PT ;                  /* 0x0000000d00007c0c */
                                                                                        /* 0x000fe2000bf46270 */
        /*1640*/                   IADD R0, R8, 0x3 ;                                   /* 0x0000000308007835 */
                                                                                        /* 0x000fc400078e0000 */
        /*1650*/                   IADD.64 R16, R12, R8 ;                               /* 0x000000080c107235 */
                                                                                        /* 0x000fca00078e0200 */
        /*1660*/                   LEA R2, P4, R16, UR8, 0x2 ;                          /* 0x0000000810027c11 */
                                                                                        /* 0x002fe2000f8810ff */
        /*1670*/               @P1 LDC.64 R14, c[0x0][0x390] ;                          /* 0x0000e400ff0e1b82 */
                                                                                        /* 0x000e220000000a00 */
        /*1680*/               @P1 IADD R3, R8, R12 ;                                   /* 0x0000000c08031235 */
                                                                                        /* 0x000fe200078e0000 */
        /*1690*/                   IADD R12, R12, UR13 ;                                /* 0x0000000d0c0c7c35 */
                                                                                        /* 0x000fca000f8e0000 */
        /*16a0*/                   SHF.R.S32.HI R13, RZ, 0x1f, R12 ;                    /* 0x0000001fff0d7819 */
                                                                                        /* 0x000fe2000001140c */
        /*16b0*/              @!P6 LDC.64 R10, c[0x0][0x390] ;                          /* 0x0000e400ff0aeb82 */
                                                                                        /* 0x000e620000000a00 */
        /*16c0*/               @P1 IMAD.WIDE R14, R3, 0x4, R14 ;                        /* 0x00000004030e1825 */
                                                                                        /* 0x001fe200078e020e */
        /*16d0*/                   LEA.HI.X R3, R16, UR9, R17, 0x2, P4 ;                /* 0x0000000910037c11 */
                                                                                        /* 0x000fe2000a0f1411 */
        /*16e0*/                   ISETP.GE.OR P4, PT, R6, UR12, P2 ;                   /* 0x0000000c06007c0c */
                                                                                        /* 0x000fe20009786670 */
        /*16f0*/              @!P6 IADD R17, R8, R12 ;                                  /* 0x0000000c0811e235 */
                                                                                        /* 0x000fe400078e0000 */
        /*1700*/               @P1 STG.E desc[UR16][R14.64], R7 ;                       /* 0x000000070e001986 */
                                                                                        /* 0x0003e2000c101910 */
        /*1710*/                   ISETP.GE.AND P1, PT, R0, UR13, PT ;                  /* 0x0000000d00007c0c */
                                                                                        /* 0x000fe2000bf26270 */
        /*1720*/                   IADD R0, R6.reuse, 0x2 ;                             /* 0x0000000206007835 */
                                                                                        /* 0x040fe400078e0000 */
        /*1730*/              @!P5 STG.E desc[UR16][R2.64+0x4], R4 ;                    /* 0x000004040200d986 */
                                                                                        /* 0x0001e4000c101910 */
        /*1740*/                   ISETP.GE.OR P5, PT, R6, UR12, P1 ;                   /* 0x0000000c06007c0c */
                                                                                        /* 0x000fc80008fa6670 */
        /*1750*/              @!P4 STG.E desc[UR16][R2.64+0x8], R5 ;                    /* 0x000008050200c986 */
                                                                                        /* 0x0005e2000c101910 */
        /*1760*/                   ISETP.GE.OR P4, PT, R0, UR12, P0 ;                   /* 0x0000000c00007c0c */
                                                                                        /* 0x000fe20008786670 */
        /*1770*/              @!P6 IMAD.WIDE R14, R17, 0x4, R10 ;                       /* 0x00000004110ee825 */
                                                                                        /* 0x002fe200078e020a */
        /*1780*/                   IADD.64 R16, R8, R12 ;                               /* 0x0000000c08107235 */
                                                                                        /* 0x000fe400078e0200 */
        /*1790*/                   IADD R10, R6, 0x3 ;                                  /* 0x00000003060a7835 */
                                                                                        /* 0x000fe200078e0000 */
        /*17a0*/                   IADD R12, R12, UR13 ;                                /* 0x0000000d0c0c7c35 */
                                                                                        /* 0x000fc6000f8e0000 */
        /*17b0*/              @!P5 STG.E desc[UR16][R2.64+0xc], R28 ;                   /* 0x00000c1c0200d986 */
                                                                                        /* 0x0003e2000c101910 */
        /*17c0*/                   ISETP.GE.OR P5, PT, R18, UR12, P3 ;                  /* 0x0000000c12007c0c */
                                                                                        /* 0x000fe20009fa6670 */
        /*17d0*/                   ISETP.GE.OR P0, PT, R10, UR12, P0 ;                  /* 0x0000000c0a007c0c */
                                                                                        /* 0x000fe20008706670 */
        /*17e0*/                   SHF.R.S32.HI R13, RZ, 0x1f, R12 ;                    /* 0x0000001fff0d7819 */
                                                                                        /* 0x000fe2000001140c */
        /*17f0*/              @!P6 STG.E desc[UR16][R14.64], R26 ;                      /* 0x0000001a0e00e986 */
                                                                                        /* 0x0007e2000c101910 */
        /*1800*/                   LEA R4, P6, R16, UR8, 0x2 ;                          /* 0x0000000810047c11 */
                                                                                        /* 0x001fe2000f8c10ff */
        /*1810*/              @!P4 LDC.64 R6, c[0x0][0x390] ;                           /* 0x0000e400ff06cb82 */
                                                                                        /* 0x000e220000000a00 */
        /*1820*/              @!P4 IADD R11, R8, R12 ;                                  /* 0x0000000c080bc235 */
                                                                                        /* 0x000fe400078e0000 */
        /*1830*/                   LEA.HI.X R5, R16, UR9, R17, 0x2, P6 ;                /* 0x0000000910057c11 */
                                                                                        /* 0x004fe2000b0f1411 */
        /*1840*/                   ISETP.GE.OR P6, PT, R18, UR12, P2 ;                  /* 0x0000000c12007c0c */
                                                                                        /* 0x000fe200097c6670 */
        /*1850*/                   IADD R16, R12, UR13 ;                                /* 0x0000000d0c107c35 */
                                                                                        /* 0x000fc6000f8e0000 */
        /*1860*/              @!P5 STG.E desc[UR16][R4.64+0x4], R24 ;                   /* 0x000004180400d986 */
                                                                                        /* 0x000fe2000c101910 */
        /*1870*/                   ISETP.GE.OR P5, PT, R18, UR12, P1 ;                  /* 0x0000000c12007c0c */
                                                                                        /* 0x000fe20008fa6670 */
        /*1880*/              @!P0 LDC.64 R2, c[0x0][0x390] ;                           /* 0x0000e400ff028b82 */
                                                                                        /* 0x002e620000000a00 */
        /*1890*/                   IADD.64 R14, R8, R12 ;                               /* 0x0000000c080e7235 */
                                                                                        /* 0x008fc600078e0200 */
        /*18a0*/                   SHF.R.S32.HI R17, RZ, 0x1f, R16 ;                    /* 0x0000001fff117819 */
                                                                                        /* 0x000fc60000011410 */
        /*18b0*/              @!P6 STG.E desc[UR16][R4.64+0x8], R25 ;                   /* 0x000008190400e986 */
                                                                                        /* 0x000fe2000c101910 */
        /*18c0*/                   LEA R12, P6, R14, UR8, 0x2 ;                         /* 0x000000080e0c7c11 */
                                                                                        /* 0x000fc8000f8c10ff */
        /*18d0*/              @!P5 STG.E desc[UR16][R4.64+0xc], R30 ;                   /* 0x00000c1e0400d986 */
                                                                                        /* 0x0005e2000c101910 */
        /*18e0*/                   ISETP.GE.OR P5, PT, R0, UR12, P3 ;                   /* 0x0000000c00007c0c */
                                                                                        /* 0x000fe20009fa6670 */
        /*18f0*/              @!P4 IMAD.WIDE R6, R11, 0x4, R6 ;                         /* 0x000000040b06c825 */
                                                                                        /* 0x001fe200078e0206 */
        /*1900*/                   LEA.HI.X R13, R14, UR9, R15, 0x2, P6 ;               /* 0x000000090e0d7c11 */
                                                                                        /* 0x000fe2000b0f140f */
        /*1910*/                   ISETP.GE.OR P6, PT, R0, UR12, P1 ;                   /* 0x0000000c00007c0c */
                                                                                        /* 0x000fe20008fc6670 */
        /*1920*/              @!P0 IADD R11, R8, R16.reuse ;                            /* 0x00000010080b8235 */
                                                                                        /* 0x080fe400078e0000 */
        /*1930*/              @!P4 STG.E desc[UR16][R6.64], R27 ;                       /* 0x0000001b0600c986 */
                                                                                        /* 0x0001e2000c101910 */
        /*1940*/                   ISETP.GE.OR P4, PT, R0, UR12, P2 ;                   /* 0x0000000c00007c0c */
                                                                                        /* 0x000fe20009786670 */
        /*1950*/                   IADD.64 R8, R8, R16 ;                                /* 0x0000001008087235 */
                                                                                        /* 0x000fe400078e0200 */
        /*1960*/                   ISETP.GE.OR P3, PT, R10.reuse, UR12, P3 ;            /* 0x0000000c0a007c0c */
                                                                                        /* 0x040fe20009f66670 */
        /*1970*/                   ISETP.GE.OR P2, PT, R10.reuse, UR12, P2 ;            /* 0x0000000c0a007c0c */
                                                                                        /* 0x040fe20009746670 */
        /*1980*/                   ISETP.GE.OR P1, PT, R10, UR12, P1 ;                  /* 0x0000000c0a007c0c */
                                                                                        /* 0x000fe20008f26670 */
        /*1990*/              @!P5 STG.E desc[UR16][R12.64+0x4], R32 ;                  /* 0x000004200c00d986 */
                                                                                        /* 0x0001e2000c101910 */
        /*19a0*/                   LEA R4, P5, R8, UR8, 0x2 ;                           /* 0x0000000808047c11 */
                                                                                        /* 0x004fe2000f8a10ff */
        /*19b0*/              @!P0 IMAD.WIDE R2, R11, 0x4, R2 ;                         /* 0x000000040b028825 */
                                                                                        /* 0x002fc400078e0202 */
        /*19c0*/              @!P6 STG.E desc[UR16][R12.64+0xc], R34 ;                  /* 0x00000c220c00e986 */
                                                                                        /* 0x0001e2000c101910 */
        /*19d0*/                   LEA.HI.X R5, R8, UR9, R9, 0x2, P5 ;                  /* 0x0000000908057c11 */
                                                                                        /* 0x000fc6000a8f1409 */
        /*19e0*/              @!P4 STG.E desc[UR16][R12.64+0x8], R29 ;                  /* 0x0000081d0c00c986 */
                                                                                        /* 0x0001e8000c101910 */
        /*19f0*/              @!P0 STG.E desc[UR16][R2.64], R36 ;                       /* 0x0000002402008986 */
                                                                                        /* 0x0001e8000c101910 */
        /*1a00*/              @!P3 STG.E desc[UR16][R4.64+0x4], R38 ;                   /* 0x000004260400b986 */
                                                                                        /* 0x0001e8000c101910 */
        /*1a10*/              @!P2 STG.E desc[UR16][R4.64+0x8], R31 ;                   /* 0x0000081f0400a986 */
                                                                                        /* 0x0001e2000c101910 */
        /*1a20*/               @P1 EXIT ;                                               /* 0x000000000000194d */
                                                                                        /* 0x000fea0003800000 */
        /*1a30*/                   STG.E desc[UR16][R4.64+0xc], R40 ;                   /* 0x00000c2804007986 */
                                                                                        /* 0x000fe2000c101910 */
        /*1a40*/                   EXIT ;                                               /* 0x000000000000794d */
                                                                                        /* 0x000fea0003800000 */
        /*1a50*/                   BRA 0x1a50;                                          /* 0xfffffffc00fc7947 */
                                                                                        /* 0x000fc0000383ffff */
        /*1a60*/                   NOP;                                                 /* 0x0000000000007918 */
                                                                                        /* 0x000fc00000000000 */
        /*1a70*/                   NOP;                                                 /* 0x0000000000007918 */
                                                                                        /* 0x000fc00000000000 */
        /*1a80*/                   NOP;                                                 /* 0x0000000000007918 */
                                                                                        /* 0x000fc00000000000 */
        /*1a90*/                   NOP;                                                 /* 0x0000000000007918 */
                                                                                        /* 0x000fc00000000000 */
        /*1aa0*/                   NOP;                                                 /* 0x0000000000007918 */
                                                                                        /* 0x000fc00000000000 */
        /*1ab0*/                   NOP;                                                 /* 0x0000000000007918 */
                                                                                        /* 0x000fc00000000000 */
        /*1ac0*/                   NOP;                                                 /* 0x0000000000007918 */
                                                                                        /* 0x000fc00000000000 */
        /*1ad0*/                   NOP;                                                 /* 0x0000000000007918 */
                                                                                        /* 0x000fc00000000000 */
        /*1ae0*/                   NOP;                                                 /* 0x0000000000007918 */
                                                                                        /* 0x000fc00000000000 */
        /*1af0*/                   NOP;                                                 /* 0x0000000000007918 */
                                                                                        /* 0x000fc00000000000 */
		..........


		Function : _Z19register_tiled_gemmILb1ELb0EEvPKfS1_PfiiiPK14CUtensorMap_st
	.headerflags	@"EF_CUDA_SM120 EF_CUDA_VIRTUAL_SM(EF_CUDA_SM120)"
        /*0000*/                   LDC R1, c[0x0][0x37c] ;                              /* 0x0000df00ff017b82 */
                                                                                        /* 0x000ff00000000800 */
        /*0010*/                   S2UR UR10, SR_CTAID.X ;                              /* 0x00000000000a79c3 */
                                                                                        /* 0x000e220000002500 */
        /*0020*/                   LDCU UR18, c[0x0][0x3a0] ;                           /* 0x00007400ff1277ac */
                                                                                        /* 0x000e620008000800 */
        /*0030*/                   S2R R3, SR_TID.X ;                                   /* 0x0000000000037919 */
                                                                                        /* 0x000ea20000002100 */
        /*0040*/                   LDCU UR19, c[0x0][0x39c] ;                           /* 0x00007380ff1377ac */
                                                                                        /* 0x000ee20008000800 */
        /*0050*/                   S2R R0, SR_TID.Y ;                                   /* 0x0000000000007919 */
                                                                                        /* 0x000ea80000002200 */
        /*0060*/                   S2UR UR6, SR_CTAID.Y ;                               /* 0x00000000000679c3 */
                                                                                        /* 0x000f220000002600 */
        /*0070*/                   ULOP3.LUT UP0, URZ, UR18, 0xf, URZ, 0xc0, !UPT ;     /* 0x0000000f12ff7892 */
                                                                                        /* 0x002fe2000f80c0ff */
        /*0080*/                   USHF.L.U32 UR10, UR10, 0x6, URZ ;                    /* 0x000000060a0a7899 */
                                                                                        /* 0x001fc800080006ff */
        /*0090*/                   UIADD3 UR4, UPT, UPT, UR10, 0x40, URZ ;              /* 0x000000400a047890 */
                                                                                        /* 0x000fc8000fffe0ff */
        /*00a0*/                   UISETP.LE.AND UP0, UPT, UR4, UR19, !UP0 ;            /* 0x000000130400728c */
                                                                                        /* 0x008fe2000c703270 */
        /*00b0*/                   USHF.L.U32 UR6, UR6, 0x6, URZ ;                      /* 0x0000000606067899 */
                                                                                        /* 0x010fe200080006ff */
        /*00c0*/                   IMAD R22, R0, 0x10, R3 ;                             /* 0x0000001000167824 */
                                                                                        /* 0x004fce00078e0203 */
        /*00d0*/                   BRA.U !UP0, 0x340 ;                                  /* 0x0000000108987547 */
                                                                                        /* 0x000fea000b800000 */
        /*00e0*/                   ISETP.NE.U32.AND P0, PT, R22, RZ, PT ;               /* 0x000000ff1600720c */
                                                                                        /* 0x000fe20003f05070 */
        /*00f0*/                   UMOV UR4, 0x1 ;                                      /* 0x0000000100047882 */
                                                                                        /* 0x000fe20000000000 */
        /*0100*/                   BSSY.RECONVERGENT B0, 0x340 ;                        /* 0x0000023000007945 */
                                                                                        /* 0x000ff60003800200 */
        /*0110*/              @!P0 S2R R5, SR_CgaCtaId ;                                /* 0x0000000000058919 */
                                                                                        /* 0x000e220000008800 */
        /*0120*/              @!P0 MOV R2, 0x400 ;                                      /* 0x0000040000028802 */
                                                                                        /* 0x000fe20000000f00 */
        /*0130*/                   VOTEU.ALL UP1, P0 ;                                  /* 0x0000000000ff7886 */
                                                                                        /* 0x000fe20000020000 */
        /*0140*/                   VOTEU.ALL UP2, P0 ;                                  /* 0x0000000000ff7886 */
                                                                                        /* 0x000fc60000040000 */
        /*0150*/              @!P0 IADD R2, R2, 0x3000 ;                                /* 0x0000300002028835 */
                                                                                        /* 0x000fe200078e0000 */
        /*0160*/                   @!UP1 UIADD3 UR4, UPT, UPT, -UR4, 0x100000, URZ ;    /* 0x0010000004049890 */
                                                                                        /* 0x000fc8000fffe1ff */
        /*0170*/                   @!UP1 USHF.L.U32 UR5, UR4, 0xb, URZ ;                /* 0x0000000b04059899 */
                                                                                        /* 0x000fe200080006ff */
        /*0180*/                   @!UP1 USHF.L.U32 UR4, UR4, 0x1, URZ ;                /* 0x0000000104049899 */
                                                                                        /* 0x000fe200080006ff */
        /*0190*/                   VOTEU.ALL UP1, P0 ;                                  /* 0x0000000000ff7886 */
                                                                                        /* 0x000fe20000020000 */
        /*01a0*/              @!P0 LEA R2, R5, R2, 0x18 ;                               /* 0x0000000205028211 */
                                                                                        /* 0x001fc800078ec0ff */
        /*01b0*/              @!P0 R2UR UR7, R2 ;                                       /* 0x00000000020782ca */
                                                                                        /* 0x000fe200000e0000 */
        /*01c0*/                   FENCE.VIEW.ASYNC.S ;                                 /* 0x00000000000073c6 */
                                                                                        /* 0x000e180000000000 */
        /*01d0*/                   @!UP1 SYNCS.EXCH.64 URZ, [UR7], UR4 ;                /* 0x0000000407ff95b2 */
                                                                                        /* 0x0010620008000100 */
        /*01e0*/                   @!UP2 SYNCS.EXCH.64 URZ, [UR7+0x8], UR4 ;            /* 0x0000080407ffa5b2 */
                                                                                        /* 0x0004640008000100 */
        /*01f0*/                   BAR.SYNC.DEFER_BLOCKING 0x0 ;                        /* 0x0000000000007b1d */
                                                                                        /* 0x002fec0000010000 */
        /*0200*/               @P0 BRA 0x320 ;                                          /* 0x0000000000440947 */
                                                                                        /* 0x000fea0003800000 */
        /*0210*/                   S2UR UR4, SR_CgaCtaId ;                              /* 0x00000000000479c3 */
                                                                                        /* 0x005e220000008800 */
        /*0220*/                   UMOV UR8, 0x400 ;                                    /* 0x0000040000087882 */
                                                                                        /* 0x000fe20000000000 */
        /*0230*/                   HFMA2 R2, -RZ, RZ, 0, 0.00048828125 ;                /* 0x00001000ff027431 */
                                                                                        /* 0x000fe200000001ff */
        /*0240*/                   UIADD3 UR9, UPT, UPT, UR8, 0x3000, URZ ;             /* 0x0000300008097890 */
                                                                                        /* 0x000fe2000fffe0ff */
        /*0250*/                   UIADD3 UR8, UPT, UPT, UR8, 0x1000, URZ ;             /* 0x0000100008087890 */
                                                                                        /* 0x000fe2000fffe0ff */
        /*0260*/                   PLOP3.LUT P0, PT, PT, PT, PT, 0x80, 0x8 ;            /* 0x000000000008781c */
                                                                                        /* 0x000fe20003f0f070 */
        /*0270*/                   LDCU.64 UR14, c[0x0][0x3a8] ;                        /* 0x00007500ff0e77ac */
                                                                                        /* 0x000e620008000a00 */
        /*0280*/                   UMOV UR11, URZ ;                                     /* 0x000000ff000b7c82 */
                                                                                        /* 0x000fe20008000000 */
        /*0290*/                   UMOV UR12, URZ ;                                     /* 0x000000ff000c7c82 */
                                                                                        /* 0x000fe20008000000 */
        /*02a0*/                   ULEA UR9, UR4, UR9, 0x18 ;                           /* 0x0000000904097291 */
                                                                                        /* 0x001fe2000f8ec0ff */
        /*02b0*/                   ULEA UR8, UR4, UR8, 0x18 ;                           /* 0x0000000804087291 */
                                                                                        /* 0x000fd0000f8ec0ff */
        /*02c0*/                   SYNCS.ARRIVE.TRANS64 RZ, [UR9], R2 ;                 /* 0x00000002ffff79a7 */
                                                                                        /* 0x0021e80008000009 */
        /*02d0*/               @P0 ELECT P1, URZ, PT ;                                  /* 0x0000000000ff082f */
                                                                                        /* 0x000fe20003820000 */
        /*02e0*/                   UTMALDG.3D [UR8], [UR14] ;                           /* 0x000000080e0075b4 */
                                                                                        /* 0x0023d80008010000 */
        /*02f0*/               @P1 PLOP3.LUT P0, PT, P1, PT, PT, 0x8, 0x80 ;            /* 0x000000000080181c */
                                                                                        /* 0x000fe40000f0e170 */
        /*0300*/                   PLOP3.LUT P1, PT, PT, PT, PT, 0x8, 0x80 ;            /* 0x000000000080781c */
                                                                                        /* 0x000fd60003f2e170 */
        /*0310*/               @P0 BRA.U.ANY 0x2d0 ;                                    /* 0xfffffffd00ec0947 */
                                                                                        /* 0x001fea000393ffff */
        /*0320*/                   NOP ;                                                /* 0x0000000000007918 */
                                                                                        /* 0x000fe20000000000 */
        /*0330*/                   BSYNC.RECONVERGENT B0 ;                              /* 0x0000000000007941 */
                                                                                        /* 0x007fea0003800200 */
        /*0340*/                   UISETP.GE.AND UP1, UPT, UR18, 0x1, UPT ;             /* 0x000000011200788c */
                                                                                        /* 0x000fe2000bf26270 */
        /*0350*/                   HFMA2 R40, -RZ, RZ, 0, 0 ;                           /* 0x00000000ff287431 */
                                                                                        /* 0x000fe200000001ff */
        /*0360*/                   CS2R R30, SRZ ;                                      /* 0x00000000001e7805 */
                                                                                        /* 0x000fe2000001ff00 */
        /*0370*/                   HFMA2 R36, -RZ, RZ, 0, 0 ;                           /* 0x00000000ff247431 */
                                                                                        /* 0x000fe200000001ff */
        /*0380*/                   MOV R38, RZ ;                                        /* 0x000000ff00267202 */
                                                                                        /* 0x000fe20000000f00 */
        /*0390*/                   HFMA2 R32, -RZ, RZ, 0, 0 ;                           /* 0x00000000ff207431 */
                                                                                        /* 0x000fe200000001ff */
        /*03a0*/                   MOV R34, RZ ;                                        /* 0x000000ff00227202 */
                                                                                        /* 0x000fe20000000f00 */
        /*03b0*/                   HFMA2 R2, -RZ, RZ, 0, 0 ;                            /* 0x00000000ff027431 */
                                                                                        /* 0x000fe200000001ff */
        /*03c0*/                   CS2R R28, SRZ ;                                      /* 0x00000000001c7805 */
                                                                                        /* 0x000fe2000001ff00 */
        /*03d0*/                   CS2R R26, SRZ ;                                      /* 0x00000000001a7805 */
                                                                                        /* 0x000fe2000001ff00 */
        /*03e0*/                   CS2R R24, SRZ ;                                      /* 0x0000000000187805 */
                                                                                        /* 0x000fe2000001ff00 */
        /*03f0*/                   MOV R23, RZ ;                                        /* 0x000000ff00177202 */
                                                                                        /* 0x000fe20000000f00 */
        /*0400*/                   MOV R5, RZ ;                                         /* 0x000000ff00057202 */
                                                                                        /* 0x000fe20000000f00 */
        /*0410*/                   LDCU.64 UR16, c[0x0][0x358] ;                        /* 0x00006b00ff1077ac */
                                                                                        /* 0x000e220008000a00 */
        /*0420*/                   BRA.U !UP1, 0x1540 ;                                 /* 0x0000001109447547 */
                                                                                        /* 0x000fea000b800000 */
        /*0430*/                   S2R R7, SR_CgaCtaId ;                                /* 0x0000000000077919 */
                                                                                        /* 0x000e620000008800 */
        /*0440*/                   MOV R10, 0x400 ;                                     /* 0x00000400000a7802 */
                                                                                        /* 0x000fe20000000f00 */
        /*0450*/                   IMAD.SHL.U32 R11, R3.reuse, 0x4, RZ ;                /* 0x00000004030b7824 */
                                                                                        /* 0x040fe200078e00ff */
        /*0460*/                   SHF.R.U32.HI R9, RZ, 0x4, R22 ;                      /* 0x00000004ff097819 */
                                                                                        /* 0x000fe20000011616 */
        /*0470*/                   IMAD.SHL.U32 R12, R3, 0x10, RZ ;                     /* 0x00000010030c7824 */
                                                                                        /* 0x000fe200078e00ff */
        /*0480*/                   LOP3.LUT R8, R22, 0x7ffc, RZ, 0xc0, !PT ;            /* 0x00007ffc16087812 */
                                                                                        /* 0x000fe200078ec0ff */
        /*0490*/                   UIADD3 UR4, UPT, UPT, UR18, -0x1, URZ ;              /* 0xffffffff12047890 */
                                                                                        /* 0x000fe2000fffe0ff */
        /*04a0*/                   IADD R4, R10, 0x1000 ;                               /* 0x000010000a047835 */
                                                                                        /* 0x000fe200078e0000 */
        /*04b0*/                   LOP3.LUT R6, R11.reuse, 0x3c, RZ, 0xc0, !PT ;        /* 0x0000003c0b067812 */
                                                                                        /* 0x040fe200078ec0ff */
        /*04c0*/                   UMOV UR11, URZ ;                                     /* 0x000000ff000b7c82 */
                                                                                        /* 0x000fe20008000000 */
        /*04d0*/                   LOP3.LUT R14, R12, 0xf0, RZ, 0xc0, !PT ;             /* 0x000000f00c0e7812 */
                                                                                        /* 0x000fe200078ec0ff */
        /*04e0*/                   USHF.R.U32.HI UR4, URZ, 0x4, UR4 ;                   /* 0x00000004ff047899 */
                                                                                        /* 0x000fe20008011604 */
        /*04f0*/                   LEA.HI R20, R22, UR6, RZ, 0x1e ;                     /* 0x0000000616147c11 */
                                                                                        /* 0x000fe2000f8ff0ff */
        /*0500*/                   MOV R40, RZ ;                                        /* 0x000000ff00287202 */
                                                                                        /* 0x000fe20000000f00 */
        /*0510*/                   LOP3.LUT R11, R11, 0xc, RZ, 0xc0, !PT ;              /* 0x0000000c0b0b7812 */
                                                                                        /* 0x000fc600078ec0ff */
        /*0520*/                   IMAD R20, R20, UR18, RZ ;                            /* 0x0000001214147c24 */
                                                                                        /* 0x000fe2000f8e02ff */
        /*0530*/                   LEA R13, R7, R4, 0x18 ;                              /* 0x00000004070d7211 */
                                                                                        /* 0x002fe200078ec0ff */
        /*0540*/                   IMAD.SHL.U32 R4, R3, 0x400, RZ ;                     /* 0x0000040003047824 */
                                                                                        /* 0x000fe200078e00ff */
        /*0550*/                   LEA R10, R7, R10, 0x18 ;                             /* 0x0000000a070a7211 */
                                                                                        /* 0x000fc600078ec0ff */
        /*0560*/                   IMAD R9, R9, 0x100, R13 ;                            /* 0x0000010009097824 */
                                                                                        /* 0x000fe200078e020d */
        /*0570*/                   LOP3.LUT R7, R4, 0xc00, RZ, 0xc0, !PT ;              /* 0x00000c0004077812 */
                                                                                        /* 0x000fe200078ec0ff */
        /*0580*/                   IMAD R21, R0, 0x10, R10 ;                            /* 0x0000001000157824 */
                                                                                        /* 0x000fe200078e020a */
        /*0590*/                   IADD R4, R6, UR10 ;                                  /* 0x0000000a06047c35 */
                                                                                        /* 0x000fe4000f8e0000 */
        /*05a0*/                   IADD3 R6, PT, PT, R8, R10.reuse, R7 ;                /* 0x0000000a08067210 */
                                                                                        /* 0x080fe40007ffe007 */
        /*05b0*/                   IADD3 R7, PT, PT, R7, R10, R8 ;                      /* 0x0000000a07077210 */
                                                                                        /* 0x000fe20007ffe008 */
        /*05c0*/                   IADD R15, R4, 0x2 ;                                  /* 0x00000002040f7835 */
                                                                                        /* 0x000fe200078e0000 */
        /*05d0*/                   IADD3 R8, PT, PT, R12, 0x100, R13 ;                  /* 0x000001000c087810 */
                                                                                        /* 0x000fe20007ffe00d */
        /*05e0*/                   IADD R9, R9, R14 ;                                   /* 0x0000000e09097235 */
                                                                                        /* 0x000fe200078e0000 */
        /*05f0*/                   MOV R10, RZ ;                                        /* 0x000000ff000a7202 */
                                                                                        /* 0x000fc40000000f00 */
        /*0600*/                   ISETP.GE.AND P1, PT, R15, UR19, PT ;                 /* 0x000000130f007c0c */
                                                                                        /* 0x000fe2000bf26270 */
        /*0610*/                   IADD R21, R21, 0x100 ;                               /* 0x0000010015157835 */
                                                                                        /* 0x001fd800078e0000 */
        /*0620*/                   LDC R18, c[0x0][0x3a0] ;                             /* 0x0000e800ff127b82 */
                                                                                        /* 0x001e220000000800 */
        /*0630*/                   LDCU UR7, c[0x0][0x398] ;                            /* 0x00007300ff0777ac */
                                                                                        /* 0x002e620008000800 */
        /*0640*/                   IADD R19, R11, UR11 ;                                /* 0x0000000b0b137c35 */
                                                                                        /* 0x000fe2000f8e0000 */
        /*0650*/                   LEA.HI R16, R22, UR6, RZ, 0x1e ;                     /* 0x0000000616107c11 */
                                                                                        /* 0x004fc8000f8ff0ff */
        /*0660*/                   IADD R13, R19, 0x3 ;                                 /* 0x00000003130d7835 */
                                                                                        /* 0x008fca00078e0000 */
        /*0670*/                   ISETP.GE.AND P0, PT, R13, R18, PT ;                  /* 0x000000120d00720c */
                                                                                        /* 0x001fca0003f06270 */
        /*0680*/                   ISETP.GE.OR P2, PT, R16, UR7, P0 ;                   /* 0x0000000710007c0c */
                                                                                        /* 0x002fda0008746670 */
        /*0690*/              @!P2 LDC.64 R12, c[0x0][0x380] ;                          /* 0x0000e000ff0cab82 */
                                                                                        /* 0x000e220000000a00 */
        /*06a0*/              @!P2 IADD R15, R20, R19 ;                                 /* 0x00000013140fa235 */
                                                                                        /* 0x000fca00078e0000 */
        /*06b0*/              @!P2 IMAD.WIDE.U32 R12, R15, 0x4, R12 ;                   /* 0x000000040f0ca825 */
                                                                                        /* 0x001fcc00078e000c */
        /*06c0*/              @!P2 LDG.E.128.CONSTANT R12, desc[UR16][R12.64] ;         /* 0x000000100c0ca981 */
                                                                                        /* 0x000ea2000c1e9d00 */
        /*06d0*/                   UIADD3 UR5, UPT, UPT, UR11, 0x10, URZ ;              /* 0x000000100b057890 */
                                                                                        /* 0x000fe4000fffe0ff */
        /*06e0*/                   UMOV UR13, UR11 ;                                    /* 0x0000000b000d7c82 */
                                                                                        /* 0x000fe20008000000 */
        /*06f0*/                   BSSY.RECONVERGENT B0, 0x9c0 ;                        /* 0x000002c000007945 */
                                                                                        /* 0x000fe60003800200 */
        /*0700*/                   VIMNMX.S32 R37, R18, UR5, PT ;                       /* 0x0000000512257c48 */
                                                                                        /* 0x000fe2000bfe0100 */
        /*0710*/                   UMOV UR11, UR5 ;                                     /* 0x00000005000b7c82 */
                                                                                        /* 0x000fe20008000000 */
        /*0720*/              @!P2 STS [R6], R12 ;                                      /* 0x0000000c0600a388 */
                                                                                        /* 0x0041e80000000800 */
        /*0730*/              @!P2 STS [R6+0x100], R13 ;                                /* 0x0001000d0600a388 */
                                                                                        /* 0x0001e80000000800 */
        /*0740*/              @!P2 STS [R6+0x200], R14 ;                                /* 0x0002000e0600a388 */
                                                                                        /* 0x0001e80000000800 */
        /*0750*/              @!P2 STS [R6+0x300], R15 ;                                /* 0x0003000f0600a388 */
                                                                                        /* 0x0001e20000000800 */
        /*0760*/              @!P2 BRA 0x9a0 ;                                          /* 0x00000000008ca947 */
                                                                                        /* 0x000fea0003800000 */
        /*0770*/                   ISETP.GE.AND P2, PT, R16, UR7, PT ;                  /* 0x0000000710007c0c */
                                                                                        /* 0x000fda000bf46270 */
        /*0780*/               @P2 BRA 0x960 ;                                          /* 0x0000000000742947 */
                                                                                        /* 0x000fea0003800000 */
        /*0790*/                   ISETP.GE.AND P2, PT, R19.reuse, R18, PT ;            /* 0x000000121300720c */
                                                                                        /* 0x040fe20003f46270 */
        /*07a0*/                   LDCU.64 UR8, c[0x0][0x380] ;                         /* 0x00007000ff0877ac */
                                                                                        /* 0x000e620008000a00 */
        /*07b0*/                   MOV R14, R20 ;                                       /* 0x00000014000e7202 */
                                                                                        /* 0x001fe20000000f00 */
        /*07c0*/                   HFMA2 R15, -RZ, RZ, 0, 0 ;                           /* 0x00000000ff0f7431 */
                                                                                        /* 0x000fe200000001ff */
        /*07d0*/                   MOV R16, R19 ;                                       /* 0x0000001300107202 */
                                                                                        /* 0x000fe20000000f00 */
        /*07e0*/                   HFMA2 R17, -RZ, RZ, 0, 0 ;                           /* 0x00000000ff117431 */
                                                                                        /* 0x000fe200000001ff */
        /*07f0*/                   IADD R33, R19.reuse, 0x1 ;                           /* 0x0000000113217835 */
                                                                                        /* 0x040fe200078e0000 */
        /*0800*/                   IADD R35, R19, 0x2 ;                                 /* 0x0000000213237835 */
                                                                                        /* 0x000fe200078e0000 */
        /*0810*/                   MOV R42, RZ ;                                        /* 0x000000ff002a7202 */
                                                                                        /* 0x000fe20000000f00 */
        /*0820*/                   MOV R44, RZ ;                                        /* 0x000000ff002c7202 */
                                                                                        /* 0x000fe20000000f00 */
        /*0830*/                   IADD.64 R16, R14, R16 ;                              /* 0x000000100e107235 */
                                                                                        /* 0x000fc400078e0200 */
        /*0840*/                   ISETP.GE.AND P3, PT, R33, R18.reuse, PT ;            /* 0x000000122100720c */
                                                                                        /* 0x080fe20003f66270 */
        /*0850*/              @!P2 LDC.64 R12, c[0x0][0x380] ;                          /* 0x0000e000ff0cab82 */
                                                                                        /* 0x000e220000000a00 */
        /*0860*/                   ISETP.GE.AND P4, PT, R35, R18, PT ;                  /* 0x000000122300720c */
                                                                                        /* 0x000fe20003f86270 */
        /*0870*/              @!P2 IADD R19, R20, R19 ;                                 /* 0x000000131413a235 */
                                                                                        /* 0x000fe200078e0000 */
        /*0880*/                   LEA R14, P5, R16, UR8, 0x2 ;                         /* 0x00000008100e7c11 */
                                                                                        /* 0x002fc8000f8a10ff */
        /*0890*/                   LEA.HI.X R15, R16, UR9, R17, 0x2, P5 ;               /* 0x00000009100f7c11 */
                                                                                        /* 0x000fe2000a8f1411 */
        /*08a0*/                   HFMA2 R16, -RZ, RZ, 0, 0 ;                           /* 0x00000000ff107431 */
                                                                                        /* 0x000fe400000001ff */
        /*08b0*/                   HFMA2 R17, -RZ, RZ, 0, 0 ;                           /* 0x00000000ff117431 */
                                                                                        /* 0x000fc800000001ff */
        /*08c0*/              @!P4 LDG.E.CONSTANT R44, desc[UR16][R14.64+0x8] ;         /* 0x000008100e2cc981 */
                                                                                        /* 0x000ea8000c1e9900 */
        /*08d0*/              @!P3 LDG.E.CONSTANT R16, desc[UR16][R14.64+0x4] ;         /* 0x000004100e10b981 */
                                                                                        /* 0x000ee8000c1e9900 */
        /*08e0*/              @!P0 LDG.E.CONSTANT R17, desc[UR16][R14.64+0xc] ;         /* 0x00000c100e118981 */
                                                                                        /* 0x000f22000c1e9900 */
        /*08f0*/              @!P2 IMAD.WIDE.U32 R12, R19, 0x4, R12 ;                   /* 0x00000004130ca825 */
                                                                                        /* 0x001fca00078e000c */
        /*0900*/              @!P2 LDG.E.CONSTANT R42, desc[UR16][R12.64] ;             /* 0x000000100c2aa981 */
                                                                                        /* 0x000f68000c1e9900 */
        /*0910*/                   STS [R7+0x200], R44 ;                                /* 0x0002002c07007388 */
                                                                                        /* 0x0045e80000000800 */
        /*0920*/                   STS [R7+0x100], R16 ;                                /* 0x0001001007007388 */
                                                                                        /* 0x0085e80000000800 */
        /*0930*/                   STS [R7+0x300], R17 ;                                /* 0x0003001107007388 */
                                                                                        /* 0x0105e80000000800 */
        /*0940*/                   STS [R7], R42 ;                                      /* 0x0000002a07007388 */
                                                                                        /* 0x0205e20000000800 */
        /*0950*/                   BRA 0x9a0 ;                                          /* 0x0000000000107947 */
                                                                                        /* 0x000fea0003800000 */
        /*0960*/                   STS [R6], RZ ;                                       /* 0x000000ff06007388 */
                                                                                        /* 0x0003e80000000800 */
        /*0970*/                   STS [R6+0x100], RZ ;                                 /* 0x000100ff06007388 */
                                                                                        /* 0x0003e80000000800 */
        /*0980*/                   STS [R6+0x200], RZ ;                                 /* 0x000200ff06007388 */
                                                                                        /* 0x0003e80000000800 */
        /*0990*/                   STS [R6+0x300], RZ ;                                 /* 0x000300ff06007388 */
                                                                                        /* 0x0003e40000000800 */
        /*09a0*/                   NOP ;                                                /* 0x0000000000007918 */
                                                                                        /* 0x000fe20000000000 */
        /*09b0*/                   BSYNC.RECONVERGENT B0 ;                              /* 0x0000000000007941 */
                                                                                        /* 0x000fea0003800200 */
        /*09c0*/                   BRA.U !UP0, 0xc70 ;                                  /* 0x0000000108a87547 */
                                                                                        /* 0x000fea000b800000 */
        /*09d0*/                   ISETP.LE.AND P0, PT, R18, UR11, PT ;                 /* 0x0000000b12007c0c */
                                                                                        /* 0x000fe2000bf03270 */
        /*09e0*/                   BSSY.RECONVERGENT B0, 0xbc0 ;                        /* 0x000001d000007945 */
                                                                                        /* 0x000fe20003800200 */
        /*09f0*/                   LOP3.LUT R43, R10, 0x1, RZ, 0xc0, !PT ;              /* 0x000000010a2b7812 */
                                                                                        /* 0x000fc600078ec0ff */
        /*0a00*/                   ISETP.NE.U32.OR P0, PT, R22, RZ, P0 ;                /* 0x000000ff1600720c */
                                                                                        /* 0x000fda0000705470 */
        /*0a10*/               @P0 BRA 0xba0 ;                                          /* 0x0000000000600947 */
                                                                                        /* 0x000fea0003800000 */
        /*0a20*/                   S2UR UR9, SR_CgaCtaId ;                              /* 0x00000000000979c3 */
                                                                                        /* 0x000ee20000008800 */
        /*0a30*/                   R2UR UR14, R43 ;                                     /* 0x000000002b0e72ca */
                                                                                        /* 0x000fe200000e0000 */
        /*0a40*/                   UMOV UR8, 0x400 ;                                    /* 0x0000040000087882 */
                                                                                        /* 0x000fe20000000000 */
        /*0a50*/                   MOV R12, 0x1000 ;                                    /* 0x00001000000c7802 */
                                                                                        /* 0x001fe20000000f00 */
        /*0a60*/                   UIADD3 UR7, UPT, UPT, UR8, 0x3000, URZ ;             /* 0x0000300008077890 */
                                                                                        /* 0x000fe2000fffe0ff */
        /*0a70*/                   UIADD3 UR8, UPT, UPT, UR8, 0x1000, URZ ;             /* 0x0000100008087890 */
                                                                                        /* 0x000fe2000fffe0ff */
        /*0a80*/                   PLOP3.LUT P0, PT, PT, PT, PT, 0x80, 0x8 ;            /* 0x000000000008781c */
                                                                                        /* 0x000fd00003f0f070 */
        /*0a90*/                   USHF.L.U32 UR5, UR14, 0x3, URZ ;                     /* 0x000000030e057899 */
                                                                                        /* 0x000fc800080006ff */
        /*0aa0*/                   ULOP3.LUT UR5, UR5, 0x8, URZ, 0x3c, !UPT ;           /* 0x0000000805057892 */
                                                                                        /* 0x000fe2000f8e3cff */
        /*0ab0*/                   ULEA UR12, UR9, UR7, 0x18 ;                          /* 0x00000007090c7291 */
                                                                                        /* 0x008fe2000f8ec0ff */
        /*0ac0*/                   USHF.L.U32 UR7, UR14, 0xc, URZ ;                     /* 0x0000000c0e077899 */
                                                                                        /* 0x000fc800080006ff */
        /*0ad0*/                   MOV R13, UR5 ;                                       /* 0x00000005000d7c02 */
                                                                                        /* 0x000fe20008000f00 */
        /*0ae0*/                   ULEA UR8, UR9, UR8, 0x18 ;                           /* 0x0000000809087291 */
                                                                                        /* 0x000fe2000f8ec0ff */
        /*0af0*/                   UIADD3 UR9, UPT, UPT, UR12, UR5, URZ ;               /* 0x000000050c097290 */
                                                                                        /* 0x000fe2000fffe0ff */
        /*0b00*/                   ULOP3.LUT UR7, UR7, 0x1000, URZ, 0x3c, !UPT ;        /* 0x0000100007077892 */
                                                                                        /* 0x000fe2000f8e3cff */
        /*0b10*/                   LDCU.64 UR14, c[0x0][0x3a8] ;                        /* 0x00007500ff0e77ac */
                                                                                        /* 0x000e220008000a00 */
        /*0b20*/                   SYNCS.ARRIVE.TRANS64 RZ, [R13+UR12], R12 ;           /* 0x0000000c0dff79a7 */
                                                                                        /* 0x0007e4000800000c */
        /*0b30*/                   UIADD3 UR8, UPT, UPT, UR8, UR7, URZ ;                /* 0x0000000708087290 */
                                                                                        /* 0x000fe2000fffe0ff */
        /*0b40*/                   UMOV UR12, URZ ;                                     /* 0x000000ff000c7c82 */
                                                                                        /* 0x006fd60008000000 */
        /*0b50*/               @P0 ELECT P2, URZ, PT ;                                  /* 0x0000000000ff082f */
                                                                                        /* 0x000fe20003840000 */
        /*0b60*/                   UTMALDG.3D [UR8], [UR14] ;                           /* 0x000000080e0075b4 */
                                                                                        /* 0x0119d80008010000 */
        /*0b70*/               @P2 PLOP3.LUT P0, PT, P2, PT, PT, 0x8, 0x80 ;            /* 0x000000000080281c */
                                                                                        /* 0x000fe4000170e170 */
        /*0b80*/                   PLOP3.LUT P2, PT, PT, PT, PT, 0x8, 0x80 ;            /* 0x000000000080781c */
                                                                                        /* 0x000fd60003f4e170 */
        /*0b90*/               @P0 BRA.U.ANY 0xb50 ;                                    /* 0xfffffffd00ec0947 */
                                                                                        /* 0x008fea000393ffff */
        /*0ba0*/                   NOP ;                                                /* 0x0000000000007918 */
                                                                                        /* 0x000fe20000000000 */
        /*0bb0*/                   BSYNC.RECONVERGENT B0 ;                              /* 0x0000000000007941 */
                                                                                        /* 0x010fea0003800200 */
        /*0bc0*/                   S2UR UR7, SR_CgaCtaId ;                              /* 0x00000000000779c3 */
                                                                                        /* 0x000f220000008800 */
        /*0bd0*/                   UMOV UR5, 0x400 ;                                    /* 0x0000040000057882 */
                                                                                        /* 0x000fe20000000000 */
        /*0be0*/                   SHF.R.U32.HI R12, RZ, 0x1, R10 ;                     /* 0x00000001ff0c7819 */
                                                                                        /* 0x009fe2000001160a */
        /*0bf0*/                   UIADD3 UR5, UPT, UPT, UR5, 0x3000, URZ ;             /* 0x0000300005057890 */
                                                                                        /* 0x000fc6000fffe0ff */
        /*0c00*/                   LOP3.LUT R12, R12, 0x1, RZ, 0xc0, !PT ;              /* 0x000000010c0c7812 */
                                                                                        /* 0x000fc800078ec0ff */
        /*0c10*/                   SHF.L.U32 R12, R12, 0x1f, RZ ;                       /* 0x0000001f0c0c7819 */
                                                                                        /* 0x000fe200000006ff */
        /*0c20*/                   ULEA UR5, UR7, UR5, 0x18 ;                           /* 0x0000000507057291 */
                                                                                        /* 0x010fcc000f8ec0ff */
        /*0c30*/                   LEA R13, R43, UR5, 0x3 ;                             /* 0x000000052b0d7c11 */
                                                                                        /* 0x000fce000f8e18ff */
        /*0c40*/                   SYNCS.PHASECHK.TRANS64.TRYWAIT P0, [R13+URZ], R12 ;  /* 0x0000000c0d0075a7 */
                                                                                        /* 0x000e2400080011ff */
        /*0c50*/              @!P0 BRA 0xc40 ;                                          /* 0xfffffffc00f88947 */
                                                                                        /* 0x007fea000383ffff */
        /*0c60*/                   BRA 0xfa0 ;                                          /* 0x0000000000cc7947 */
                                                                                        /* 0x000fea0003800000 */
        /*0c70*/                   LDCU UR5, c[0x0][0x39c] ;                            /* 0x00007380ff0577ac */
                                                                                        /* 0x000ee20008000800 */
        /*0c80*/                   SHF.R.U32.HI R13, RZ, 0x4, R22 ;                     /* 0x00000004ff0d7819 */
                                                                                        /* 0x001fe20000011616 */
        /*0c90*/                   BSSY.RECONVERGENT B0, 0xfa0 ;                        /* 0x0000030000007945 */
                                                                                        /* 0x000fe20003800200 */
        /*0ca0*/                   IADD R12, R4, 0x3 ;                                  /* 0x00000003040c7835 */
                                                                                        /* 0x000fc600078e0000 */
        /*0cb0*/                   IADD R13, R13, UR13 ;                                /* 0x0000000d0d0d7c35 */
                                                                                        /* 0x000fca000f8e0000 */
        /*0cc0*/                   ISETP.GE.AND P3, PT, R13, R18, PT ;                  /* 0x000000120d00720c */
                                                                                        /* 0x000fe20003f66270 */
        /*0cd0*/                   ISETP.GE.AND P0, PT, R12, UR5, PT ;                  /* 0x000000050c007c0c */
                                                                                        /* 0x008fca000bf06270 */
        /*0ce0*/                   ISETP.GE.OR P2, PT, R13, R18, P0 ;                   /* 0x000000120d00720c */
                                                                                        /* 0x000fda0000746670 */
        /*0cf0*/               @P2 BRA 0xda0 ;                                          /* 0x0000000000282947 */
                                                                                        /* 0x000fea0003800000 */
        /*0d00*/                   LDC.64 R16, c[0x0][0x388] ;                          /* 0x0000e200ff107b82 */
                                                                                        /* 0x004e220000000a00 */
        /*0d10*/                   IMAD R13, R13, UR5, R4 ;                             /* 0x000000050d0d7c24 */
                                                                                        /* 0x000fc8000f8e0204 */
        /*0d20*/                   IMAD.WIDE R16, R13, 0x4, R16 ;                       /* 0x000000040d107825 */
                                                                                        /* 0x001fca00078e0210 */
        /*0d30*/                   LDG.E.CONSTANT R12, desc[UR16][R16.64] ;             /* 0x00000010100c7981 */
                                                                                        /* 0x000ea8000c1e9900 */
        /*0d40*/                   LDG.E.CONSTANT R13, desc[UR16][R16.64+0x4] ;         /* 0x00000410100d7981 */
                                                                                        /* 0x000ea8000c1e9900 */
        /*0d50*/                   LDG.E.CONSTANT R14, desc[UR16][R16.64+0x8] ;         /* 0x00000810100e7981 */
                                                                                        /* 0x000ea8000c1e9900 */
        /*0d60*/                   LDG.E.CONSTANT R15, desc[UR16][R16.64+0xc] ;         /* 0x00000c10100f7981 */
                                                                                        /* 0x000ea2000c1e9900 */
        /*0d70*/                   HFMA2 R43, -RZ, RZ, 0, 0 ;                           /* 0x00000000ff2b7431 */
                                                                                        /* 0x000fc600000001ff */
        /*0d80*/                   STS.128 [R9], R12 ;                                  /* 0x0000000c09007388 */
                                                                                        /* 0x0047e20000000c00 */
        /*0d90*/                   BRA 0xf80 ;                                          /* 0x0000000000787947 */
                                                                                        /* 0x000fea0003800000 */
        /*0da0*/               @P3 BRA 0xf60 ;                                          /* 0x00000000006c3947 */
                                                                                        /* 0x000fea0003800000 */
        /*0db0*/                   ISETP.GE.AND P2, PT, R4.reuse, UR5, PT ;             /* 0x0000000504007c0c */
                                                                                        /* 0x040fe2000bf46270 */
        /*0dc0*/                   LDCU.64 UR8, c[0x0][0x388] ;                         /* 0x00007100ff0877ac */
                                                                                        /* 0x000e220008000a00 */
        /*0dd0*/                   IMAD R16, R13, UR5, RZ ;                             /* 0x000000050d107c24 */
                                                                                        /* 0x004fe2000f8e02ff */
        /*0de0*/                   MOV R12, R4 ;                                        /* 0x00000004000c7202 */
                                                                                        /* 0x000fe20000000f00 */
        /*0df0*/                   HFMA2 R13, -RZ, RZ, 0, 0 ;                           /* 0x00000000ff0d7431 */
                                                                                        /* 0x000fe200000001ff */
        /*0e00*/                   IADD R19, R4, 0x1 ;                                  /* 0x0000000104137835 */
                                                                                        /* 0x000fe200078e0000 */
        /*0e10*/                   CS2R R42, SRZ ;                                      /* 0x00000000002a7805 */
                                                                                        /* 0x000fe2000001ff00 */
        /*0e20*/                   SHF.R.S32.HI R17, RZ, 0x1f, R16 ;                    /* 0x0000001fff117819 */
                                                                                        /* 0x000fe20000011410 */
        /*0e30*/                   HFMA2 R44, -RZ, RZ, 0, 0 ;                           /* 0x00000000ff2c7431 */
                                                                                        /* 0x000fe400000001ff */
        /*0e40*/                   ISETP.GE.AND P3, PT, R19, UR5, PT ;                  /* 0x0000000513007c0c */
                                                                                        /* 0x000fc4000bf66270 */
        /*0e50*/                   IADD.64 R12, R12, R16 ;                              /* 0x000000100c0c7235 */
                                                                                        /* 0x000fe400078e0200 */
        /*0e60*/              @!P2 LDC.64 R14, c[0x0][0x388] ;                          /* 0x0000e200ff0eab82 */
                                                                                        /* 0x000ea20000000a00 */
        /*0e70*/              @!P2 IADD R17, R4, R16 ;                                  /* 0x000000100411a235 */
                                                                                        /* 0x000fe400078e0000 */
        /*0e80*/                   LEA R16, P4, R12, UR8, 0x2 ;                         /* 0x000000080c107c11 */
                                                                                        /* 0x001fc6000f8810ff */
        /*0e90*/              @!P2 IMAD.WIDE R14, R17, 0x4, R14 ;                       /* 0x00000004110ea825 */
                                                                                        /* 0x004fe200078e020e */
        /*0ea0*/                   LEA.HI.X R17, R12, UR9, R13, 0x2, P4 ;               /* 0x000000090c117c11 */
                                                                                        /* 0x000fe2000a0f140d */
        /*0eb0*/                   MOV R12, RZ ;                                        /* 0x000000ff000c7202 */
                                                                                        /* 0x000fe20000000f00 */
        /*0ec0*/                   MOV R13, RZ ;                                        /* 0x000000ff000d7202 */
                                                                                        /* 0x000fe40000000f00 */
        /*0ed0*/              @!P2 LDG.E.CONSTANT R42, desc[UR16][R14.64] ;             /* 0x000000100e2aa981 */
                                                                                        /* 0x000ea8000c1e9900 */
        /*0ee0*/              @!P3 LDG.E.CONSTANT R12, desc[UR16][R16.64+0x4] ;         /* 0x00000410100cb981 */
                                                                                        /* 0x000ee8000c1e9900 */
        /*0ef0*/              @!P1 LDG.E.CONSTANT R44, desc[UR16][R16.64+0x8] ;         /* 0x00000810102c9981 */
                                                                                        /* 0x000f28000c1e9900 */
        /*0f00*/              @!P0 LDG.E.CONSTANT R13, desc[UR16][R16.64+0xc] ;         /* 0x00000c10100d8981 */
                                                                                        /* 0x000f68000c1e9900 */
        /*0f10*/                   STS [R9], R42 ;                                      /* 0x0000002a09007388 */
                                                                                        /* 0x0041e80000000800 */
        /*0f20*/                   STS [R9+0x4], R12 ;                                  /* 0x0000040c09007388 */
                                                                                        /* 0x0081e80000000800 */
        /*0f30*/                   STS [R9+0x8], R44 ;                                  /* 0x0000082c09007388 */
                                                                                        /* 0x0101e80000000800 */
        /*0f40*/                   STS [R9+0xc], R13 ;                                  /* 0x00000c0d09007388 */
                                                                                        /* 0x0201e20000000800 */
        /*0f50*/                   BRA 0xf80 ;                                          /* 0x0000000000087947 */
                                                                                        /* 0x000fea0003800000 */
        /*0f60*/                   STS.128 [R9], RZ ;                                   /* 0x000000ff09007388 */
                                                                                        /* 0x0001e20000000c00 */
        /*0f70*/                   HFMA2 R43, -RZ, RZ, 0, 0 ;                           /* 0x00000000ff2b7431 */
                                                                                        /* 0x000fce00000001ff */
        /*0f80*/                   NOP ;                                                /* 0x0000000000007918 */
                                                                                        /* 0x000fe20000000000 */
        /*0f90*/                   BSYNC.RECONVERGENT B0 ;                              /* 0x0000000000007941 */
                                                                                        /* 0x000fea0003800200 */
        /*0fa0*/                   BAR.SYNC.DEFER_BLOCKING 0x0 ;                        /* 0x0000000000007b1d */
                                                                                        /* 0x000fe20000010000 */
        /*0fb0*/                   ISETP.LE.AND P0, PT, R18, UR13, PT ;                 /* 0x0000000d12007c0c */
                                                                                        /* 0x000fda000bf03270 */
        /*0fc0*/               @P0 BRA 0x1500 ;                                         /* 0x00000004004c0947 */
                                                                                        /* 0x000fea0003800000 */
        /*0fd0*/                   IMAD.SHL.U32 R14, R10, 0x10, RZ ;                    /* 0x000000100a0e7824 */
                                                                                        /* 0x008fe200078e00ff */
        /*0fe0*/                   MOV R41, RZ ;                                        /* 0x000000ff00297202 */
                                                                                        /* 0x000fc80000000f00 */
        /*0ff0*/                   IADD R12, R14, 0x1 ;                                 /* 0x000000010e0c7835 */
                                                                                        /* 0x001fca00078e0000 */
        /*1000*/                   ISETP.NE.U32.AND P0, PT, R37, R12, PT ;              /* 0x0000000c2500720c */
                                                                                        /* 0x000fda0003f05070 */
        /*1010*/              @!P0 BRA 0x1340 ;                                         /* 0x0000000000c88947 */
                                                                                        /* 0x000fea0003800000 */
        /*1020*/                   LOP3.LUT R33, R37, 0x1, RZ, 0xc0, !PT ;              /* 0x0000000125217812 */
                                                                                        /* 0x000fe200078ec0ff */
        /*1030*/                   HFMA2 R41, -RZ, RZ, 0, 0 ;                           /* 0x00000000ff297431 */
                                                                                        /* 0x000fe400000001ff */
        /*1040*/                   IMAD R39, R43, 0x1000, R8 ;                          /* 0x000010002b277824 */
                                                                                        /* 0x000fe200078e0208 */
        /*1050*/                   MOV R35, R21 ;                                       /* 0x0000001500237202 */
                                                                                        /* 0x000fe20000000f00 */
        /*1060*/                   LOP3.LUT R12, R14, R33, RZ, 0xfc, !PT ;              /* 0x000000210e0c7212 */
                                                                                        /* 0x000fca00078efcff */
        /*1070*/                   IADD R37, -R37, R12 ;                                /* 0x0000000c25257235 */
                                                                                        /* 0x006fce00078e0100 */
        /*1080*/                   LDS.128 R12, [R35+-0x100] ;                          /* 0xffff0000230c7984 */
                                                                                        /* 0x000fe20000000c00 */
        /*1090*/                   IADD R37, R37, 0x2 ;                                 /* 0x0000000225257835 */
                                                                                        /* 0x000fe200078e0000 */
        /*10a0*/                   IADD R41, R41, 0x2 ;                                 /* 0x0000000229297835 */
                                                                                        /* 0x000fe400078e0000 */
        /*10b0*/                   LDS.128 R16, [R39+-0x100] ;                          /* 0xffff000027107984 */
                                                                                        /* 0x000e240000000c00 */
        /*10c0*/                   ISETP.NE.U32.AND P0, PT, R37, RZ, PT ;               /* 0x000000ff2500720c */
                                                                                        /* 0x000fe20003f05070 */
        /*10d0*/                   FFMA.FTZ R5, R12.reuse, R16, R5 ;                    /* 0x000000100c057223 */
                                                                                        /* 0x041fe20000010005 */
        /*10e0*/                   FFMA.FTZ R2, R12.reuse, R17, R2 ;                    /* 0x000000110c027223 */
                                                                                        /* 0x040fe20000010002 */
        /*10f0*/                   FFMA.FTZ R23, R12.reuse, R18, R23 ;                  /* 0x000000120c177223 */
                                                                                        /* 0x040fe20000010017 */
        /*1100*/                   FFMA.FTZ R24, R12, R19, R24 ;                        /* 0x000000130c187223 */
                                                                                        /* 0x000fe20000010018 */
        /*1110*/                   FFMA.FTZ R26, R13.reuse, R16, R26 ;                  /* 0x000000100d1a7223 */
                                                                                        /* 0x040fe2000001001a */
        /*1120*/                   FFMA.FTZ R28, R13.reuse, R17, R28 ;                  /* 0x000000110d1c7223 */
                                                                                        /* 0x040fe2000001001c */
        /*1130*/                   FFMA.FTZ R25, R13.reuse, R18, R25 ;                  /* 0x000000120d197223 */
                                                                                        /* 0x040fe20000010019 */
        /*1140*/                   FFMA.FTZ R30, R13, R19, R30 ;                        /* 0x000000130d1e7223 */
                                                                                        /* 0x000fe2000001001e */
        /*1150*/                   FFMA.FTZ R27, R14.reuse, R16, R27 ;                  /* 0x000000100e1b7223 */
                                                                                        /* 0x040fe2000001001b */
        /*1160*/                   FFMA.FTZ R32, R14.reuse, R17, R32 ;                  /* 0x000000110e207223 */
                                                                                        /* 0x040fe20000010020 */
        /*1170*/                   FFMA.FTZ R29, R14.reuse, R18, R29 ;                  /* 0x000000120e1d7223 */
                                                                                        /* 0x040fe2000001001d */
        /*1180*/                   FFMA.FTZ R34, R14, R19, R34 ;                        /* 0x000000130e227223 */
                                                                                        /* 0x000fe20000010022 */
        /*1190*/                   FFMA.FTZ R36, R15.reuse, R16, R36 ;                  /* 0x000000100f247223 */
                                                                                        /* 0x040fe20000010024 */
        /*11a0*/                   FFMA.FTZ R38, R15.reuse, R17, R38 ;                  /* 0x000000110f267223 */
                                                                                        /* 0x040fe20000010026 */
        /*11b0*/                   FFMA.FTZ R31, R15.reuse, R18, R31 ;                  /* 0x000000120f1f7223 */
                                                                                        /* 0x040fe2000001001f */
        /*11c0*/                   FFMA.FTZ R40, R15, R19, R40 ;                        /* 0x000000130f287223 */
                                                                                        /* 0x000fc40000010028 */
        /*11d0*/                   LDS.128 R12, [R35] ;                                 /* 0x00000000230c7984 */
                                                                                        /* 0x0001e80000000c00 */
        /*11e0*/                   LDS.128 R16, [R39] ;                                 /* 0x0000000027107984 */
                                                                                        /* 0x0002a20000000c00 */
        /*11f0*/                   IADD R35, R35, 0x200 ;                               /* 0x0000020023237835 */
                                                                                        /* 0x001fe200078e0000 */
        /*1200*/                   IADD R39, R39, 0x200 ;                               /* 0x0000020027277835 */
                                                                                        /* 0x002fe200078e0000 */
        /*1210*/                   FFMA.FTZ R5, R12.reuse, R16, R5 ;                    /* 0x000000100c057223 */
                                                                                        /* 0x044fe20000010005 */
        /*1220*/                   FFMA.FTZ R2, R12.reuse, R17, R2 ;                    /* 0x000000110c027223 */
                                                                                        /* 0x040fe20000010002 */
        /*1230*/                   FFMA.FTZ R23, R12.reuse, R18, R23 ;                  /* 0x000000120c177223 */
                                                                                        /* 0x040fe20000010017 */
        /*1240*/                   FFMA.FTZ R24, R12, R19, R24 ;                        /* 0x000000130c187223 */
                                                                                        /* 0x000fe20000010018 */
        /*1250*/                   FFMA.FTZ R26, R13.reuse, R16, R26 ;                  /* 0x000000100d1a7223 */
                                                                                        /* 0x040fe2000001001a */
        /*1260*/                   FFMA.FTZ R28, R13.reuse, R17, R28 ;                  /* 0x000000110d1c7223 */
                                                                                        /* 0x040fe2000001001c */
        /*1270*/                   FFMA.FTZ R25, R13.reuse, R18, R25 ;                  /* 0x000000120d197223 */
                                                                                        /* 0x040fe20000010019 */
        /*1280*/                   FFMA.FTZ R30, R13, R19, R30 ;                        /* 0x000000130d1e7223 */
                                                                                        /* 0x000fe2000001001e */
        /*1290*/                   FFMA.FTZ R27, R14.reuse, R16, R27 ;                  /* 0x000000100e1b7223 */
                                                                                        /* 0x040fe2000001001b */
        /*12a0*/                   FFMA.FTZ R32, R14.reuse, R17, R32 ;                  /* 0x000000110e207223 */
                                                                                        /* 0x040fe20000010020 */
        /*12b0*/                   FFMA.FTZ R29, R14.reuse, R18, R29 ;                  /* 0x000000120e1d7223 */
                                                                                        /* 0x040fe2000001001d */
        /*12c0*/                   FFMA.FTZ R34, R14, R19, R34 ;                        /* 0x000000130e227223 */
                                                                                        /* 0x000fe20000010022 */
        /*12d0*/                   FFMA.FTZ R36, R15.reuse, R16, R36 ;                  /* 0x000000100f247223 */
                                                                                        /* 0x040fe20000010024 */
        /*12e0*/                   FFMA.FTZ R38, R15.reuse, R17, R38 ;                  /* 0x000000110f267223 */
                                                                                        /* 0x040fe20000010026 */
        /*12f0*/                   FFMA.FTZ R31, R15.reuse, R18, R31 ;                  /* 0x000000120f1f7223 */
                                                                                        /* 0x040fe2000001001f */
        /*1300*/                   FFMA.FTZ R40, R15, R19, R40 ;                        /* 0x000000130f287223 */
                                                                                        /* 0x000fe20000010028 */
        /*1310*/               @P0 BRA 0x1080 ;                                         /* 0xfffffffc00580947 */
                                                                                        /* 0x000fec000383ffff */
        /*1320*/                   ISETP.NE.U32.AND P0, PT, R33, RZ, PT ;               /* 0x000000ff2100720c */
                                                                                        /* 0x000fda0003f05070 */
        /*1330*/              @!P0 BRA 0x1500 ;                                         /* 0x0000000000708947 */
                                                                                        /* 0x000fea0003800000 */
        /*1340*/                   S2R R13, SR_CgaCtaId ;                               /* 0x00000000000d7919 */
                                                                                        /* 0x000ea20000008800 */
        /*1350*/                   MOV R12, 0x400 ;                                     /* 0x00000400000c7802 */
                                                                                        /* 0x000fca0000000f00 */
        /*1360*/                   IADD R14, R12, 0x1000 ;                              /* 0x000010000c0e7835 */
                                                                                        /* 0x000fca00078e0000 */
        /*1370*/                   LEA R16, R13, R14, 0x18 ;                            /* 0x0000000e0d107211 */
                                                                                        /* 0x004fe400078ec0ff */
        /*1380*/                   LEA R14, R13, R12, 0x18 ;                            /* 0x0000000c0d0e7211 */
                                                                                        /* 0x000fc600078ec0ff */
        /*1390*/                   IMAD R12, R43, 0x1000, R16 ;                         /* 0x000010002b0c7824 */
                                                                                        /* 0x000fe400078e0210 */
        /*13a0*/                   IMAD R13, R41.reuse, 0x100, R14 ;                    /* 0x00000100290d7824 */
                                                                                        /* 0x040fe400078e020e */
        /*13b0*/                   IMAD R12, R41, 0x100, R12 ;                          /* 0x00000100290c7824 */
                                                                                        /* 0x000fe400078e020c */
        /*13c0*/                   IMAD R13, R0, 0x10, R13 ;                            /* 0x00000010000d7824 */
                                                                                        /* 0x000fe400078e020d */
        /*13d0*/                   IMAD R16, R3, 0x10, R12 ;                            /* 0x0000001003107824 */
                                                                                        /* 0x000fc800078e020c */
        /*13e0*/                   LDS.128 R12, [R13] ;                                 /* 0x000000000d0c7984 */
                                                                                        /* 0x000fe80000000c00 */
        /*13f0*/                   LDS.128 R16, [R16] ;                                 /* 0x0000000010107984 */
                                                                                        /* 0x000e240000000c00 */
        /*1400*/                   FFMA.FTZ R5, R12.reuse, R16, R5 ;                    /* 0x000000100c057223 */
                                                                                        /* 0x041fe20000010005 */
        /*1410*/                   FFMA.FTZ R2, R12.reuse, R17, R2 ;                    /* 0x000000110c027223 */
                                                                                        /* 0x040fe20000010002 */
        /*1420*/                   FFMA.FTZ R23, R12.reuse, R18, R23 ;                  /* 0x000000120c177223 */
                                                                                        /* 0x040fe20000010017 */
        /*1430*/                   FFMA.FTZ R24, R12, R19, R24 ;                        /* 0x000000130c187223 */
                                                                                        /* 0x000fe20000010018 */
        /*1440*/                   FFMA.FTZ R26, R13.reuse, R16, R26 ;                  /* 0x000000100d1a7223 */
                                                                                        /* 0x040fe2000001001a */
        /*1450*/                   FFMA.FTZ R28, R13.reuse, R17, R28 ;                  /* 0x000000110d1c7223 */
                                                                                        /* 0x040fe2000001001c */
        /*1460*/                   FFMA.FTZ R25, R13.reuse, R18, R25 ;                  /* 0x000000120d197223 */
                                                                                        /* 0x040fe20000010019 */
        /*1470*/                   FFMA.FTZ R30, R13, R19, R30 ;                        /* 0x000000130d1e7223 */
                                                                                        /* 0x000fe2000001001e */
        /*1480*/                   FFMA.FTZ R27, R14.reuse, R16, R27 ;                  /* 0x000000100e1b7223 */
                                                                                        /* 0x040fe2000001001b */
        /*1490*/                   FFMA.FTZ R32, R14.reuse, R17, R32 ;                  /* 0x000000110e207223 */
                                                                                        /* 0x040fe20000010020 */
        /*14a0*/                   FFMA.FTZ R29, R14.reuse, R18, R29 ;                  /* 0x000000120e1d7223 */
                                                                                        /* 0x040fe2000001001d */
        /*14b0*/                   FFMA.FTZ R34, R14, R19, R34 ;                        /* 0x000000130e227223 */
                                                                                        /* 0x000fe20000010022 */
        /*14c0*/                   FFMA.FTZ R36, R15.reuse, R16, R36 ;                  /* 0x000000100f247223 */
                                                                                        /* 0x040fe20000010024 */
        /*14d0*/                   FFMA.FTZ R38, R15.reuse, R17, R38 ;                  /* 0x000000110f267223 */
                                                                                        /* 0x040fe20000010026 */
        /*14e0*/                   FFMA.FTZ R31, R15.reuse, R18, R31 ;                  /* 0x000000120f1f7223 */
                                                                                        /* 0x040fe2000001001f */
        /*14f0*/                   FFMA.FTZ R40, R15, R19, R40 ;                        /* 0x000000130f287223 */
                                                                                        /* 0x000fce0000010028 */
        /*1500*/                   BAR.SYNC.DEFER_BLOCKING 0x0 ;                        /* 0x0000000000007b1d */
                                                                                        /* 0x000fe20000010000 */
        /*1510*/                   ISETP.NE.U32.AND P0, PT, R10.reuse, UR4, PT ;        /* 0x000000040a007c0c */
                                                                                        /* 0x040fe2000bf05070 */
        /*1520*/                   IADD R10, R10, 0x1 ;                                 /* 0x000000010a0a7835 */
                                                                                        /* 0x000fd800078e0000 */
        /*1530*/               @P0 BRA 0x620 ;                                          /* 0xfffffff000380947 */
                                                                                        /* 0x000fea000383ffff */
        /*1540*/                   LDCU.64 UR12, c[0x0][0x398] ;                        /* 0x00007300ff0c77ac */
                                                                                        /* 0x000f220008000a00 */
        /*1550*/                   LEA R6, R3, UR10, 0x2 ;                              /* 0x0000000a03067c11 */
                                                                                        /* 0x002fe4000f8e10ff */
        /*1560*/                   LEA R3, R0, UR6, 0x2 ;                               /* 0x0000000600037c11 */
                                                                                        /* 0x000fe2000f8e10ff */
        /*1570*/                   LDCU.64 UR8, c[0x0][0x390] ;                         /* 0x00007200ff0877ac */
                                                                                        /* 0x000e620008000a00 */
        /*1580*/                   SHF.R.S32.HI R7, RZ, 0x1f, R6 ;                      /* 0x0000001fff077819 */
                                                                                        /* 0x004fe20000011406 */
        /*1590*/                   IADD R0, R6.reuse, 0x1 ;                             /* 0x0000000106007835 */
                                                                                        /* 0x040fe400078e0000 */
        /*15a0*/                   IADD R18, R3.reuse, 0x1 ;                            /* 0x0000000103127835 */
                                                                                        /* 0x040fe200078e0000 */
        /*15b0*/                   ISETP.GE.AND P1, PT, R6.reuse, UR13, PT ;            /* 0x0000000d06007c0c */
                                                                                        /* 0x050fe2000bf26270 */
        /*15c0*/                   ISETP.GE.AND P0, PT, R6, UR13, PT ;                  /* 0x0000000d06007c0c */
                                                                                        /* 0x000fe2000bf06270 */
        /*15d0*/                   IMAD R12, R3.reuse, UR13, RZ ;                       /* 0x0000000d030c7c24 */
                                                                                        /* 0x049fe2000f8e02ff */
        /*15e0*/                   ISETP.GE.AND P3, PT, R0, UR13, PT ;                  /* 0x0000000d00007c0c */
                                                                                        /* 0x000fe2000bf66270 */
        /*15f0*/                   IADD R0, R6, 0x2 ;                                   /* 0x0000000206007835 */
                                                                                        /* 0x000fe200078e0000 */
        /*1600*/                   ISETP.LT.AND P1, PT, R3.reuse, UR12, !P1 ;           /* 0x0000000c03007c0c */
                                                                                        /* 0x040fe2000cf21270 */
        /*1610*/                   ISETP.GE.OR P6, PT, R18, UR12, P0 ;                  /* 0x0000000c12007c0c */
                                                                                        /* 0x000fe200087c6670 */
        /*1620*/                   SHF.R.S32.HI R13, RZ, 0x1f, R12 ;                    /* 0x0000001fff0d7819 */
                                                                                        /* 0x000fe2000001140c */
        /*1630*/                   ISETP.GE.OR P5, PT, R3, UR12, P3 ;                   /* 0x0000000c03007c0c */
                                                                                        /* 0x000fe20009fa6670 */
        /*1640*/                   ISETP.GE.AND P2, PT, R0, UR13, PT ;                  /* 0x0000000d00007c0c */
                                                                                        /* 0x000fe2000bf46270 */
        /*1650*/                   IADD R0, R6, 0x3 ;                                   /* 0x0000000306007835 */
                                                                                        /* 0x000fc400078e0000 */
        /*1660*/                   IADD.64 R16, R12, R6 ;                               /* 0x000000060c107235 */
                                                                                        /* 0x000fca00078e0200 */
        /*1670*/                   LEA R8, P4, R16, UR8, 0x2 ;                          /* 0x0000000810087c11 */
                                                                                        /* 0x002fe2000f8810ff */
        /*1680*/               @P1 LDC.64 R14, c[0x0][0x390] ;                          /* 0x0000e400ff0e1b82 */
                                                                                        /* 0x000e220000000a00 */
        /*1690*/               @P1 IADD R9, R6, R12 ;                                   /* 0x0000000c06091235 */
                                                                                        /* 0x000fe200078e0000 */
        /*16a0*/                   IADD R12, R12, UR13 ;                                /* 0x0000000d0c0c7c35 */
                                                                                        /* 0x000fca000f8e0000 */
        /*16b0*/                   SHF.R.S32.HI R13, RZ, 0x1f, R12 ;                    /* 0x0000001fff0d7819 */
                                                                                        /* 0x000fe2000001140c */
        /*16c0*/              @!P6 LDC.64 R10, c[0x0][0x390] ;                          /* 0x0000e400ff0aeb82 */
                                                                                        /* 0x000e620000000a00 */
        /*16d0*/               @P1 IMAD.WIDE R14, R9, 0x4, R14 ;                        /* 0x00000004090e1825 */
                                                                                        /* 0x001fe200078e020e */
        /*16e0*/                   LEA.HI.X R9, R16, UR9, R17, 0x2, P4 ;                /* 0x0000000910097c11 */
                                                                                        /* 0x000fe2000a0f1411 */
        /*16f0*/                   ISETP.GE.OR P4, PT, R3.reuse, UR12, P2 ;             /* 0x0000000c03007c0c */
                                                                                        /* 0x040fe20009786670 */
        /*1700*/              @!P6 IADD R17, R6, R12 ;                                  /* 0x0000000c0611e235 */
                                                                                        /* 0x000fe400078e0000 */
        /*1710*/               @P1 STG.E desc[UR16][R14.64], R5 ;                       /* 0x000000050e001986 */
                                                                                        /* 0x0003e2000c101910 */
        /*1720*/                   ISETP.GE.AND P1, PT, R0, UR13, PT ;                  /* 0x0000000d00007c0c */
                                                                                        /* 0x000fe2000bf26270 */
        /*1730*/                   IADD R0, R3.reuse, 0x2 ;                             /* 0x0000000203007835 */
                                                                                        /* 0x040fe400078e0000 */
        /*1740*/              @!P5 STG.E desc[UR16][R8.64+0x4], R2 ;                    /* 0x000004020800d986 */
                                                                                        /* 0x0001e4000c101910 */
        /*1750*/                   ISETP.GE.OR P5, PT, R3, UR12, P1 ;                   /* 0x0000000c03007c0c */
                                                                                        /* 0x000fc80008fa6670 */
        /*1760*/              @!P4 STG.E desc[UR16][R8.64+0x8], R23 ;                   /* 0x000008170800c986 */
                                                                                        /* 0x000fe2000c101910 */
        /*1770*/                   ISETP.GE.OR P4, PT, R0, UR12, P0 ;                   /* 0x0000000c00007c0c */
                                                                                        /* 0x000fe20008786670 */
        /*1780*/              @!P6 IMAD.WIDE R14, R17, 0x4, R10 ;                       /* 0x00000004110ee825 */
                                                                                        /* 0x002fe200078e020a */
        /*1790*/                   IADD.64 R16, R6, R12 ;                               /* 0x0000000c06107235 */
                                                                                        /* 0x000fe400078e0200 */
        /*17a0*/                   IADD R10, R3, 0x3 ;                                  /* 0x00000003030a7835 */
                                                                                        /* 0x000fe200078e0000 */
        /*17b0*/                   IADD R12, R12, UR13 ;                                /* 0x0000000d0c0c7c35 */
                                                                                        /* 0x000fc6000f8e0000 */
        /*17c0*/              @!P5 STG.E desc[UR16][R8.64+0xc], R24 ;                   /* 0x00000c180800d986 */
                                                                                        /* 0x0003e2000c101910 */
        /*17d0*/                   ISETP.GE.OR P5, PT, R18, UR12, P3 ;                  /* 0x0000000c12007c0c */
                                                                                        /* 0x000fe20009fa6670 */
        /*17e0*/                   ISETP.GE.OR P0, PT, R10, UR12, P0 ;                  /* 0x0000000c0a007c0c */
                                                                                        /* 0x000fe20008706670 */
        /*17f0*/                   SHF.R.S32.HI R13, RZ, 0x1f, R12 ;                    /* 0x0000001fff0d7819 */
                                                                                        /* 0x000fe2000001140c */
        /*1800*/              @!P6 STG.E desc[UR16][R14.64], R26 ;                      /* 0x0000001a0e00e986 */
                                                                                        /* 0x0005e2000c101910 */
        /*1810*/                   LEA R2, P6, R16, UR8, 0x2 ;                          /* 0x0000000810027c11 */
                                                                                        /* 0x001fe2000f8c10ff */
        /*1820*/              @!P4 LDC.64 R4, c[0x0][0x390] ;                           /* 0x0000e400ff04cb82 */
                                                                                        /* 0x000e220000000a00 */
        /*1830*/              @!P4 IADD R11, R6, R12 ;                                  /* 0x0000000c060bc235 */
                                                                                        /* 0x000fe400078e0000 */
        /*1840*/                   LEA.HI.X R3, R16, UR9, R17, 0x2, P6 ;                /* 0x0000000910037c11 */
                                                                                        /* 0x000fe2000b0f1411 */
        /*1850*/                   ISETP.GE.OR P6, PT, R18, UR12, P2 ;                  /* 0x0000000c12007c0c */
                                                                                        /* 0x000fe200097c6670 */
        /*1860*/                   IADD R16, R12, UR13 ;                                /* 0x0000000d0c107c35 */
                                                                                        /* 0x000fc6000f8e0000 */
        /*1870*/              @!P5 STG.E desc[UR16][R2.64+0x4], R28 ;                   /* 0x0000041c0200d986 */
                                                                                        /* 0x000fe2000c101910 */
        /*1880*/                   ISETP.GE.OR P5, PT, R18, UR12, P1 ;                  /* 0x0000000c12007c0c */
                                                                                        /* 0x000fe20008fa6670 */
        /*1890*/              @!P0 LDC.64 R8, c[0x0][0x390] ;                           /* 0x0000e400ff088b82 */
                                                                                        /* 0x002e620000000a00 */
        /*18a0*/                   IADD.64 R14, R6, R12 ;                               /* 0x0000000c060e7235 */
                                                                                        /* 0x004fc600078e0200 */
        /*18b0*/                   SHF.R.S32.HI R17, RZ, 0x1f, R16 ;                    /* 0x0000001fff117819 */
                                                                                        /* 0x000fc60000011410 */
        /*18c0*/              @!P6 STG.E desc[UR16][R2.64+0x8], R25 ;                   /* 0x000008190200e986 */
                                                                                        /* 0x000fe2000c101910 */
        /*18d0*/                   LEA R12, P6, R14, UR8, 0x2 ;                         /* 0x000000080e0c7c11 */
                                                                                        /* 0x000fc8000f8c10ff */
        /*18e0*/              @!P5 STG.E desc[UR16][R2.64+0xc], R30 ;                   /* 0x00000c1e0200d986 */
                                                                                        /* 0x0005e2000c101910 */
        /*18f0*/                   ISETP.GE.OR P5, PT, R0, UR12, P3 ;                   /* 0x0000000c00007c0c */
                                                                                        /* 0x000fe20009fa6670 */
        /*1900*/              @!P4 IMAD.WIDE R4, R11, 0x4, R4 ;                         /* 0x000000040b04c825 */
                                                                                        /* 0x001fe200078e0204 */
        /*1910*/                   LEA.HI.X R13, R14, UR9, R15, 0x2, P6 ;               /* 0x000000090e0d7c11 */
                                                                                        /* 0x000fe2000b0f140f */
        /*1920*/                   ISETP.GE.OR P6, PT, R0, UR12, P1 ;                   /* 0x0000000c00007c0c */
                                                                                        /* 0x000fe20008fc6670 */
        /*1930*/              @!P0 IADD R11, R6, R16.reuse ;                            /* 0x00000010060b8235 */
                                                                                        /* 0x080fe400078e0000 */
        /*1940*/              @!P4 STG.E desc[UR16][R4.64], R27 ;                       /* 0x0000001b0400c986 */
                                                                                        /* 0x0001e2000c101910 */
        /*1950*/                   ISETP.GE.OR P4, PT, R0, UR12, P2 ;                   /* 0x0000000c00007c0c */
                                                                                        /* 0x000fe20009786670 */
        /*1960*/                   IADD.64 R6, R6, R16 ;                                /* 0x0000001006067235 */
                                                                                        /* 0x000fe400078e0200 */
        /*1970*/                   ISETP.GE.OR P3, PT, R10.reuse, UR12, P3 ;            /* 0x0000000c0a007c0c */
                                                                                        /* 0x040fe20009f66670 */
        /*1980*/                   ISETP.GE.OR P2, PT, R10.reuse, UR12, P2 ;            /* 0x0000000c0a007c0c */
                                                                                        /* 0x040fe20009746670 */
        /*1990*/                   ISETP.GE.OR P1, PT, R10, UR12, P1 ;                  /* 0x0000000c0a007c0c */
                                                                                        /* 0x000fe20008f26670 */
        /*19a0*/              @!P5 STG.E desc[UR16][R12.64+0x4], R32 ;                  /* 0x000004200c00d986 */
                                                                                        /* 0x0001e2000c101910 */
        /*19b0*/                   LEA R2, P5, R6, UR8, 0x2 ;                           /* 0x0000000806027c11 */
                                                                                        /* 0x004fe2000f8a10ff */
        /*19c0*/              @!P0 IMAD.WIDE R8, R11, 0x4, R8 ;                         /* 0x000000040b088825 */
                                                                                        /* 0x002fc400078e0208 */
        /*19d0*/              @!P6 STG.E desc[UR16][R12.64+0xc], R34 ;                  /* 0x00000c220c00e986 */
                                                                                        /* 0x0001e2000c101910 */
        /*19e0*/                   LEA.HI.X R3, R6, UR9, R7, 0x2, P5 ;                  /* 0x0000000906037c11 */
                                                                                        /* 0x000fc6000a8f1407 */
        /*19f0*/              @!P4 STG.E desc[UR16][R12.64+0x8], R29 ;                  /* 0x0000081d0c00c986 */
                                                                                        /* 0x0001e8000c101910 */
        /*1a00*/              @!P0 STG.E desc[UR16][R8.64], R36 ;                       /* 0x0000002408008986 */
                                                                                        /* 0x0001e8000c101910 */
        /*1a10*/              @!P3 STG.E desc[UR16][R2.64+0x4], R38 ;                   /* 0x000004260200b986 */
                                                                                        /* 0x0001e8000c101910 */
        /*1a20*/              @!P2 STG.E desc[UR16][R2.64+0x8], R31 ;                   /* 0x0000081f0200a986 */
                                                                                        /* 0x0001e2000c101910 */
        /*1a30*/               @P1 EXIT ;                                               /* 0x000000000000194d */
                                                                                        /* 0x000fea0003800000 */
        /*1a40*/                   STG.E desc[UR16][R2.64+0xc], R40 ;                   /* 0x00000c2802007986 */
                                                                                        /* 0x000fe2000c101910 */
        /*1a50*/                   EXIT ;                                               /* 0x000000000000794d */
                                                                                        /* 0x000fea0003800000 */
        /*1a60*/                   BRA 0x1a60;                                          /* 0xfffffffc00fc7947 */
                                                                                        /* 0x000fc0000383ffff */
        /*1a70*/                   NOP;                                                 /* 0x0000000000007918 */
                                                                                        /* 0x000fc00000000000 */
        /*1a80*/                   NOP;                                                 /* 0x0000000000007918 */
                                                                                        /* 0x000fc00000000000 */
        /*1a90*/                   NOP;                                                 /* 0x0000000000007918 */
                                                                                        /* 0x000fc00000000000 */
        /*1aa0*/                   NOP;                                                 /* 0x0000000000007918 */
                                                                                        /* 0x000fc00000000000 */
        /*1ab0*/                   NOP;                                                 /* 0x0000000000007918 */
                                                                                        /* 0x000fc00000000000 */
        /*1ac0*/                   NOP;                                                 /* 0x0000000000007918 */
                                                                                        /* 0x000fc00000000000 */
        /*1ad0*/                   NOP;                                                 /* 0x0000000000007918 */
                                                                                        /* 0x000fc00000000000 */
        /*1ae0*/                   NOP;                                                 /* 0x0000000000007918 */
                                                                                        /* 0x000fc00000000000 */
        /*1af0*/                   NOP;                                                 /* 0x0000000000007918 */
                                                                                        /* 0x000fc00000000000 */
		..........


		Function : _Z19register_tiled_gemmILb1ELb1EEvPKfS1_PfiiiPK14CUtensorMap_st
	.headerflags	@"EF_CUDA_SM120 EF_CUDA_VIRTUAL_SM(EF_CUDA_SM120)"
        /*0000*/                   LDC R1, c[0x0][0x37c] ;                              /* 0x0000df00ff017b82 */
                                                                                        /* 0x000ff00000000800 */
        /*0010*/                   S2UR UR10, SR_CTAID.X ;                              /* 0x00000000000a79c3 */
                                                                                        /* 0x000e220000002500 */
        /*0020*/                   LDCU UR18, c[0x0][0x3a0] ;                           /* 0x00007400ff1277ac */
                                                                                        /* 0x000e620008000800 */
        /*0030*/                   S2R R3, SR_TID.X ;                                   /* 0x0000000000037919 */
                                                                                        /* 0x000ea20000002100 */
        /*0040*/                   LDCU UR19, c[0x0][0x39c] ;                           /* 0x00007380ff1377ac */
                                                                                        /* 0x000ee20008000800 */
        /*0050*/                   S2R R0, SR_TID.Y ;                                   /* 0x0000000000007919 */
                                                                                        /* 0x000ea80000002200 */
        /*0060*/                   S2UR UR6, SR_CTAID.Y ;                               /* 0x00000000000679c3 */
                                                                                        /* 0x000f220000002600 */
        /*0070*/                   ULOP3.LUT UP0, URZ, UR18, 0xf, URZ, 0xc0, !UPT ;     /* 0x0000000f12ff7892 */
                                                                                        /* 0x002fe2000f80c0ff */
        /*0080*/                   USHF.L.U32 UR10, UR10, 0x6, URZ ;                    /* 0x000000060a0a7899 */
                                                                                        /* 0x001fc800080006ff */
        /*0090*/                   UIADD3 UR4, UPT, UPT, UR10, 0x40, URZ ;              /* 0x000000400a047890 */
                                                                                        /* 0x000fc8000fffe0ff */
        /*00a0*/                   UISETP.LE.AND UP0, UPT, UR4, UR19, !UP0 ;            /* 0x000000130400728c */
                                                                                        /* 0x008fe2000c703270 */
        /*00b0*/                   USHF.L.U32 UR6, UR6, 0x6, URZ ;                      /* 0x0000000606067899 */
                                                                                        /* 0x010fe200080006ff */
        /*00c0*/                   IMAD R22, R0, 0x10, R3 ;                             /* 0x0000001000167824 */
                                                                                        /* 0x004fce00078e0203 */
        /*00d0*/                   BRA.U !UP0, 0x340 ;                                  /* 0x0000000108987547 */
                                                                                        /* 0x000fea000b800000 */
        /*00e0*/                   ISETP.NE.U32.AND P0, PT, R22, RZ, PT ;               /* 0x000000ff1600720c */
                                                                                        /* 0x000fe20003f05070 */
        /*00f0*/                   UMOV UR4, 0x1 ;                                      /* 0x0000000100047882 */
                                                                                        /* 0x000fe20000000000 */
        /*0100*/                   BSSY.RECONVERGENT B0, 0x340 ;                        /* 0x0000023000007945 */
                                                                                        /* 0x000ff60003800200 */
        /*0110*/              @!P0 S2R R5, SR_CgaCtaId ;                                /* 0x0000000000058919 */
                                                                                        /* 0x000e220000008800 */
        /*0120*/              @!P0 MOV R2, 0x400 ;                                      /* 0x0000040000028802 */
                                                                                        /* 0x000fe20000000f00 */
        /*0130*/                   VOTEU.ALL UP1, P0 ;                                  /* 0x0000000000ff7886 */
                                                                                        /* 0x000fe20000020000 */
        /*0140*/                   VOTEU.ALL UP2, P0 ;                                  /* 0x0000000000ff7886 */
                                                                                        /* 0x000fc60000040000 */
        /*0150*/              @!P0 IADD R2, R2, 0x3000 ;                                /* 0x0000300002028835 */
                                                                                        /* 0x000fe200078e0000 */
        /*0160*/                   @!UP1 UIADD3 UR4, UPT, UPT, -UR4, 0x100000, URZ ;    /* 0x0010000004049890 */
                                                                                        /* 0x000fc8000fffe1ff */
        /*0170*/                   @!UP1 USHF.L.U32 UR5, UR4, 0xb, URZ ;                /* 0x0000000b04059899 */
                                                                                        /* 0x000fe200080006ff */
        /*0180*/                   @!UP1 USHF.L.U32 UR4, UR4, 0x1, URZ ;                /* 0x0000000104049899 */
                                                                                        /* 0x000fe200080006ff */
        /*0190*/                   VOTEU.ALL UP1, P0 ;                                  /* 0x0000000000ff7886 */
                                                                                        /* 0x000fe20000020000 */
        /*01a0*/              @!P0 LEA R2, R5, R2, 0x18 ;                               /* 0x0000000205028211 */
                                                                                        /* 0x001fc800078ec0ff */
        /*01b0*/              @!P0 R2UR UR7, R2 ;                                       /* 0x00000000020782ca */
                                                                                        /* 0x000fe200000e0000 */
        /*01c0*/                   FENCE.VIEW.ASYNC.S ;                                 /* 0x00000000000073c6 */
                                                                                        /* 0x000e180000000000 */
        /*01d0*/                   @!UP1 SYNCS.EXCH.64 URZ, [UR7], UR4 ;                /* 0x0000000407ff95b2 */
                                                                                        /* 0x0010620008000100 */
        /*01e0*/                   @!UP2 SYNCS.EXCH.64 URZ, [UR7+0x8], UR4 ;            /* 0x0000080407ffa5b2 */
                                                                                        /* 0x0004640008000100 */
        /*01f0*/                   BAR.SYNC.DEFER_BLOCKING 0x0 ;                        /* 0x0000000000007b1d */
                                                                                        /* 0x002fec0000010000 */
        /*0200*/               @P0 BRA 0x320 ;                                          /* 0x0000000000440947 */
                                                                                        /* 0x000fea0003800000 */
        /*0210*/                   S2UR UR4, SR_CgaCtaId ;                              /* 0x00000000000479c3 */
                                                                                        /* 0x005e220000008800 */
        /*0220*/                   UMOV UR8, 0x400 ;                                    /* 0x0000040000087882 */
                                                                                        /* 0x000fe20000000000 */
        /*0230*/                   HFMA2 R2, -RZ, RZ, 0, 0.00048828125 ;                /* 0x00001000ff027431 */
                                                                                        /* 0x000fe200000001ff */
        /*0240*/                   UIADD3 UR9, UPT, UPT, UR8, 0x3000, URZ ;             /* 0x0000300008097890 */
                                                                                        /* 0x000fe2000fffe0ff */
        /*0250*/                   UIADD3 UR8, UPT, UPT, UR8, 0x1000, URZ ;             /* 0x0000100008087890 */
                                                                                        /* 0x000fe2000fffe0ff */
        /*0260*/                   PLOP3.LUT P0, PT, PT, PT, PT, 0x80, 0x8 ;            /* 0x000000000008781c */
                                                                                        /* 0x000fe20003f0f070 */
        /*0270*/                   LDCU.64 UR14, c[0x0][0x3a8] ;                        /* 0x00007500ff0e77ac */
                                                                                        /* 0x000e620008000a00 */
        /*0280*/                   UMOV UR11, URZ ;                                     /* 0x000000ff000b7c82 */
                                                                                        /* 0x000fe20008000000 */
        /*0290*/                   UMOV UR12, URZ ;                                     /* 0x000000ff000c7c82 */
                                                                                        /* 0x000fe20008000000 */
        /*02a0*/                   ULEA UR9, UR4, UR9, 0x18 ;                           /* 0x0000000904097291 */
                                                                                        /* 0x001fe2000f8ec0ff */
        /*02b0*/                   ULEA UR8, UR4, UR8, 0x18 ;                           /* 0x0000000804087291 */
                                                                                        /* 0x000fd0000f8ec0ff */
        /*02c0*/                   SYNCS.ARRIVE.TRANS64 RZ, [UR9], R2 ;                 /* 0x00000002ffff79a7 */
                                                                                        /* 0x0021e80008000009 */
        /*02d0*/               @P0 ELECT P1, URZ, PT ;                                  /* 0x0000000000ff082f */
                                                                                        /* 0x000fe20003820000 */
        /*02e0*/                   UTMALDG.3D [UR8], [UR14] ;                           /* 0x000000080e0075b4 */
                                                                                        /* 0x0023d80008010000 */
        /*02f0*/               @P1 PLOP3.LUT P0, PT, P1, PT, PT, 0x8, 0x80 ;            /* 0x000000000080181c */
                                                                                        /* 0x000fe40000f0e170 */
        /*0300*/                   PLOP3.LUT P1, PT, PT, PT, PT, 0x8, 0x80 ;            /* 0x000000000080781c */
                                                                                        /* 0x000fd60003f2e170 */
        /*0310*/               @P0 BRA.U.ANY 0x2d0 ;                                    /* 0xfffffffd00ec0947 */
                                                                                        /* 0x001fea000393ffff */
        /*0320*/                   NOP ;                                                /* 0x0000000000007918 */
                                                                                        /* 0x000fe20000000000 */
        /*0330*/                   BSYNC.RECONVERGENT B0 ;                              /* 0x0000000000007941 */
                                                                                        /* 0x007fea0003800200 */
        /*0340*/                   UISETP.GE.AND UP1, UPT, UR18, 0x1, UPT ;             /* 0x000000011200788c */
                                                                                        /* 0x000fe2000bf26270 */
        /*0350*/                   HFMA2 R40, -RZ, RZ, 0, 0 ;                           /* 0x00000000ff287431 */
                                                                                        /* 0x000fe200000001ff */
        /*0360*/                   CS2R R30, SRZ ;                                      /* 0x00000000001e7805 */
                                                                                        /* 0x000fe2000001ff00 */
        /*0370*/                   HFMA2 R36, -RZ, RZ, 0, 0 ;                           /* 0x00000000ff247431 */
                                                                                        /* 0x000fe200000001ff */
        /*0380*/                   MOV R38, RZ ;                                        /* 0x000000ff00267202 */
                                                                                        /* 0x000fe20000000f00 */
        /*0390*/                   HFMA2 R32, -RZ, RZ, 0, 0 ;                           /* 0x00000000ff207431 */
                                                                                        /* 0x000fe200000001ff */
        /*03a0*/                   MOV R34, RZ ;                                        /* 0x000000ff00227202 */
                                                                                        /* 0x000fe20000000f00 */
        /*03b0*/                   HFMA2 R2, -RZ, RZ, 0, 0 ;                            /* 0x00000000ff027431 */
                                                                                        /* 0x000fe200000001ff */
        /*03c0*/                   CS2R R28, SRZ ;                                      /* 0x00000000001c7805 */
                                                                                        /* 0x000fe2000001ff00 */
        /*03d0*/                   CS2R R26, SRZ ;                                      /* 0x00000000001a7805 */
                                                                                        /* 0x000fe2000001ff00 */
        /*03e0*/                   CS2R R24, SRZ ;                                      /* 0x0000000000187805 */
                                                                                        /* 0x000fe2000001ff00 */
        /*03f0*/                   MOV R23, RZ ;                                        /* 0x000000ff00177202 */
                                                                                        /* 0x000fe20000000f00 */
        /*0400*/                   MOV R5, RZ ;                                         /* 0x000000ff00057202 */
                                                                                        /* 0x000fe20000000f00 */
        /*0410*/                   LDCU.64 UR16, c[0x0][0x358] ;                        /* 0x00006b00ff1077ac */
                                                                                        /* 0x000e220008000a00 */
        /*0420*/                   BRA.U !UP1, 0x1510 ;                                 /* 0x0000001109387547 */
                                                                                        /* 0x000fea000b800000 */
        /*0430*/                   S2R R7, SR_CgaCtaId ;                                /* 0x0000000000077919 */
                                                                                        /* 0x000e620000008800 */
        /*0440*/                   MOV R10, 0x400 ;                                     /* 0x00000400000a7802 */
                                                                                        /* 0x000fe20000000f00 */
        /*0450*/                   IMAD.SHL.U32 R11, R3.reuse, 0x4, RZ ;                /* 0x00000004030b7824 */
                                                                                        /* 0x040fe200078e00ff */
        /*0460*/                   SHF.R.U32.HI R9, RZ, 0x4, R22 ;                      /* 0x00000004ff097819 */
                                                                                        /* 0x000fe20000011616 */
        /*0470*/                   IMAD.SHL.U32 R12, R3, 0x10, RZ ;                     /* 0x00000010030c7824 */
                                                                                        /* 0x000fe200078e00ff */
        /*0480*/                   LOP3.LUT R8, R22, 0x7ffc, RZ, 0xc0, !PT ;            /* 0x00007ffc16087812 */
                                                                                        /* 0x000fe200078ec0ff */
        /*0490*/                   UIADD3 UR4, UPT, UPT, UR18, -0x1, URZ ;              /* 0xffffffff12047890 */
                                                                                        /* 0x000fe2000fffe0ff */
        /*04a0*/                   IADD R4, R10, 0x1000 ;                               /* 0x000010000a047835 */
                                                                                        /* 0x000fe200078e0000 */
        /*04b0*/                   LOP3.LUT R6, R11.reuse, 0x3c, RZ, 0xc0, !PT ;        /* 0x0000003c0b067812 */
                                                                                        /* 0x040fe200078ec0ff */
        /*04c0*/                   UMOV UR11, URZ ;                                     /* 0x000000ff000b7c82 */
                                                                                        /* 0x000fe20008000000 */
        /*04d0*/                   LOP3.LUT R14, R12, 0xf0, RZ, 0xc0, !PT ;             /* 0x000000f00c0e7812 */
                                                                                        /* 0x000fe200078ec0ff */
        /*04e0*/                   USHF.R.U32.HI UR4, URZ, 0x4, UR4 ;                   /* 0x00000004ff047899 */
                                                                                        /* 0x000fe20008011604 */
        /*04f0*/                   LEA.HI R20, R22, UR6, RZ, 0x1e ;                     /* 0x0000000616147c11 */
                                                                                        /* 0x000fe2000f8ff0ff */
        /*0500*/                   MOV R40, RZ ;                                        /* 0x000000ff00287202 */
                                                                                        /* 0x000fe20000000f00 */
        /*0510*/                   LOP3.LUT R11, R11, 0xc, RZ, 0xc0, !PT ;              /* 0x0000000c0b0b7812 */
                                                                                        /* 0x000fc600078ec0ff */
        /*0520*/                   IMAD R20, R20, UR18, RZ ;                            /* 0x0000001214147c24 */
                                                                                        /* 0x000fe2000f8e02ff */
        /*0530*/                   LEA R13, R7, R4, 0x18 ;                              /* 0x00000004070d7211 */
                                                                                        /* 0x002fe200078ec0ff */
        /*0540*/                   IMAD.SHL.U32 R4, R3, 0x400, RZ ;                     /* 0x0000040003047824 */
                                                                                        /* 0x000fe200078e00ff */
        /*0550*/                   LEA R10, R7, R10, 0x18 ;                             /* 0x0000000a070a7211 */
                                                                                        /* 0x000fc600078ec0ff */
        /*0560*/                   IMAD R9, R9, 0x100, R13 ;                            /* 0x0000010009097824 */
                                                                                        /* 0x000fe200078e020d */
        /*0570*/                   LOP3.LUT R7, R4, 0xc00, RZ, 0xc0, !PT ;              /* 0x00000c0004077812 */
                                                                                        /* 0x000fe200078ec0ff */
        /*0580*/                   IMAD R21, R0, 0x10, R10 ;                            /* 0x0000001000157824 */
                                                                                        /* 0x000fe200078e020a */
        /*0590*/                   IADD R4, R6, UR10 ;                                  /* 0x0000000a06047c35 */
                                                                                        /* 0x000fe4000f8e0000 */
        /*05a0*/                   IADD3 R6, PT, PT, R8, R10.reuse, R7 ;                /* 0x0000000a08067210 */
                                                                                        /* 0x080fe40007ffe007 */
        /*05b0*/                   IADD3 R7, PT, PT, R7, R10, R8 ;                      /* 0x0000000a07077210 */
                                                                                        /* 0x000fe20007ffe008 */
        /*05c0*/                   IADD R15, R4, 0x2 ;                                  /* 0x00000002040f7835 */
                                                                                        /* 0x000fe200078e0000 */
        /*05d0*/                   IADD3 R8, PT, PT, R12, 0x100, R13 ;                  /* 0x000001000c087810 */
                                                                                        /* 0x000fe20007ffe00d */
        /*05e0*/                   IADD R9, R9, R14 ;                                   /* 0x0000000e09097235 */
                                                                                        /* 0x000fe200078e0000 */
        /*05f0*/                   MOV R10, RZ ;                                        /* 0x000000ff000a7202 */
                                                                                        /* 0x000fc40000000f00 */
        /*0600*/                   ISETP.GE.AND P1, PT, R15, UR19, PT ;                 /* 0x000000130f007c0c */
                                                                                        /* 0x000fe2000bf26270 */
        /*0610*/                   IADD R21, R21, 0x100 ;                               /* 0x0000010015157835 */
                                                                                        /* 0x001fd800078e0000 */
        /*0620*/                   LDC R18, c[0x0][0x3a0] ;                             /* 0x0000e800ff127b82 */
                                                                                        /* 0x001e220000000800 */
        /*0630*/                   LDCU UR7, c[0x0][0x398] ;                            /* 0x00007300ff0777ac */
                                                                                        /* 0x002e620008000800 */
        /*0640*/                   IADD R19, R11, UR11 ;                                /* 0x0000000b0b137c35 */
                                                                                        /* 0x000fe2000f8e0000 */
        /*0650*/                   LEA.HI R16, R22, UR6, RZ, 0x1e ;                     /* 0x0000000616107c11 */
                                                                                        /* 0x004fc8000f8ff0ff */
        /*0660*/                   IADD R13, R19, 0x3 ;                                 /* 0x00000003130d7835 */
                                                                                        /* 0x008fca00078e0000 */
        /*0670*/                   ISETP.GE.AND P0, PT, R13, R18, PT ;                  /* 0x000000120d00720c */
                                                                                        /* 0x001fca0003f06270 */
        /*0680*/                   ISETP.GE.OR P2, PT, R16, UR7, P0 ;                   /* 0x0000000710007c0c */
                                                                                        /* 0x002fda0008746670 */
        /*0690*/              @!P2 LDC.64 R12, c[0x0][0x380] ;                          /* 0x0000e000ff0cab82 */
                                                                                        /* 0x000e220000000a00 */
        /*06a0*/              @!P2 IADD R15, R20, R19 ;                                 /* 0x00000013140fa235 */
                                                                                        /* 0x000fca00078e0000 */
        /*06b0*/              @!P2 IMAD.WIDE.U32 R12, R15, 0x4, R12 ;                   /* 0x000000040f0ca825 */
                                                                                        /* 0x001fcc00078e000c */
        /*06c0*/              @!P2 LDG.E.128.CONSTANT R12, desc[UR16][R12.64] ;         /* 0x000000100c0ca981 */
                                                                                        /* 0x000ea2000c1e9d00 */
        /*06d0*/                   UIADD3 UR5, UPT, UPT, UR11, 0x10, URZ ;              /* 0x000000100b057890 */
                                                                                        /* 0x000fe4000fffe0ff */
        /*06e0*/                   UMOV UR13, UR11 ;                                    /* 0x0000000b000d7c82 */
                                                                                        /* 0x000fe20008000000 */
        /*06f0*/                   BSSY.RECONVERGENT B0, 0x9c0 ;                        /* 0x000002c000007945 */
                                                                                        /* 0x000fe60003800200 */
        /*0700*/                   VIMNMX.S32 R37, R18, UR5, PT ;                       /* 0x0000000512257c48 */
                                                                                        /* 0x000fe2000bfe0100 */
        /*0710*/                   UMOV UR11, UR5 ;                                     /* 0x00000005000b7c82 */
                                                                                        /* 0x000fe20008000000 */
        /*0720*/              @!P2 STS [R6], R12 ;                                      /* 0x0000000c0600a388 */
                                                                                        /* 0x0041e80000000800 */
        /*0730*/              @!P2 STS [R6+0x100], R13 ;                                /* 0x0001000d0600a388 */
                                                                                        /* 0x0001e80000000800 */
        /*0740*/              @!P2 STS [R6+0x200], R14 ;                                /* 0x0002000e0600a388 */
                                                                                        /* 0x0001e80000000800 */
        /*0750*/              @!P2 STS [R6+0x300], R15 ;                                /* 0x0003000f0600a388 */
                                                                                        /* 0x0001e20000000800 */
        /*0760*/              @!P2 BRA 0x9a0 ;                                          /* 0x00000000008ca947 */
                                                                                        /* 0x000fea0003800000 */
        /*0770*/                   ISETP.GE.AND P2, PT, R16, UR7, PT ;                  /* 0x0000000710007c0c */
                                                                                        /* 0x000fda000bf46270 */
        /*0780*/               @P2 BRA 0x960 ;                                          /* 0x0000000000742947 */
                                                                                        /* 0x000fea0003800000 */
        /*0790*/                   ISETP.GE.AND P2, PT, R19.reuse, R18, PT ;            /* 0x000000121300720c */
                                                                                        /* 0x040fe20003f46270 */
        /*07a0*/                   LDCU.64 UR8, c[0x0][0x380] ;                         /* 0x00007000ff0877ac */
                                                                                        /* 0x000e620008000a00 */
        /*07b0*/                   MOV R14, R20 ;                                       /* 0x00000014000e7202 */
                                                                                        /* 0x001fe20000000f00 */
        /*07c0*/                   HFMA2 R15, -RZ, RZ, 0, 0 ;                           /* 0x00000000ff0f7431 */
                                                                                        /* 0x000fe200000001ff */
        /*07d0*/                   MOV R16, R19 ;                                       /* 0x0000001300107202 */
                                                                                        /* 0x000fe20000000f00 */
        /*07e0*/                   HFMA2 R17, -RZ, RZ, 0, 0 ;                           /* 0x00000000ff117431 */
                                                                                        /* 0x000fe200000001ff */
        /*07f0*/                   IADD R33, R19.reuse, 0x1 ;                           /* 0x0000000113217835 */
                                                                                        /* 0x040fe200078e0000 */
        /*0800*/                   IADD R35, R19, 0x2 ;                                 /* 0x0000000213237835 */
                                                                                        /* 0x000fe200078e0000 */
        /*0810*/                   MOV R42, RZ ;                                        /* 0x000000ff002a7202 */
                                                                                        /* 0x000fe20000000f00 */
        /*0820*/                   MOV R44, RZ ;                                        /* 0x000000ff002c7202 */
                                                                                        /* 0x000fe20000000f00 */
        /*0830*/                   IADD.64 R16, R14, R16 ;                              /* 0x000000100e107235 */
                                                                                        /* 0x000fc400078e0200 */
        /*0840*/                   ISETP.GE.AND P3, PT, R33, R18.reuse, PT ;            /* 0x000000122100720c */
                                                                                        /* 0x080fe20003f66270 */
        /*0850*/              @!P2 LDC.64 R12, c[0x0][0x380] ;                          /* 0x0000e000ff0cab82 */
                                                                                        /* 0x000e220000000a00 */
        /*0860*/                   ISETP.GE.AND P4, PT, R35, R18, PT ;                  /* 0x000000122300720c */
                                                                                        /* 0x000fe20003f86270 */
        /*0870*/              @!P2 IADD R19, R20, R19 ;                                 /* 0x000000131413a235 */
                                                                                        /* 0x000fe200078e0000 */
        /*0880*/                   LEA R14, P5, R16, UR8, 0x2 ;                         /* 0x00000008100e7c11 */
                                                                                        /* 0x002fc8000f8a10ff */
        /*0890*/                   LEA.HI.X R15, R16, UR9, R17, 0x2, P5 ;               /* 0x00000009100f7c11 */
                                                                                        /* 0x000fe2000a8f1411 */
        /*08a0*/                   HFMA2 R16, -RZ, RZ, 0, 0 ;                           /* 0x00000000ff107431 */
                                                                                        /* 0x000fe400000001ff */
        /*08b0*/                   HFMA2 R17, -RZ, RZ, 0, 0 ;                           /* 0x00000000ff117431 */
                                                                                        /* 0x000fc800000001ff */
        /*08c0*/              @!P4 LDG.E.CONSTANT R44, desc[UR16][R14.64+0x8] ;         /* 0x000008100e2cc981 */
                                                                                        /* 0x000ea8000c1e9900 */
        /*08d0*/              @!P3 LDG.E.CONSTANT R16, desc[UR16][R14.64+0x4] ;         /* 0x000004100e10b981 */
                                                                                        /* 0x000ee8000c1e9900 */
        /*08e0*/              @!P0 LDG.E.CONSTANT R17, desc[UR16][R14.64+0xc] ;         /* 0x00000c100e118981 */
                                                                                        /* 0x000f22000c1e9900 */
        /*08f0*/              @!P2 IMAD.WIDE.U32 R12, R19, 0x4, R12 ;                   /* 0x00000004130ca825 */
                                                                                        /* 0x001fca00078e000c */
        /*0900*/              @!P2 LDG.E.CONSTANT R42, desc[UR16][R12.64] ;             /* 0x000000100c2aa981 */
                                                                                        /* 0x000f68000c1e9900 */
        /*0910*/                   STS [R7+0x200], R44 ;                                /* 0x0002002c07007388 */
                                                                                        /* 0x0045e80000000800 */
        /*0920*/                   STS [R7+0x100], R16 ;                                /* 0x0001001007007388 */
                                                                                        /* 0x0085e80000000800 */
        /*0930*/                   STS [R7+0x300], R17 ;                                /* 0x0003001107007388 */
                                                                                        /* 0x0105e80000000800 */
        /*0940*/                   STS [R7], R42 ;                                      /* 0x0000002a07007388 */
                                                                                        /* 0x0205e20000000800 */
        /*0950*/                   BRA 0x9a0 ;                                          /* 0x0000000000107947 */
                                                                                        /* 0x000fea0003800000 */
        /*0960*/                   STS [R6], RZ ;                                       /* 0x000000ff06007388 */
                                                                                        /* 0x0003e80000000800 */
        /*0970*/                   STS [R6+0x100], RZ ;                                 /* 0x000100ff06007388 */
                                                                                        /* 0x0003e80000000800 */
        /*0980*/                   STS [R6+0x200], RZ ;                                 /* 0x000200ff06007388 */
                                                                                        /* 0x0003e80000000800 */
        /*0990*/                   STS [R6+0x300], RZ ;                                 /* 0x000300ff06007388 */
                                                                                        /* 0x0003e40000000800 */
        /*09a0*/                   NOP ;                                                /* 0x0000000000007918 */
                                                                                        /* 0x000fe20000000000 */
        /*09b0*/                   BSYNC.RECONVERGENT B0 ;                              /* 0x0000000000007941 */
                                                                                        /* 0x000fea0003800200 */
        /*09c0*/                   BRA.U !UP0, 0xc70 ;                                  /* 0x0000000108a87547 */
                                                                                        /* 0x000fea000b800000 */
        /*09d0*/                   ISETP.LE.AND P0, PT, R18, UR11, PT ;                 /* 0x0000000b12007c0c */
                                                                                        /* 0x000fe2000bf03270 */
        /*09e0*/                   BSSY.RECONVERGENT B0, 0xbc0 ;                        /* 0x000001d000007945 */
                                                                                        /* 0x000fe20003800200 */
        /*09f0*/                   LOP3.LUT R43, R10, 0x1, RZ, 0xc0, !PT ;              /* 0x000000010a2b7812 */
                                                                                        /* 0x000fc600078ec0ff */
        /*0a00*/                   ISETP.NE.U32.OR P0, PT, R22, RZ, P0 ;                /* 0x000000ff1600720c */
                                                                                        /* 0x000fda0000705470 */
        /*0a10*/               @P0 BRA 0xba0 ;                                          /* 0x0000000000600947 */
                                                                                        /* 0x000fea0003800000 */
        /*0a20*/                   S2UR UR9, SR_CgaCtaId ;                              /* 0x00000000000979c3 */
                                                                                        /* 0x000ee20000008800 */
        /*0a30*/                   R2UR UR14, R43 ;                                     /* 0x000000002b0e72ca */
                                                                                        /* 0x000fe200000e0000 */
        /*0a40*/                   UMOV UR8, 0x400 ;                                    /* 0x0000040000087882 */
                                                                                        /* 0x000fe20000000000 */
        /*0a50*/                   MOV R12, 0x1000 ;                                    /* 0x00001000000c7802 */
                                                                                        /* 0x001fe20000000f00 */
        /*0a60*/                   UIADD3 UR7, UPT, UPT, UR8, 0x3000, URZ ;             /* 0x0000300008077890 */
                                                                                        /* 0x000fe2000fffe0ff */
        /*0a70*/                   UIADD3 UR8, UPT, UPT, UR8, 0x1000, URZ ;             /* 0x0000100008087890 */
                                                                                        /* 0x000fe2000fffe0ff */
        /*0a80*/                   PLOP3.LUT P0, PT, PT, PT, PT, 0x80, 0x8 ;            /* 0x000000000008781c */
                                                                                        /* 0x000fd00003f0f070 */
        /*0a90*/                   USHF.L.U32 UR5, UR14, 0x3, URZ ;                     /* 0x000000030e057899 */
                                                                                        /* 0x000fc800080006ff */
        /*0aa0*/                   ULOP3.LUT UR5, UR5, 0x8, URZ, 0x3c, !UPT ;           /* 0x0000000805057892 */
                                                                                        /* 0x000fe2000f8e3cff */
        /*0ab0*/                   ULEA UR12, UR9, UR7, 0x18 ;                          /* 0x00000007090c7291 */
                                                                                        /* 0x008fe2000f8ec0ff */
        /*0ac0*/                   USHF.L.U32 UR7, UR14, 0xc, URZ ;                     /* 0x0000000c0e077899 */
                                                                                        /* 0x000fc800080006ff */
        /*0ad0*/                   MOV R13, UR5 ;                                       /* 0x00000005000d7c02 */
                                                                                        /* 0x000fe20008000f00 */
        /*0ae0*/                   ULEA UR8, UR9, UR8, 0x18 ;                           /* 0x0000000809087291 */
                                                                                        /* 0x000fe2000f8ec0ff */
        /*0af0*/                   UIADD3 UR9, UPT, UPT, UR12, UR5, URZ ;               /* 0x000000050c097290 */
                                                                                        /* 0x000fe2000fffe0ff */
        /*0b00*/                   ULOP3.LUT UR7, UR7, 0x1000, URZ, 0x3c, !UPT ;        /* 0x0000100007077892 */
                                                                                        /* 0x000fe2000f8e3cff */
        /*0b10*/                   LDCU.64 UR14, c[0x0][0x3a8] ;                        /* 0x00007500ff0e77ac */
                                                                                        /* 0x000e220008000a00 */
        /*0b20*/                   SYNCS.ARRIVE.TRANS64 RZ, [R13+UR12], R12 ;           /* 0x0000000c0dff79a7 */
                                                                                        /* 0x0007e4000800000c */
        /*0b30*/                   UIADD3 UR8, UPT, UPT, UR8, UR7, URZ ;                /* 0x0000000708087290 */
                                                                                        /* 0x000fe2000fffe0ff */
        /*0b40*/                   UMOV UR12, URZ ;                                     /* 0x000000ff000c7c82 */
                                                                                        /* 0x006fd60008000000 */
        /*0b50*/               @P0 ELECT P2, URZ, PT ;                                  /* 0x0000000000ff082f */
                                                                                        /* 0x000fe20003840000 */
        /*0b60*/                   UTMALDG.3D [UR8], [UR14] ;                           /* 0x000000080e0075b4 */
                                                                                        /* 0x0119d80008010000 */
        /*0b70*/               @P2 PLOP3.LUT P0, PT, P2, PT, PT, 0x8, 0x80 ;            /* 0x000000000080281c */
                                                                                        /* 0x000fe4000170e170 */
        /*0b80*/                   PLOP3.LUT P2, PT, PT, PT, PT, 0x8, 0x80 ;            /* 0x000000000080781c */
                                                                                        /* 0x000fd60003f4e170 */
        /*0b90*/               @P0 BRA.U.ANY 0xb50 ;                                    /* 0xfffffffd00ec0947 */
                                                                                        /* 0x008fea000393ffff */
        /*0ba0*/                   NOP ;                                                /* 0x0000000000007918 */
                                                                                        /* 0x000fe20000000000 */
        /*0bb0*/                   BSYNC.RECONVERGENT B0 ;                              /* 0x0000000000007941 */
                                                                                        /* 0x010fea0003800200 */
        /*0bc0*/                   S2UR UR7, SR_CgaCtaId ;                              /* 0x00000000000779c3 */
                                                                                        /* 0x000f220000008800 */
        /*0bd0*/                   UMOV UR5, 0x400 ;                                    /* 0x0000040000057882 */
                                                                                        /* 0x000fe20000000000 */
        /*0be0*/                   SHF.R.U32.HI R12, RZ, 0x1, R10 ;                     /* 0x00000001ff0c7819 */
                                                                                        /* 0x009fe2000001160a */
        /*0bf0*/                   UIADD3 UR5, UPT, UPT, UR5, 0x3000, URZ ;             /* 0x0000300005057890 */
                                                                                        /* 0x000fc6000fffe0ff */
        /*0c00*/                   LOP3.LUT R12, R12, 0x1, RZ, 0xc0, !PT ;              /* 0x000000010c0c7812 */
                                                                                        /* 0x000fc800078ec0ff */
        /*0c10*/                   SHF.L.U32 R12, R12, 0x1f, RZ ;                       /* 0x0000001f0c0c7819 */
                                                                                        /* 0x000fe200000006ff */
        /*0c20*/                   ULEA UR5, UR7, UR5, 0x18 ;                           /* 0x0000000507057291 */
                                                                                        /* 0x010fcc000f8ec0ff */
        /*0c30*/                   LEA R13, R43, UR5, 0x3 ;                             /* 0x000000052b0d7c11 */
                                                                                        /* 0x000fce000f8e18ff */
        /*0c40*/                   SYNCS.PHASECHK.TRANS64.TRYWAIT P0, [R13+URZ], R12 ;  /* 0x0000000c0d0075a7 */
                                                                                        /* 0x000e2400080011ff */
        /*0c50*/              @!P0 BRA 0xc40 ;                                          /* 0xfffffffc00f88947 */
                                                                                        /* 0x007fea000383ffff */
        /*0c60*/                   BRA 0xf70 ;                                          /* 0x0000000000c07947 */
                                                                                        /* 0x000fea0003800000 */
        /*0c70*/                   LDCU UR5, c[0x0][0x39c] ;                            /* 0x00007380ff0577ac */
                                                                                        /* 0x000ee20008000800 */
        /*0c80*/                   SHF.R.U32.HI R17, RZ, 0x4, R22 ;                     /* 0x00000004ff117819 */
                                                                                        /* 0x004fe20000011616 */
        /*0c90*/                   BSSY.RECONVERGENT B0, 0xf70 ;                        /* 0x000002d000007945 */
                                                                                        /* 0x000fe20003800200 */
        /*0ca0*/                   IADD R12, R4, 0x3 ;                                  /* 0x00000003040c7835 */
                                                                                        /* 0x001fc600078e0000 */
        /*0cb0*/                   IADD R17, R17, UR13 ;                                /* 0x0000000d11117c35 */
                                                                                        /* 0x000fca000f8e0000 */
        /*0cc0*/                   ISETP.GE.AND P3, PT, R17, R18, PT ;                  /* 0x000000121100720c */
                                                                                        /* 0x000fe20003f66270 */
        /*0cd0*/                   ISETP.GE.AND P0, PT, R12, UR5, PT ;                  /* 0x000000050c007c0c */
                                                                                        /* 0x008fca000bf06270 */
        /*0ce0*/                   ISETP.GE.OR P2, PT, R17, R18, P0 ;                   /* 0x000000121100720c */
                                                                                        /* 0x000fda0000746670 */
        /*0cf0*/               @P2 BRA 0xd70 ;                                          /* 0x00000000001c2947 */
                                                                                        /* 0x000fea0003800000 */
        /*0d00*/                   LDC.64 R12, c[0x0][0x388] ;                          /* 0x0000e200ff0c7b82 */
                                                                                        /* 0x000e220000000a00 */
        /*0d10*/                   IMAD R15, R17, UR5, R4 ;                             /* 0x00000005110f7c24 */
                                                                                        /* 0x000fc8000f8e0204 */
        /*0d20*/                   IMAD.WIDE R12, R15, 0x4, R12 ;                       /* 0x000000040f0c7825 */
                                                                                        /* 0x001fcc00078e020c */
        /*0d30*/                   LDG.E.128.CONSTANT R12, desc[UR16][R12.64] ;         /* 0x000000100c0c7981 */
                                                                                        /* 0x000ea2000c1e9d00 */
        /*0d40*/                   HFMA2 R43, -RZ, RZ, 0, 0 ;                           /* 0x00000000ff2b7431 */
                                                                                        /* 0x000fc600000001ff */
        /*0d50*/                   STS.128 [R9], R12 ;                                  /* 0x0000000c09007388 */
                                                                                        /* 0x0047e20000000c00 */
        /*0d60*/                   BRA 0xf50 ;                                          /* 0x0000000000787947 */
                                                                                        /* 0x000fea0003800000 */
        /*0d70*/               @P3 BRA 0xf30 ;                                          /* 0x00000000006c3947 */
                                                                                        /* 0x000fea0003800000 */
        /*0d80*/                   ISETP.GE.AND P2, PT, R4.reuse, UR5, PT ;             /* 0x0000000504007c0c */
                                                                                        /* 0x040fe2000bf46270 */
        /*0d90*/                   LDCU.64 UR8, c[0x0][0x388] ;                         /* 0x00007100ff0877ac */
                                                                                        /* 0x000e220008000a00 */
        /*0da0*/                   IMAD R16, R17, UR5, RZ ;                             /* 0x0000000511107c24 */
                                                                                        /* 0x000fe2000f8e02ff */
        /*0db0*/                   MOV R12, R4 ;                                        /* 0x00000004000c7202 */
                                                                                        /* 0x000fe20000000f00 */
        /*0dc0*/                   HFMA2 R13, -RZ, RZ, 0, 0 ;                           /* 0x00000000ff0d7431 */
                                                                                        /* 0x000fe200000001ff */
        /*0dd0*/                   IADD R19, R4, 0x1 ;                                  /* 0x0000000104137835 */
                                                                                        /* 0x000fe200078e0000 */
        /*0de0*/                   CS2R R42, SRZ ;                                      /* 0x00000000002a7805 */
                                                                                        /* 0x000fe2000001ff00 */
        /*0df0*/                   SHF.R.S32.HI R17, RZ, 0x1f, R16 ;                    /* 0x0000001fff117819 */
                                                                                        /* 0x000fe20000011410 */
        /*0e00*/                   HFMA2 R44, -RZ, RZ, 0, 0 ;                           /* 0x00000000ff2c7431 */
                                                                                        /* 0x000fe400000001ff */
        /*0e10*/                   ISETP.GE.AND P3, PT, R19, UR5, PT ;                  /* 0x0000000513007c0c */
                                                                                        /* 0x000fc4000bf66270 */
        /*0e20*/                   IADD.64 R12, R12, R16 ;                              /* 0x000000100c0c7235 */
                                                                                        /* 0x000fe400078e0200 */
        /*0e30*/              @!P2 LDC.64 R14, c[0x0][0x388] ;                          /* 0x0000e200ff0eab82 */
                                                                                        /* 0x000ea20000000a00 */
        /*0e40*/              @!P2 IADD R17, R4, R16 ;                                  /* 0x000000100411a235 */
                                                                                        /* 0x000fe400078e0000 */
        /*0e50*/                   LEA R16, P4, R12, UR8, 0x2 ;                         /* 0x000000080c107c11 */
                                                                                        /* 0x001fc6000f8810ff */
        /*0e60*/              @!P2 IMAD.WIDE R14, R17, 0x4, R14 ;                       /* 0x00000004110ea825 */
                                                                                        /* 0x004fe200078e020e */
        /*0e70*/                   LEA.HI.X R17, R12, UR9, R13, 0x2, P4 ;               /* 0x000000090c117c11 */
                                                                                        /* 0x000fe2000a0f140d */
        /*0e80*/                   MOV R12, RZ ;                                        /* 0x000000ff000c7202 */
                                                                                        /* 0x000fe20000000f00 */
        /*0e90*/                   MOV R13, RZ ;                                        /* 0x000000ff000d7202 */
                                                                                        /* 0x000fe40000000f00 */
        /*0ea0*/              @!P2 LDG.E.CONSTANT R42, desc[UR16][R14.64] ;             /* 0x000000100e2aa981 */
                                                                                        /* 0x000ea8000c1e9900 */
        /*0eb0*/              @!P3 LDG.E.CONSTANT R12, desc[UR16][R16.64+0x4] ;         /* 0x00000410100cb981 */
                                                                                        /* 0x000ee8000c1e9900 */
        /*0ec0*/              @!P1 LDG.E.CONSTANT R44, desc[UR16][R16.64+0x8] ;         /* 0x00000810102c9981 */
                                                                                        /* 0x000f28000c1e9900 */
        /*0ed0*/              @!P0 LDG.E.CONSTANT R13, desc[UR16][R16.64+0xc] ;         /* 0x00000c10100d8981 */
                                                                                        /* 0x000f68000c1e9900 */
        /*0ee0*/                   STS [R9], R42 ;                                      /* 0x0000002a09007388 */
                                                                                        /* 0x0045e80000000800 */
        /*0ef0*/                   STS [R9+0x4], R12 ;                                  /* 0x0000040c09007388 */
                                                                                        /* 0x0085e80000000800 */
        /*0f00*/                   STS [R9+0x8], R44 ;                                  /* 0x0000082c09007388 */
                                                                                        /* 0x0105e80000000800 */
        /*0f10*/                   STS [R9+0xc], R13 ;                                  /* 0x00000c0d09007388 */
                                                                                        /* 0x0205e20000000800 */
        /*0f20*/                   BRA 0xf50 ;                                          /* 0x0000000000087947 */
                                                                                        /* 0x000fea0003800000 */
        /*0f30*/                   STS.128 [R9], RZ ;                                   /* 0x000000ff09007388 */
                                                                                        /* 0x0001e20000000c00 */
        /*0f40*/                   HFMA2 R43, -RZ, RZ, 0, 0 ;                           /* 0x00000000ff2b7431 */
                                                                                        /* 0x000fce00000001ff */
        /*0f50*/                   NOP ;                                                /* 0x0000000000007918 */
                                                                                        /* 0x000fe20000000000 */
        /*0f60*/                   BSYNC.RECONVERGENT B0 ;                              /* 0x0000000000007941 */
                                                                                        /* 0x000fea0003800200 */
        /*0f70*/                   BAR.SYNC.DEFER_BLOCKING 0x0 ;                        /* 0x0000000000007b1d */
                                                                                        /* 0x000fe20000010000 */
        /*0f80*/                   ISETP.LE.AND P0, PT, R18, UR13, PT ;                 /* 0x0000000d12007c0c */
                                                                                        /* 0x000fda000bf03270 */
        /*0f90*/               @P0 BRA 0x14d0 ;                                         /* 0x00000004004c0947 */
                                                                                        /* 0x000fea0003800000 */
        /*0fa0*/                   IMAD.SHL.U32 R14, R10, 0x10, RZ ;                    /* 0x000000100a0e7824 */
                                                                                        /* 0x008fe200078e00ff */
        /*0fb0*/                   MOV R41, RZ ;                                        /* 0x000000ff00297202 */
                                                                                        /* 0x000fc80000000f00 */
        /*0fc0*/                   IADD R12, R14, 0x1 ;                                 /* 0x000000010e0c7835 */
                                                                                        /* 0x004fca00078e0000 */
        /*0fd0*/                   ISETP.NE.U32.AND P0, PT, R37, R12, PT ;              /* 0x0000000c2500720c */
                                                                                        /* 0x000fda0003f05070 */
        /*0fe0*/              @!P0 BRA 0x1310 ;                                         /* 0x0000000000c88947 */
                                                                                        /* 0x000fea0003800000 */
        /*0ff0*/                   LOP3.LUT R33, R37, 0x1, RZ, 0xc0, !PT ;              /* 0x0000000125217812 */
                                                                                        /* 0x000fe200078ec0ff */
        /*1000*/                   HFMA2 R41, -RZ, RZ, 0, 0 ;                           /* 0x00000000ff297431 */
                                                                                        /* 0x000fe400000001ff */
        /*1010*/                   IMAD R39, R43, 0x1000, R8 ;                          /* 0x000010002b277824 */
                                                                                        /* 0x000fe200078e0208 */
        /*1020*/                   MOV R35, R21 ;                                       /* 0x0000001500237202 */
                                                                                        /* 0x000fe20000000f00 */
        /*1030*/                   LOP3.LUT R12, R14, R33, RZ, 0xfc, !PT ;              /* 0x000000210e0c7212 */
                                                                                        /* 0x000fca00078efcff */
        /*1040*/                   IADD R37, -R37, R12 ;                                /* 0x0000000c25257235 */
                                                                                        /* 0x003fce00078e0100 */
        /*1050*/                   LDS.128 R12, [R35+-0x100] ;                          /* 0xffff0000230c7984 */
                                                                                        /* 0x000fe20000000c00 */
        /*1060*/                   IADD R37, R37, 0x2 ;                                 /* 0x0000000225257835 */
                                                                                        /* 0x000fe200078e0000 */
        /*1070*/                   IADD R41, R41, 0x2 ;                                 /* 0x0000000229297835 */
                                                                                        /* 0x000fe400078e0000 */
        /*1080*/                   LDS.128 R16, [R39+-0x100] ;                          /* 0xffff000027107984 */
                                                                                        /* 0x000e240000000c00 */
        /*1090*/                   ISETP.NE.U32.AND P0, PT, R37, RZ, PT ;               /* 0x000000ff2500720c */
                                                                                        /* 0x000fe20003f05070 */
        /*10a0*/                   FFMA.FTZ R5, R12.reuse, R16, R5 ;                    /* 0x000000100c057223 */
                                                                                        /* 0x041fe20000010005 */
        /*10b0*/                   FFMA.FTZ R2, R12.reuse, R17, R2 ;                    /* 0x000000110c027223 */
                                                                                        /* 0x040fe20000010002 */
        /*10c0*/                   FFMA.FTZ R23, R12.reuse, R18, R23 ;                  /* 0x000000120c177223 */
                                                                                        /* 0x040fe20000010017 */
        /*10d0*/                   FFMA.FTZ R24, R12, R19, R24 ;                        /* 0x000000130c187223 */
                                                                                        /* 0x000fe20000010018 */
        /*10e0*/                   FFMA.FTZ R26, R13.reuse, R16, R26 ;                  /* 0x000000100d1a7223 */
                                                                                        /* 0x040fe2000001001a */
        /*10f0*/                   FFMA.FTZ R28, R13.reuse, R17, R28 ;                  /* 0x000000110d1c7223 */
                                                                                        /* 0x040fe2000001001c */
        /*1100*/                   FFMA.FTZ R25, R13.reuse, R18, R25 ;                  /* 0x000000120d197223 */
                                                                                        /* 0x040fe20000010019 */
        /*1110*/                   FFMA.FTZ R30, R13, R19, R30 ;                        /* 0x000000130d1e7223 */
                                                                                        /* 0x000fe2000001001e */
        /*1120*/                   FFMA.FTZ R27, R14.reuse, R16, R27 ;                  /* 0x000000100e1b7223 */
                                                                                        /* 0x040fe2000001001b */
        /*1130*/                   FFMA.FTZ R32, R14.reuse, R17, R32 ;                  /* 0x000000110e207223 */
                                                                                        /* 0x040fe20000010020 */
        /*1140*/                   FFMA.FTZ R29, R14.reuse, R18, R29 ;                  /* 0x000000120e1d7223 */
                                                                                        /* 0x040fe2000001001d */
        /*1150*/                   FFMA.FTZ R34, R14, R19, R34 ;                        /* 0x000000130e227223 */
                                                                                        /* 0x000fe20000010022 */
        /*1160*/                   FFMA.FTZ R36, R15.reuse, R16, R36 ;                  /* 0x000000100f247223 */
                                                                                        /* 0x040fe20000010024 */
        /*1170*/                   FFMA.FTZ R38, R15.reuse, R17, R38 ;                  /* 0x000000110f267223 */
                                                                                        /* 0x040fe20000010026 */
        /*1180*/                   FFMA.FTZ R31, R15.reuse, R18, R31 ;                  /* 0x000000120f1f7223 */
                                                                                        /* 0x040fe2000001001f */
        /*1190*/                   FFMA.FTZ R40, R15, R19, R40 ;                        /* 0x000000130f287223 */
                                                                                        /* 0x000fc40000010028 */
        /*11a0*/                   LDS.128 R12, [R35] ;                                 /* 0x00000000230c7984 */
                                                                                        /* 0x0001e80000000c00 */
        /*11b0*/                   LDS.128 R16, [R39] ;                                 /* 0x0000000027107984 */
                                                                                        /* 0x0002a20000000c00 */
        /*11c0*/                   IADD R35, R35, 0x200 ;                               /* 0x0000020023237835 */
                                                                                        /* 0x001fe200078e0000 */
        /*11d0*/                   IADD R39, R39, 0x200 ;                               /* 0x0000020027277835 */
                                                                                        /* 0x002fe200078e0000 */
        /*11e0*/                   FFMA.FTZ R5, R12.reuse, R16, R5 ;                    /* 0x000000100c057223 */
                                                                                        /* 0x044fe20000010005 */
        /*11f0*/                   FFMA.FTZ R2, R12.reuse, R17, R2 ;                    /* 0x000000110c027223 */
                                                                                        /* 0x040fe20000010002 */
        /*1200*/                   FFMA.FTZ R23, R12.reuse, R18, R23 ;                  /* 0x000000120c177223 */
                                                                                        /* 0x040fe20000010017 */
        /*1210*/                   FFMA.FTZ R24, R12, R19, R24 ;                        /* 0x000000130c187223 */
                                                                                        /* 0x000fe20000010018 */
        /*1220*/                   FFMA.FTZ R26, R13.reuse, R16, R26 ;                  /* 0x000000100d1a7223 */
                                                                                        /* 0x040fe2000001001a */
        /*1230*/                   FFMA.FTZ R28, R13.reuse, R17, R28 ;                  /* 0x000000110d1c7223 */
                                                                                        /* 0x040fe2000001001c */
        /*1240*/                   FFMA.FTZ R25, R13.reuse, R18, R25 ;                  /* 0x000000120d197223 */
                                                                                        /* 0x040fe20000010019 */
        /*1250*/                   FFMA.FTZ R30, R13, R19, R30 ;                        /* 0x000000130d1e7223 */
                                                                                        /* 0x000fe2000001001e */
        /*1260*/                   FFMA.FTZ R27, R14.reuse, R16, R27 ;                  /* 0x000000100e1b7223 */
                                                                                        /* 0x040fe2000001001b */
        /*1270*/                   FFMA.FTZ R32, R14.reuse, R17, R32 ;                  /* 0x000000110e207223 */
                                                                                        /* 0x040fe20000010020 */
        /*1280*/                   FFMA.FTZ R29, R14.reuse, R18, R29 ;                  /* 0x000000120e1d7223 */
                                                                                        /* 0x040fe2000001001d */
        /*1290*/                   FFMA.FTZ R34, R14, R19, R34 ;                        /* 0x000000130e227223 */
                                                                                        /* 0x000fe20000010022 */
        /*12a0*/                   FFMA.FTZ R36, R15.reuse, R16, R36 ;                  /* 0x000000100f247223 */
                                                                                        /* 0x040fe20000010024 */
        /*12b0*/                   FFMA.FTZ R38, R15.reuse, R17, R38 ;                  /* 0x000000110f267223 */
                                                                                        /* 0x040fe20000010026 */
        /*12c0*/                   FFMA.FTZ R31, R15.reuse, R18, R31 ;                  /* 0x000000120f1f7223 */
                                                                                        /* 0x040fe2000001001f */
        /*12d0*/                   FFMA.FTZ R40, R15, R19, R40 ;                        /* 0x000000130f287223 */
                                                                                        /* 0x000fe20000010028 */
        /*12e0*/               @P0 BRA 0x1050 ;                                         /* 0xfffffffc00580947 */
                                                                                        /* 0x000fec000383ffff */
        /*12f0*/                   ISETP.NE.U32.AND P0, PT, R33, RZ, PT ;               /* 0x000000ff2100720c */
                                                                                        /* 0x000fda0003f05070 */
        /*1300*/              @!P0 BRA 0x14d0 ;                                         /* 0x0000000000708947 */
                                                                                        /* 0x000fea0003800000 */
        /*1310*/                   S2R R13, SR_CgaCtaId ;                               /* 0x00000000000d7919 */
                                                                                        /* 0x000ea20000008800 */
        /*1320*/                   MOV R12, 0x400 ;                                     /* 0x00000400000c7802 */
                                                                                        /* 0x000fca0000000f00 */
        /*1330*/                   IADD R14, R12, 0x1000 ;                              /* 0x000010000c0e7835 */
                                                                                        /* 0x000fca00078e0000 */
        /*1340*/                   LEA R16, R13, R14, 0x18 ;                            /* 0x0000000e0d107211 */
                                                                                        /* 0x004fe400078ec0ff */
        /*1350*/                   LEA R14, R13, R12, 0x18 ;                            /* 0x0000000c0d0e7211 */
                                                                                        /* 0x000fc600078ec0ff */
        /*1360*/                   IMAD R12, R43, 0x1000, R16 ;                         /* 0x000010002b0c7824 */
                                                                                        /* 0x000fe400078e0210 */
        /*1370*/                   IMAD R13, R41.reuse, 0x100, R14 ;                    /* 0x00000100290d7824 */
                                                                                        /* 0x040fe400078e020e */
        /*1380*/                   IMAD R12, R41, 0x100, R12 ;                          /* 0x00000100290c7824 */
                                                                                        /* 0x000fe400078e020c */
        /*1390*/                   IMAD R13, R0, 0x10, R13 ;                            /* 0x00000010000d7824 */
                                                                                        /* 0x000fe400078e020d */
        /*13a0*/                   IMAD R16, R3, 0x10, R12 ;                            /* 0x0000001003107824 */
                                                                                        /* 0x000fc800078e020c */
        /*13b0*/                   LDS.128 R12, [R13] ;                                 /* 0x000000000d0c7984 */
                                                                                        /* 0x000fe80000000c00 */
        /*13c0*/                   LDS.128 R16, [R16] ;                                 /* 0x0000000010107984 */
                                                                                        /* 0x000ea40000000c00 */
        /*13d0*/                   FFMA.FTZ R5, R12.reuse, R16, R5 ;                    /* 0x000000100c057223 */
                                                                                        /* 0x044fe20000010005 */
        /*13e0*/                   FFMA.FTZ R2, R12.reuse, R17, R2 ;                    /* 0x000000110c027223 */
                                                                                        /* 0x040fe20000010002 */
        /*13f0*/                   FFMA.FTZ R23, R12.reuse, R18, R23 ;                  /* 0x000000120c177223 */
                                                                                        /* 0x040fe20000010017 */
        /*1400*/                   FFMA.FTZ R24, R12, R19, R24 ;                        /* 0x000000130c187223 */
                                                                                        /* 0x000fe20000010018 */
        /*1410*/                   FFMA.FTZ R26, R13.reuse, R16, R26 ;                  /* 0x000000100d1a7223 */
                                                                                        /* 0x040fe2000001001a */
        /*1420*/                   FFMA.FTZ R28, R13.reuse, R17, R28 ;                  /* 0x000000110d1c7223 */
                                                                                        /* 0x040fe2000001001c */
        /*1430*/                   FFMA.FTZ R25, R13.reuse, R18, R25 ;                  /* 0x000000120d197223 */
                                                                                        /* 0x040fe20000010019 */
        /*1440*/                   FFMA.FTZ R30, R13, R19, R30 ;                        /* 0x000000130d1e7223 */
                                                                                        /* 0x000fe2000001001e */
        /*1450*/                   FFMA.FTZ R27, R14.reuse, R16, R27 ;                  /* 0x000000100e1b7223 */
                                                                                        /* 0x040fe2000001001b */
        /*1460*/                   FFMA.FTZ R32, R14.reuse, R17, R32 ;                  /* 0x000000110e207223 */
                                                                                        /* 0x040fe20000010020 */
        /*1470*/                   FFMA.FTZ R29, R14.reuse, R18, R29 ;                  /* 0x000000120e1d7223 */
                                                                                        /* 0x040fe2000001001d */
        /*1480*/                   FFMA.FTZ R34, R14, R19, R34 ;                        /* 0x000000130e227223 */
                                                                                        /* 0x000fe20000010022 */
        /*1490*/                   FFMA.FTZ R36, R15.reuse, R16, R36 ;                  /* 0x000000100f247223 */
                                                                                        /* 0x040fe20000010024 */
        /*14a0*/                   FFMA.FTZ R38, R15.reuse, R17, R38 ;                  /* 0x000000110f267223 */
                                                                                        /* 0x040fe20000010026 */
        /*14b0*/                   FFMA.FTZ R31, R15.reuse, R18, R31 ;                  /* 0x000000120f1f7223 */
                                                                                        /* 0x040fe2000001001f */
        /*14c0*/                   FFMA.FTZ R40, R15, R19, R40 ;                        /* 0x000000130f287223 */
                                                                                        /* 0x000fce0000010028 */
        /*14d0*/                   BAR.SYNC.DEFER_BLOCKING 0x0 ;                        /* 0x0000000000007b1d */
                                                                                        /* 0x000fe20000010000 */
        /*14e0*/                   ISETP.NE.U32.AND P0, PT, R10.reuse, UR4, PT ;        /* 0x000000040a007c0c */
                                                                                        /* 0x040fe2000bf05070 */
        /*14f0*/                   IADD R10, R10, 0x1 ;                                 /* 0x000000010a0a7835 */
                                                                                        /* 0x000fd800078e0000 */
        /*1500*/               @P0 BRA 0x620 ;                                          /* 0xfffffff000440947 */
                                                                                        /* 0x000fea000383ffff */
        /*1510*/                   LDCU.64 UR12, c[0x0][0x398] ;                        /* 0x00007300ff0c77ac */
                                                                                        /* 0x000f220008000a00 */
        /*1520*/                   LEA R6, R3, UR10, 0x2 ;                              /* 0x0000000a03067c11 */
                                                                                        /* 0x002fe4000f8e10ff */
        /*1530*/                   LEA R3, R0, UR6, 0x2 ;                               /* 0x0000000600037c11 */
                                                                                        /* 0x000fe2000f8e10ff */
        /*1540*/                   LDCU.64 UR8, c[0x0][0x390] ;                         /* 0x00007200ff0877ac */
                                                                                        /* 0x000e620008000a00 */
        /*1550*/                   SHF.R.S32.HI R7, RZ, 0x1f, R6 ;                      /* 0x0000001fff077819 */
                                                                                        /* 0x004fe20000011406 */
        /*1560*/                   IADD R0, R6.reuse, 0x1 ;                             /* 0x0000000106007835 */
                                                                                        /* 0x040fe400078e0000 */
        /*1570*/                   IADD R18, R3.reuse, 0x1 ;                            /* 0x0000000103127835 */
                                                                                        /* 0x040fe200078e0000 */
        /*1580*/                   ISETP.GE.AND P1, PT, R6.reuse, UR13, PT ;            /* 0x0000000d06007c0c */
                                                                                        /* 0x050fe2000bf26270 */
        /*1590*/                   ISETP.GE.AND P0, PT, R6, UR13, PT ;                  /* 0x0000000d06007c0c */
                                                                                        /* 0x000fe2000bf06270 */
        /*15a0*/                   IMAD R12, R3.reuse, UR13, RZ ;                       /* 0x0000000d030c7c24 */
                                                                                        /* 0x048fe2000f8e02ff */
        /*15b0*/                   ISETP.GE.AND P3, PT, R0, UR13, PT ;                  /* 0x0000000d00007c0c */
                                                                                        /* 0x000fe2000bf66270 */
        /*15c0*/                   IADD R0, R6, 0x2 ;                                   /* 0x0000000206007835 */
                                                                                        /* 0x000fe200078e0000 */
        /*15d0*/                   ISETP.LT.AND P1, PT, R3.reuse, UR12, !P1 ;           /* 0x0000000c03007c0c */
                                                                                        /* 0x040fe2000cf21270 */
        /*15e0*/                   ISETP.GE.OR P6, PT, R18, UR12, P0 ;                  /* 0x0000000c12007c0c */
                                                                                        /* 0x000fe200087c6670 */
        /*15f0*/                   SHF.R.S32.HI R13, RZ, 0x1f, R12 ;                    /* 0x0000001fff0d7819 */
                                                                                        /* 0x000fe2000001140c */
        /*1600*/                   ISETP.GE.OR P5, PT, R3, UR12, P3 ;                   /* 0x0000000c03007c0c */
                                                                                        /* 0x000fe20009fa6670 */
        /*1610*/                   ISETP.GE.AND P2, PT, R0, UR13, PT ;                  /* 0x0000000d00007c0c */
                                                                                        /* 0x000fe2000bf46270 */
        /*1620*/                   IADD R0, R6, 0x3 ;                                   /* 0x0000000306007835 */
                                                                                        /* 0x000fc400078e0000 */
        /*1630*/                   IADD.64 R16, R12, R6 ;                               /* 0x000000060c107235 */
                                                                                        /* 0x000fca00078e0200 */
        /*1640*/                   LEA R8, P4, R16, UR8, 0x2 ;                          /* 0x0000000810087c11 */
                                                                                        /* 0x002fe2000f8810ff */
        /*1650*/               @P1 LDC.64 R14, c[0x0][0x390] ;                          /* 0x0000e400ff0e1b82 */
                                                                                        /* 0x000e620000000a00 */
        /*1660*/               @P1 IADD R9, R6, R12 ;                                   /* 0x0000000c06091235 */
                                                                                        /* 0x001fe200078e0000 */
        /*1670*/                   IADD R12, R12, UR13 ;                                /* 0x0000000d0c0c7c35 */
                                                                                        /* 0x000fca000f8e0000 */
        /*1680*/                   SHF.R.S32.HI R13, RZ, 0x1f, R12 ;                    /* 0x0000001fff0d7819 */
                                                                                        /* 0x000fe2000001140c */
        /*1690*/              @!P6 LDC.64 R10, c[0x0][0x390] ;                          /* 0x0000e400ff0aeb82 */
                                                                                        /* 0x000e220000000a00 */
        /*16a0*/               @P1 IMAD.WIDE R14, R9, 0x4, R14 ;                        /* 0x00000004090e1825 */
                                                                                        /* 0x002fe200078e020e */
        /*16b0*/                   LEA.HI.X R9, R16, UR9, R17, 0x2, P4 ;                /* 0x0000000910097c11 */
                                                                                        /* 0x000fe2000a0f1411 */
        /*16c0*/                   ISETP.GE.OR P4, PT, R3.reuse, UR12, P2 ;             /* 0x0000000c03007c0c */
                                                                                        /* 0x040fe20009786670 */
        /*16d0*/              @!P6 IADD R17, R6, R12 ;                                  /* 0x0000000c0611e235 */
                                                                                        /* 0x000fe400078e0000 */
        /*16e0*/               @P1 STG.E desc[UR16][R14.64], R5 ;                       /* 0x000000050e001986 */
                                                                                        /* 0x0001e2000c101910 */
        /*16f0*/                   ISETP.GE.AND P1, PT, R0, UR13, PT ;                  /* 0x0000000d00007c0c */
                                                                                        /* 0x000fe2000bf26270 */
        /*1700*/                   IADD R0, R3.reuse, 0x2 ;                             /* 0x0000000203007835 */
                                                                                        /* 0x040fe400078e0000 */
        /*1710*/              @!P5 STG.E desc[UR16][R8.64+0x4], R2 ;                    /* 0x000004020800d986 */
                                                                                        /* 0x0003e4000c101910 */
        /*1720*/                   ISETP.GE.OR P5, PT, R3, UR12, P1 ;                   /* 0x0000000c03007c0c */
                                                                                        /* 0x000fc80008fa6670 */
        /*1730*/              @!P4 STG.E desc[UR16][R8.64+0x8], R23 ;                   /* 0x000008170800c986 */
                                                                                        /* 0x000fe2000c101910 */
        /*1740*/                   ISETP.GE.OR P4, PT, R0, UR12, P0 ;                   /* 0x0000000c00007c0c */
                                                                                        /* 0x000fe20008786670 */
        /*1750*/              @!P6 IMAD.WIDE R14, R17, 0x4, R10 ;                       /* 0x00000004110ee825 */
                                                                                        /* 0x001fe200078e020a */
        /*1760*/                   IADD.64 R16, R6, R12 ;                               /* 0x0000000c06107235 */
                                                                                        /* 0x000fe400078e0200 */
        /*1770*/                   IADD R10, R3, 0x3 ;                                  /* 0x00000003030a7835 */
                                                                                        /* 0x000fe200078e0000 */
        /*1780*/                   IADD R12, R12, UR13 ;                                /* 0x0000000d0c0c7c35 */
                                                                                        /* 0x000fc6000f8e0000 */
        /*1790*/              @!P5 STG.E desc[UR16][R8.64+0xc], R24 ;                   /* 0x00000c180800d986 */
                                                                                        /* 0x0001e2000c101910 */
        /*17a0*/                   ISETP.GE.OR P5, PT, R18, UR12, P3 ;                  /* 0x0000000c12007c0c */
                                                                                        /* 0x000fe20009fa6670 */
        /*17b0*/                   ISETP.GE.OR P0, PT, R10, UR12, P0 ;                  /* 0x0000000c0a007c0c */
                                                                                        /* 0x000fe20008706670 */
        /*17c0*/                   SHF.R.S32.HI R13, RZ, 0x1f, R12 ;                    /* 0x0000001fff0d7819 */
                                                                                        /* 0x000fe2000001140c */
        /*17d0*/              @!P6 STG.E desc[UR16][R14.64], R26 ;                      /* 0x0000001a0e00e986 */
                                                                                        /* 0x0005e2000c101910 */
        /*17e0*/                   LEA R2, P6, R16, UR8, 0x2 ;                          /* 0x0000000810027c11 */
                                                                                        /* 0x002fe2000f8c10ff */
        /*17f0*/              @!P4 LDC.64 R4, c[0x0][0x390] ;                           /* 0x0000e400ff04cb82 */
                                                                                        /* 0x000e620000000a00 */
        /*1800*/              @!P4 IADD R11, R6, R12 ;                                  /* 0x0000000c060bc235 */
                                                                                        /* 0x000fe400078e0000 */
        /*1810*/                   LEA.HI.X R3, R16, UR9, R17, 0x2, P6 ;                /* 0x0000000910037c11 */
                                                                                        /* 0x000fe2000b0f1411 */
        /*1820*/                   ISETP.GE.OR P6, PT, R18, UR12, P2 ;                  /* 0x0000000c12007c0c */
                                                                                        /* 0x000fe200097c6670 */
        /*1830*/                   IADD R16, R12, UR13 ;                                /* 0x0000000d0c107c35 */
                                                                                        /* 0x000fc6000f8e0000 */
        /*1840*/              @!P5 STG.E desc[UR16][R2.64+0x4], R28 ;                   /* 0x0000041c0200d986 */
                                                                                        /* 0x000fe2000c101910 */
        /*1850*/                   ISETP.GE.OR P5, PT, R18, UR12, P1 ;                  /* 0x0000000c12007c0c */
                                                                                        /* 0x000fe20008fa6670 */
        /*1860*/              @!P0 LDC.64 R8, c[0x0][0x390] ;                           /* 0x0000e400ff088b82 */
                                                                                        /* 0x001e220000000a00 */
        /*1870*/                   IADD.64 R14, R6, R12 ;                               /* 0x0000000c060e7235 */
                                                                                        /* 0x004fc600078e0200 */
        /*1880*/                   SHF.R.S32.HI R17, RZ, 0x1f, R16 ;                    /* 0x0000001fff117819 */
                                                                                        /* 0x000fc60000011410 */
        /*1890*/              @!P6 STG.E desc[UR16][R2.64+0x8], R25 ;                   /* 0x000008190200e986 */
                                                                                        /* 0x000fe2000c101910 */
        /*18a0*/                   LEA R12, P6, R14, UR8, 0x2 ;                         /* 0x000000080e0c7c11 */
                                                                                        /* 0x000fc8000f8c10ff */
        /*18b0*/              @!P5 STG.E desc[UR16][R2.64+0xc], R30 ;                   /* 0x00000c1e0200d986 */
                                                                                        /* 0x0005e2000c101910 */
        /*18c0*/                   ISETP.GE.OR P5, PT, R0, UR12, P3 ;                   /* 0x0000000c00007c0c */
                                                                                        /* 0x000fe20009fa6670 */
        /*18d0*/              @!P4 IMAD.WIDE R4, R11, 0x4, R4 ;                         /* 0x000000040b04c825 */
                                                                                        /* 0x002fe200078e0204 */
        /*18e0*/                   LEA.HI.X R13, R14, UR9, R15, 0x2, P6 ;               /* 0x000000090e0d7c11 */
                                                                                        /* 0x000fe2000b0f140f */
        /*18f0*/                   ISETP.GE.OR P6, PT, R0, UR12, P1 ;                   /* 0x0000000c00007c0c */
                                                                                        /* 0x000fe20008fc6670 */
        /*1900*/              @!P0 IADD R11, R6, R16.reuse ;                            /* 0x00000010060b8235 */
                                                                                        /* 0x080fe400078e0000 */
        /*1910*/              @!P4 STG.E desc[UR16][R4.64], R27 ;                       /* 0x0000001b0400c986 */
                                                                                        /* 0x0003e2000c101910 */
        /*1920*/                   ISETP.GE.OR P4, PT, R0, UR12, P2 ;                   /* 0x0000000c00007c0c */
                                                                                        /* 0x000fe20009786670 */
        /*1930*/                   IADD.64 R6, R6, R16 ;                                /* 0x0000001006067235 */
                                                                                        /* 0x000fe400078e0200 */
        /*1940*/                   ISETP.GE.OR P3, PT, R10.reuse, UR12, P3 ;            /* 0x0000000c0a007c0c */
                                                                                        /* 0x040fe20009f66670 */
        /*1950*/                   ISETP.GE.OR P2, PT, R10.reuse, UR12, P2 ;            /* 0x0000000c0a007c0c */
                                                                                        /* 0x040fe20009746670 */
        /*1960*/                   ISETP.GE.OR P1, PT, R10, UR12, P1 ;                  /* 0x0000000c0a007c0c */
                                                                                        /* 0x000fe20008f26670 */
        /*1970*/              @!P5 STG.E desc[UR16][R12.64+0x4], R32 ;                  /* 0x000004200c00d986 */
                                                                                        /* 0x0003e2000c101910 */
        /*1980*/                   LEA R2, P5, R6, UR8, 0x2 ;                           /* 0x0000000806027c11 */
                                                                                        /* 0x004fe2000f8a10ff */
        /*1990*/              @!P0 IMAD.WIDE R8, R11, 0x4, R8 ;                         /* 0x000000040b088825 */
                                                                                        /* 0x001fc400078e0208 */
        /*19a0*/              @!P6 STG.E desc[UR16][R12.64+0xc], R34 ;                  /* 0x00000c220c00e986 */
                                                                                        /* 0x0003e2000c101910 */
        /*19b0*/                   LEA.HI.X R3, R6, UR9, R7, 0x2, P5 ;                  /* 0x0000000906037c11 */
                                                                                        /* 0x000fc6000a8f1407 */
        /*19c0*/              @!P4 STG.E desc[UR16][R12.64+0x8], R29 ;                  /* 0x0000081d0c00c986 */
                                                                                        /* 0x0003e8000c101910 */
        /*19d0*/              @!P0 STG.E desc[UR16][R8.64], R36 ;                       /* 0x0000002408008986 */
                                                                                        /* 0x0003e8000c101910 */
        /*19e0*/              @!P3 STG.E desc[UR16][R2.64+0x4], R38 ;                   /* 0x000004260200b986 */
                                                                                        /* 0x0003e8000c101910 */
        /*19f0*/              @!P2 STG.E desc[UR16][R2.64+0x8], R31 ;                   /* 0x0000081f0200a986 */
                                                                                        /* 0x0003e2000c101910 */
        /*1a00*/               @P1 EXIT ;                                               /* 0x000000000000194d */
                                                                                        /* 0x000fea0003800000 */
        /*1a10*/                   STG.E desc[UR16][R2.64+0xc], R40 ;                   /* 0x00000c2802007986 */
                                                                                        /* 0x000fe2000c101910 */
        /*1a20*/                   EXIT ;                                               /* 0x000000000000794d */
                                                                                        /* 0x000fea0003800000 */
        /*1a30*/                   BRA 0x1a30;                                          /* 0xfffffffc00fc7947 */
                                                                                        /* 0x000fc0000383ffff */
        /*1a40*/                   NOP;                                                 /* 0x0000000000007918 */
                                                                                        /* 0x000fc00000000000 */
        /*1a50*/                   NOP;                                                 /* 0x0000000000007918 */
                                                                                        /* 0x000fc00000000000 */
        /*1a60*/                   NOP;                                                 /* 0x0000000000007918 */
                                                                                        /* 0x000fc00000000000 */
        /*1a70*/                   NOP;                                                 /* 0x0000000000007918 */
                                                                                        /* 0x000fc00000000000 */
        /*1a80*/                   NOP;                                                 /* 0x0000000000007918 */
                                                                                        /* 0x000fc00000000000 */
        /*1a90*/                   NOP;                                                 /* 0x0000000000007918 */
                                                                                        /* 0x000fc00000000000 */
        /*1aa0*/                   NOP;                                                 /* 0x0000000000007918 */
                                                                                        /* 0x000fc00000000000 */
        /*1ab0*/                   NOP;                                                 /* 0x0000000000007918 */
                                                                                        /* 0x000fc00000000000 */
        /*1ac0*/                   NOP;                                                 /* 0x0000000000007918 */
                                                                                        /* 0x000fc00000000000 */
        /*1ad0*/                   NOP;                                                 /* 0x0000000000007918 */
                                                                                        /* 0x000fc00000000000 */
        /*1ae0*/                   NOP;                                                 /* 0x0000000000007918 */
                                                                                        /* 0x000fc00000000000 */
        /*1af0*/                   NOP;                                                 /* 0x0000000000007918 */
                                                                                        /* 0x000fc00000000000 */
		..........



Fatbin ptx code:
================
arch = sm_120
code version = [9,3]
host = windows
compile_size = 64bit
compressed
identifier = S:/kernel-lane/kernels/src/register_tiled_gemm_TMA_B_pipeline.cu
ptxasOptions = -v --generate-line-info 
